#
# There is insufficient memory for the Java Runtime Environment to continue.
# Native memory allocation (mmap) failed to map 42729472 bytes for G1 virtual space
# Possible reasons:
#   The system is out of physical RAM or swap space
#   The process is running with CompressedOops enabled, and the Java Heap may be blocking the growth of the native heap
# Possible solutions:
#   Reduce memory load on the system
#   Increase physical memory or swap space
#   Check if swap backing store is full
#   Decrease Java heap size (-Xmx/-Xms)
#   Decrease number of Java threads
#   Decrease Java thread stack sizes (-Xss)
#   Set larger code cache with -XX:ReservedCodeCacheSize=
#   JVM is running with Zero Based Compressed Oops mode in which the Java heap is
#     placed in the first 32GB address space. The Java Heap base address is the
#     maximum limit for the native heap growth. Please use -XX:HeapBaseMinAddress
#     to set the Java Heap base and to place the Java Heap above 32GB virtual address.
# This output file may be truncated or incomplete.
#
#  Out of Memory Error (os_windows.cpp:3600), pid=17584, tid=119136
#
# JRE version: Java(TM) SE Runtime Environment (21.0.5+9) (build 21.0.5+9-LTS-239)
# Java VM: Java HotSpot(TM) 64-Bit Server VM (21.0.5+9-LTS-239, mixed mode, sharing, tiered, compressed oops, compressed class ptrs, g1 gc, windows-amd64)
# No core dump will be written. Minidumps are not enabled by default on client versions of Windows
#

---------------  S U M M A R Y ------------

Command Line: -Xmx16g -Xms4g -javaagent:C:\Software\IntelliJ IDEA 2020.3.4\lib\idea_rt.jar=55253:C:\Software\IntelliJ IDEA 2020.3.4\bin -Dfile.encoding=UTF-8 com.zlw.stroke.getexpression.H5ToBinaryConverterMemoryMapped -Xmx8g

Host: 12th Gen Intel(R) Core(TM) i9-12900H, 20 cores, 15G,  Windows 11 , 64 bit Build 26100 (10.0.26100.6725)
Time: Fri Dec 12 00:23:00 2025  Windows 11 , 64 bit Build 26100 (10.0.26100.6725) elapsed time: 30.623071 seconds (0d 0h 0m 30s)

---------------  T H R E A D  ---------------

Current thread (0x00000209f1c872e0):  VMThread "VM Thread"          [id=119136, stack(0x0000003a62000000,0x0000003a62100000) (1024K)]

Stack: [0x0000003a62000000,0x0000003a62100000]
Native frames: (J=compiled Java code, j=interpreted, Vv=VM code, C=native code)
V  [jvm.dll+0x6ca289]
V  [jvm.dll+0x854a51]
V  [jvm.dll+0x856f7e]
V  [jvm.dll+0x857653]
V  [jvm.dll+0x27dd26]
V  [jvm.dll+0x6c6a25]
V  [jvm.dll+0x6bb5aa]
V  [jvm.dll+0x35359a]
V  [jvm.dll+0x35b1f6]
V  [jvm.dll+0x3adaf3]
V  [jvm.dll+0x3add88]
V  [jvm.dll+0x3278fc]
V  [jvm.dll+0x327987]
V  [jvm.dll+0x36c26c]
V  [jvm.dll+0x36aabe]
V  [jvm.dll+0x3270c1]
V  [jvm.dll+0x36a1da]
V  [jvm.dll+0x85d420]
V  [jvm.dll+0x85e7a4]
V  [jvm.dll+0x85ece0]
V  [jvm.dll+0x85ef83]
V  [jvm.dll+0x7fee9b]
V  [jvm.dll+0x6c896d]
C  [ucrtbase.dll+0x37b0]
C  [KERNEL32.DLL+0x2e8d7]
C  [ntdll.dll+0x8c53c]

VM_Operation (0x0000003a619ff1c0): G1CollectForAllocation, mode: safepoint, requested by thread 0x00000209c2894550


---------------  P R O C E S S  ---------------

Threads class SMR info:
_java_thread_list=0x0000020a375618a0, length=12, elements={
0x00000209c2894550, 0x00000209f1ca7ab0, 0x00000209f1ca8700, 0x00000209f1cad270,
0x00000209f1cadcc0, 0x00000209f1cae840, 0x00000209f1caf3c0, 0x00000209f1cb05d0,
0x00000209f1cb1060, 0x00000209f1e1ad80, 0x0000020a372bbea0, 0x0000020a372bc500
}

Java Threads: ( => current thread )
  0x00000209c2894550 JavaThread "main"                              [_thread_blocked, id=107364, stack(0x0000003a61900000,0x0000003a61a00000) (1024K)]
  0x00000209f1ca7ab0 JavaThread "Reference Handler"          daemon [_thread_blocked, id=59384, stack(0x0000003a62100000,0x0000003a62200000) (1024K)]
  0x00000209f1ca8700 JavaThread "Finalizer"                  daemon [_thread_blocked, id=123876, stack(0x0000003a62200000,0x0000003a62300000) (1024K)]
  0x00000209f1cad270 JavaThread "Signal Dispatcher"          daemon [_thread_blocked, id=123792, stack(0x0000003a62300000,0x0000003a62400000) (1024K)]
  0x00000209f1cadcc0 JavaThread "Attach Listener"            daemon [_thread_blocked, id=5212, stack(0x0000003a62400000,0x0000003a62500000) (1024K)]
  0x00000209f1cae840 JavaThread "Service Thread"             daemon [_thread_blocked, id=93964, stack(0x0000003a62500000,0x0000003a62600000) (1024K)]
  0x00000209f1caf3c0 JavaThread "Monitor Deflation Thread"   daemon [_thread_blocked, id=122708, stack(0x0000003a62600000,0x0000003a62700000) (1024K)]
  0x00000209f1cb05d0 JavaThread "C2 CompilerThread0"         daemon [_thread_blocked, id=122556, stack(0x0000003a62700000,0x0000003a62800000) (1024K)]
  0x00000209f1cb1060 JavaThread "C1 CompilerThread0"         daemon [_thread_blocked, id=117832, stack(0x0000003a62800000,0x0000003a62900000) (1024K)]
  0x00000209f1e1ad80 JavaThread "Common-Cleaner"             daemon [_thread_blocked, id=111276, stack(0x0000003a62a00000,0x0000003a62b00000) (1024K)]
  0x0000020a372bbea0 JavaThread "Monitor Ctrl-Break"         daemon [_thread_in_native, id=117012, stack(0x0000003a62d00000,0x0000003a62e00000) (1024K)]
  0x0000020a372bc500 JavaThread "Notification Thread"        daemon [_thread_blocked, id=123604, stack(0x0000003a62e00000,0x0000003a62f00000) (1024K)]
Total: 12

Other Threads:
=>0x00000209f1c872e0 VMThread "VM Thread"                           [id=119136, stack(0x0000003a62000000,0x0000003a62100000) (1024K)]
  0x00000209f1c77640 WatcherThread "VM Periodic Task Thread"        [id=119936, stack(0x0000003a61f00000,0x0000003a62000000) (1024K)]
  0x00000209ee911120 WorkerThread "GC Thread#0"                     [id=118960, stack(0x0000003a61a00000,0x0000003a61b00000) (1024K)]
  0x0000020a371521b0 WorkerThread "GC Thread#1"                     [id=120108, stack(0x0000003a62b00000,0x0000003a62c00000) (1024K)]
  0x0000020a375e80f0 WorkerThread "GC Thread#2"                     [id=119260, stack(0x0000003a62c00000,0x0000003a62d00000) (1024K)]
  0x0000020a3779f330 WorkerThread "GC Thread#3"                     [id=116832, stack(0x0000003a63100000,0x0000003a63200000) (1024K)]
  0x0000020a3779f6d0 WorkerThread "GC Thread#4"                     [id=104848, stack(0x0000003a63200000,0x0000003a63300000) (1024K)]
  0x0000020a3779fa70 WorkerThread "GC Thread#5"                     [id=121432, stack(0x0000003a63300000,0x0000003a63400000) (1024K)]
  0x0000020a37607b20 WorkerThread "GC Thread#6"                     [id=114060, stack(0x0000003a63400000,0x0000003a63500000) (1024K)]
  0x0000020a37607ec0 WorkerThread "GC Thread#7"                     [id=121168, stack(0x0000003a63500000,0x0000003a63600000) (1024K)]
  0x0000020a37608260 WorkerThread "GC Thread#8"                     [id=123756, stack(0x0000003a63600000,0x0000003a63700000) (1024K)]
  0x0000020a375fd330 WorkerThread "GC Thread#9"                     [id=54260, stack(0x0000003a63700000,0x0000003a63800000) (1024K)]
  0x0000020a377f6390 WorkerThread "GC Thread#10"                    [id=99948, stack(0x0000003a63800000,0x0000003a63900000) (1024K)]
  0x0000020a377f4dd0 WorkerThread "GC Thread#11"                    [id=119772, stack(0x0000003a63900000,0x0000003a63a00000) (1024K)]
  0x0000020a377f58b0 WorkerThread "GC Thread#12"                    [id=112172, stack(0x0000003a63a00000,0x0000003a63b00000) (1024K)]
  0x0000020a377f4a30 WorkerThread "GC Thread#13"                    [id=122852, stack(0x0000003a63b00000,0x0000003a63c00000) (1024K)]
  0x0000020a377f5c50 WorkerThread "GC Thread#14"                    [id=101688, stack(0x0000003a63c00000,0x0000003a63d00000) (1024K)]
  0x00000209ee915ea0 ConcurrentGCThread "G1 Main Marker"            [id=17864, stack(0x0000003a61b00000,0x0000003a61c00000) (1024K)]
  0x00000209c294d580 WorkerThread "G1 Conc#0"                       [id=109640, stack(0x0000003a61c00000,0x0000003a61d00000) (1024K)]
  0x0000020a377f5ff0 WorkerThread "G1 Conc#1"                       [id=114320, stack(0x0000003a62f00000,0x0000003a63000000) (1024K)]
  0x0000020a377f5170 WorkerThread "G1 Conc#2"                       [id=79204, stack(0x0000003a63000000,0x0000003a63100000) (1024K)]
  0x0000020a377f5510 WorkerThread "G1 Conc#3"                       [id=118856, stack(0x0000003a63d00000,0x0000003a63e00000) (1024K)]
  0x00000209eeace570 ConcurrentGCThread "G1 Refine#0"               [id=119528, stack(0x0000003a61d00000,0x0000003a61e00000) (1024K)]
  0x00000209f1b3f050 ConcurrentGCThread "G1 Service"                [id=122252, stack(0x0000003a61e00000,0x0000003a61f00000) (1024K)]
Total: 24

Threads with active compile tasks:
Total: 0

VM state: at safepoint (normal execution)

VM Mutex/Monitor currently owned by a thread:  ([mutex/lock_event])
[0x00007ffd8c8fbe98] Threads_lock - owner thread: 0x00000209f1c872e0
[0x00007ffd8c8fbf98] Heap_lock - owner thread: 0x00000209c2894550

Heap address: 0x0000000400000000, size: 16384 MB, Compressed Oops mode: Zero based, Oop shift amount: 3

CDS archive(s) mapped at: [0x00000209f2000000-0x00000209f2c90000-0x00000209f2c90000), size 13172736, SharedBaseAddress: 0x00000209f2000000, ArchiveRelocationMode: 1.
Compressed class space mapped at: 0x00000209f3000000-0x0000020a33000000, reserved size: 1073741824
Narrow klass base: 0x00000209f2000000, Narrow klass shift: 0, Narrow klass range: 0x100000000

GC Precious Log:
 CardTable entry size: 512
 Card Set container configuration: InlinePtr #cards 4 size 8 Array Of Cards #cards 64 size 144 Howl #buckets 8 coarsen threshold 14745 Howl Bitmap #cards 2048 size 272 coarsen threshold 1843 Card regions per heap region 1 cards per card region 16384
 CPUs: 20 total, 20 available
 Memory: 16108M
 Large Page Support: Disabled
 NUMA Support: Disabled
 Compressed Oops: Enabled (Zero based)
 Heap Region Size: 8M
 Heap Min Capacity: 4G
 Heap Initial Capacity: 4G
 Heap Max Capacity: 16G
 Pre-touch: Disabled
 Parallel Workers: 15
 Concurrent Workers: 4
 Concurrent Refinement Workers: 15
 Periodic GC: Disabled

Heap:
 garbage-first heap   total 9723904K, used 4210688K [0x0000000400000000, 0x0000000800000000)
  region size 8192K, 8 young (65536K), 8 survivors (65536K)
 Metaspace       used 3849K, committed 4032K, reserved 1114112K
  class space    used 352K, committed 448K, reserved 1048576K

Heap Regions: E=young(eden), S=young(survivor), O=old, HS=humongous(starts), HC=humongous(continues), CS=collection set, F=free, TAMS=top-at-mark-start, PB=parsable bottom
|   0|0x0000000400000000, 0x0000000400800000, 0x0000000400800000|100%|HS|  |TAMS 0x0000000400000000| PB 0x0000000400000000| Complete 
|   1|0x0000000400800000, 0x0000000401000000, 0x0000000401000000|100%|HC|  |TAMS 0x0000000400800000| PB 0x0000000400800000| Complete 
|   2|0x0000000401000000, 0x0000000401800000, 0x0000000401800000|100%|HC|  |TAMS 0x0000000401000000| PB 0x0000000401000000| Complete 
|   3|0x0000000401800000, 0x0000000402000000, 0x0000000402000000|100%|HC|  |TAMS 0x0000000401800000| PB 0x0000000401800000| Complete 
|   4|0x0000000402000000, 0x0000000402800000, 0x0000000402800000|100%|HC|  |TAMS 0x0000000402000000| PB 0x0000000402000000| Complete 
|   5|0x0000000402800000, 0x0000000403000000, 0x0000000403000000|100%|HC|  |TAMS 0x0000000402800000| PB 0x0000000402800000| Complete 
|   6|0x0000000403000000, 0x0000000403800000, 0x0000000403800000|100%|HC|  |TAMS 0x0000000403000000| PB 0x0000000403000000| Complete 
|   7|0x0000000403800000, 0x0000000404000000, 0x0000000404000000|100%|HC|  |TAMS 0x0000000403800000| PB 0x0000000403800000| Complete 
|   8|0x0000000404000000, 0x0000000404800000, 0x0000000404800000|100%|HC|  |TAMS 0x0000000404000000| PB 0x0000000404000000| Complete 
|   9|0x0000000404800000, 0x0000000405000000, 0x0000000405000000|100%|HC|  |TAMS 0x0000000404800000| PB 0x0000000404800000| Complete 
|  10|0x0000000405000000, 0x0000000405800000, 0x0000000405800000|100%|HC|  |TAMS 0x0000000405000000| PB 0x0000000405000000| Complete 
|  11|0x0000000405800000, 0x0000000406000000, 0x0000000406000000|100%|HC|  |TAMS 0x0000000405800000| PB 0x0000000405800000| Complete 
|  12|0x0000000406000000, 0x0000000406800000, 0x0000000406800000|100%|HC|  |TAMS 0x0000000406000000| PB 0x0000000406000000| Complete 
|  13|0x0000000406800000, 0x0000000407000000, 0x0000000407000000|100%|HC|  |TAMS 0x0000000406800000| PB 0x0000000406800000| Complete 
|  14|0x0000000407000000, 0x0000000407800000, 0x0000000407800000|100%|HC|  |TAMS 0x0000000407000000| PB 0x0000000407000000| Complete 
|  15|0x0000000407800000, 0x0000000408000000, 0x0000000408000000|100%|HC|  |TAMS 0x0000000407800000| PB 0x0000000407800000| Complete 
|  16|0x0000000408000000, 0x0000000408800000, 0x0000000408800000|100%|HC|  |TAMS 0x0000000408000000| PB 0x0000000408000000| Complete 
|  17|0x0000000408800000, 0x0000000409000000, 0x0000000409000000|100%|HC|  |TAMS 0x0000000408800000| PB 0x0000000408800000| Complete 
|  18|0x0000000409000000, 0x0000000409800000, 0x0000000409800000|100%|HC|  |TAMS 0x0000000409000000| PB 0x0000000409000000| Complete 
|  19|0x0000000409800000, 0x000000040a000000, 0x000000040a000000|100%|HC|  |TAMS 0x0000000409800000| PB 0x0000000409800000| Complete 
|  20|0x000000040a000000, 0x000000040a800000, 0x000000040a800000|100%|HC|  |TAMS 0x000000040a000000| PB 0x000000040a000000| Complete 
|  21|0x000000040a800000, 0x000000040b000000, 0x000000040b000000|100%|HC|  |TAMS 0x000000040a800000| PB 0x000000040a800000| Complete 
|  22|0x000000040b000000, 0x000000040b800000, 0x000000040b800000|100%|HC|  |TAMS 0x000000040b000000| PB 0x000000040b000000| Complete 
|  23|0x000000040b800000, 0x000000040c000000, 0x000000040c000000|100%|HC|  |TAMS 0x000000040b800000| PB 0x000000040b800000| Complete 
|  24|0x000000040c000000, 0x000000040c800000, 0x000000040c800000|100%|HC|  |TAMS 0x000000040c000000| PB 0x000000040c000000| Complete 
|  25|0x000000040c800000, 0x000000040d000000, 0x000000040d000000|100%|HC|  |TAMS 0x000000040c800000| PB 0x000000040c800000| Complete 
|  26|0x000000040d000000, 0x000000040d800000, 0x000000040d800000|100%|HC|  |TAMS 0x000000040d000000| PB 0x000000040d000000| Complete 
|  27|0x000000040d800000, 0x000000040e000000, 0x000000040e000000|100%|HC|  |TAMS 0x000000040d800000| PB 0x000000040d800000| Complete 
|  28|0x000000040e000000, 0x000000040e800000, 0x000000040e800000|100%|HC|  |TAMS 0x000000040e000000| PB 0x000000040e000000| Complete 
|  29|0x000000040e800000, 0x000000040f000000, 0x000000040f000000|100%|HC|  |TAMS 0x000000040e800000| PB 0x000000040e800000| Complete 
|  30|0x000000040f000000, 0x000000040f800000, 0x000000040f800000|100%|HC|  |TAMS 0x000000040f000000| PB 0x000000040f000000| Complete 
|  31|0x000000040f800000, 0x0000000410000000, 0x0000000410000000|100%|HC|  |TAMS 0x000000040f800000| PB 0x000000040f800000| Complete 
|  32|0x0000000410000000, 0x0000000410800000, 0x0000000410800000|100%|HC|  |TAMS 0x0000000410000000| PB 0x0000000410000000| Complete 
|  33|0x0000000410800000, 0x0000000411000000, 0x0000000411000000|100%|HC|  |TAMS 0x0000000410800000| PB 0x0000000410800000| Complete 
|  34|0x0000000411000000, 0x0000000411800000, 0x0000000411800000|100%|HC|  |TAMS 0x0000000411000000| PB 0x0000000411000000| Complete 
|  35|0x0000000411800000, 0x0000000412000000, 0x0000000412000000|100%|HC|  |TAMS 0x0000000411800000| PB 0x0000000411800000| Complete 
|  36|0x0000000412000000, 0x0000000412800000, 0x0000000412800000|100%|HC|  |TAMS 0x0000000412000000| PB 0x0000000412000000| Complete 
|  37|0x0000000412800000, 0x0000000413000000, 0x0000000413000000|100%|HC|  |TAMS 0x0000000412800000| PB 0x0000000412800000| Complete 
|  38|0x0000000413000000, 0x0000000413800000, 0x0000000413800000|100%|HC|  |TAMS 0x0000000413000000| PB 0x0000000413000000| Complete 
|  39|0x0000000413800000, 0x0000000414000000, 0x0000000414000000|100%|HC|  |TAMS 0x0000000413800000| PB 0x0000000413800000| Complete 
|  40|0x0000000414000000, 0x0000000414800000, 0x0000000414800000|100%|HC|  |TAMS 0x0000000414000000| PB 0x0000000414000000| Complete 
|  41|0x0000000414800000, 0x0000000415000000, 0x0000000415000000|100%|HC|  |TAMS 0x0000000414800000| PB 0x0000000414800000| Complete 
|  42|0x0000000415000000, 0x0000000415800000, 0x0000000415800000|100%|HC|  |TAMS 0x0000000415000000| PB 0x0000000415000000| Complete 
|  43|0x0000000415800000, 0x0000000416000000, 0x0000000416000000|100%|HC|  |TAMS 0x0000000415800000| PB 0x0000000415800000| Complete 
|  44|0x0000000416000000, 0x0000000416800000, 0x0000000416800000|100%|HC|  |TAMS 0x0000000416000000| PB 0x0000000416000000| Complete 
|  45|0x0000000416800000, 0x0000000417000000, 0x0000000417000000|100%|HC|  |TAMS 0x0000000416800000| PB 0x0000000416800000| Complete 
|  46|0x0000000417000000, 0x0000000417800000, 0x0000000417800000|100%|HC|  |TAMS 0x0000000417000000| PB 0x0000000417000000| Complete 
|  47|0x0000000417800000, 0x0000000418000000, 0x0000000418000000|100%|HC|  |TAMS 0x0000000417800000| PB 0x0000000417800000| Complete 
|  48|0x0000000418000000, 0x0000000418800000, 0x0000000418800000|100%|HC|  |TAMS 0x0000000418000000| PB 0x0000000418000000| Complete 
|  49|0x0000000418800000, 0x0000000419000000, 0x0000000419000000|100%|HC|  |TAMS 0x0000000418800000| PB 0x0000000418800000| Complete 
|  50|0x0000000419000000, 0x0000000419800000, 0x0000000419800000|100%|HC|  |TAMS 0x0000000419000000| PB 0x0000000419000000| Complete 
|  51|0x0000000419800000, 0x000000041a000000, 0x000000041a000000|100%|HC|  |TAMS 0x0000000419800000| PB 0x0000000419800000| Complete 
|  52|0x000000041a000000, 0x000000041a800000, 0x000000041a800000|100%|HC|  |TAMS 0x000000041a000000| PB 0x000000041a000000| Complete 
|  53|0x000000041a800000, 0x000000041b000000, 0x000000041b000000|100%|HC|  |TAMS 0x000000041a800000| PB 0x000000041a800000| Complete 
|  54|0x000000041b000000, 0x000000041b800000, 0x000000041b800000|100%|HC|  |TAMS 0x000000041b000000| PB 0x000000041b000000| Complete 
|  55|0x000000041b800000, 0x000000041c000000, 0x000000041c000000|100%|HC|  |TAMS 0x000000041b800000| PB 0x000000041b800000| Complete 
|  56|0x000000041c000000, 0x000000041c800000, 0x000000041c800000|100%|HC|  |TAMS 0x000000041c000000| PB 0x000000041c000000| Complete 
|  57|0x000000041c800000, 0x000000041d000000, 0x000000041d000000|100%|HC|  |TAMS 0x000000041c800000| PB 0x000000041c800000| Complete 
|  58|0x000000041d000000, 0x000000041d800000, 0x000000041d800000|100%|HC|  |TAMS 0x000000041d000000| PB 0x000000041d000000| Complete 
|  59|0x000000041d800000, 0x000000041e000000, 0x000000041e000000|100%|HC|  |TAMS 0x000000041d800000| PB 0x000000041d800000| Complete 
|  60|0x000000041e000000, 0x000000041e800000, 0x000000041e800000|100%|HC|  |TAMS 0x000000041e000000| PB 0x000000041e000000| Complete 
|  61|0x000000041e800000, 0x000000041f000000, 0x000000041f000000|100%|HC|  |TAMS 0x000000041e800000| PB 0x000000041e800000| Complete 
|  62|0x000000041f000000, 0x000000041f800000, 0x000000041f800000|100%|HC|  |TAMS 0x000000041f000000| PB 0x000000041f000000| Complete 
|  63|0x000000041f800000, 0x0000000420000000, 0x0000000420000000|100%|HC|  |TAMS 0x000000041f800000| PB 0x000000041f800000| Complete 
|  64|0x0000000420000000, 0x0000000420800000, 0x0000000420800000|100%|HC|  |TAMS 0x0000000420000000| PB 0x0000000420000000| Complete 
|  65|0x0000000420800000, 0x0000000421000000, 0x0000000421000000|100%|HC|  |TAMS 0x0000000420800000| PB 0x0000000420800000| Complete 
|  66|0x0000000421000000, 0x0000000421800000, 0x0000000421800000|100%|HC|  |TAMS 0x0000000421000000| PB 0x0000000421000000| Complete 
|  67|0x0000000421800000, 0x0000000422000000, 0x0000000422000000|100%|HC|  |TAMS 0x0000000421800000| PB 0x0000000421800000| Complete 
|  68|0x0000000422000000, 0x0000000422800000, 0x0000000422800000|100%|HC|  |TAMS 0x0000000422000000| PB 0x0000000422000000| Complete 
|  69|0x0000000422800000, 0x0000000423000000, 0x0000000423000000|100%|HC|  |TAMS 0x0000000422800000| PB 0x0000000422800000| Complete 
|  70|0x0000000423000000, 0x0000000423800000, 0x0000000423800000|100%|HC|  |TAMS 0x0000000423000000| PB 0x0000000423000000| Complete 
|  71|0x0000000423800000, 0x0000000424000000, 0x0000000424000000|100%|HC|  |TAMS 0x0000000423800000| PB 0x0000000423800000| Complete 
|  72|0x0000000424000000, 0x0000000424800000, 0x0000000424800000|100%|HC|  |TAMS 0x0000000424000000| PB 0x0000000424000000| Complete 
|  73|0x0000000424800000, 0x0000000425000000, 0x0000000425000000|100%|HC|  |TAMS 0x0000000424800000| PB 0x0000000424800000| Complete 
|  74|0x0000000425000000, 0x0000000425800000, 0x0000000425800000|100%|HC|  |TAMS 0x0000000425000000| PB 0x0000000425000000| Complete 
|  75|0x0000000425800000, 0x0000000426000000, 0x0000000426000000|100%|HC|  |TAMS 0x0000000425800000| PB 0x0000000425800000| Complete 
|  76|0x0000000426000000, 0x0000000426800000, 0x0000000426800000|100%|HC|  |TAMS 0x0000000426000000| PB 0x0000000426000000| Complete 
|  77|0x0000000426800000, 0x0000000427000000, 0x0000000427000000|100%|HC|  |TAMS 0x0000000426800000| PB 0x0000000426800000| Complete 
|  78|0x0000000427000000, 0x0000000427800000, 0x0000000427800000|100%|HC|  |TAMS 0x0000000427000000| PB 0x0000000427000000| Complete 
|  79|0x0000000427800000, 0x0000000428000000, 0x0000000428000000|100%|HC|  |TAMS 0x0000000427800000| PB 0x0000000427800000| Complete 
|  80|0x0000000428000000, 0x0000000428800000, 0x0000000428800000|100%|HC|  |TAMS 0x0000000428000000| PB 0x0000000428000000| Complete 
|  81|0x0000000428800000, 0x0000000429000000, 0x0000000429000000|100%|HC|  |TAMS 0x0000000428800000| PB 0x0000000428800000| Complete 
|  82|0x0000000429000000, 0x0000000429800000, 0x0000000429800000|100%|HC|  |TAMS 0x0000000429000000| PB 0x0000000429000000| Complete 
|  83|0x0000000429800000, 0x000000042a000000, 0x000000042a000000|100%|HC|  |TAMS 0x0000000429800000| PB 0x0000000429800000| Complete 
|  84|0x000000042a000000, 0x000000042a800000, 0x000000042a800000|100%|HC|  |TAMS 0x000000042a000000| PB 0x000000042a000000| Complete 
|  85|0x000000042a800000, 0x000000042b000000, 0x000000042b000000|100%|HC|  |TAMS 0x000000042a800000| PB 0x000000042a800000| Complete 
|  86|0x000000042b000000, 0x000000042b800000, 0x000000042b800000|100%|HC|  |TAMS 0x000000042b000000| PB 0x000000042b000000| Complete 
|  87|0x000000042b800000, 0x000000042c000000, 0x000000042c000000|100%|HC|  |TAMS 0x000000042b800000| PB 0x000000042b800000| Complete 
|  88|0x000000042c000000, 0x000000042c800000, 0x000000042c800000|100%|HS|  |TAMS 0x000000042c000000| PB 0x000000042c000000| Complete 
|  89|0x000000042c800000, 0x000000042d000000, 0x000000042d000000|100%|HC|  |TAMS 0x000000042c800000| PB 0x000000042c800000| Complete 
|  90|0x000000042d000000, 0x000000042d800000, 0x000000042d800000|100%|HC|  |TAMS 0x000000042d000000| PB 0x000000042d000000| Complete 
|  91|0x000000042d800000, 0x000000042e000000, 0x000000042e000000|100%|HC|  |TAMS 0x000000042d800000| PB 0x000000042d800000| Complete 
|  92|0x000000042e000000, 0x000000042e800000, 0x000000042e800000|100%|HC|  |TAMS 0x000000042e000000| PB 0x000000042e000000| Complete 
|  93|0x000000042e800000, 0x000000042f000000, 0x000000042f000000|100%|HC|  |TAMS 0x000000042e800000| PB 0x000000042e800000| Complete 
|  94|0x000000042f000000, 0x000000042f800000, 0x000000042f800000|100%|HC|  |TAMS 0x000000042f000000| PB 0x000000042f000000| Complete 
|  95|0x000000042f800000, 0x0000000430000000, 0x0000000430000000|100%|HC|  |TAMS 0x000000042f800000| PB 0x000000042f800000| Complete 
|  96|0x0000000430000000, 0x0000000430800000, 0x0000000430800000|100%|HC|  |TAMS 0x0000000430000000| PB 0x0000000430000000| Complete 
|  97|0x0000000430800000, 0x0000000431000000, 0x0000000431000000|100%|HC|  |TAMS 0x0000000430800000| PB 0x0000000430800000| Complete 
|  98|0x0000000431000000, 0x0000000431800000, 0x0000000431800000|100%|HC|  |TAMS 0x0000000431000000| PB 0x0000000431000000| Complete 
|  99|0x0000000431800000, 0x0000000432000000, 0x0000000432000000|100%|HC|  |TAMS 0x0000000431800000| PB 0x0000000431800000| Complete 
| 100|0x0000000432000000, 0x0000000432800000, 0x0000000432800000|100%|HC|  |TAMS 0x0000000432000000| PB 0x0000000432000000| Complete 
| 101|0x0000000432800000, 0x0000000433000000, 0x0000000433000000|100%|HC|  |TAMS 0x0000000432800000| PB 0x0000000432800000| Complete 
| 102|0x0000000433000000, 0x0000000433800000, 0x0000000433800000|100%|HC|  |TAMS 0x0000000433000000| PB 0x0000000433000000| Complete 
| 103|0x0000000433800000, 0x0000000434000000, 0x0000000434000000|100%|HC|  |TAMS 0x0000000433800000| PB 0x0000000433800000| Complete 
| 104|0x0000000434000000, 0x0000000434800000, 0x0000000434800000|100%|HC|  |TAMS 0x0000000434000000| PB 0x0000000434000000| Complete 
| 105|0x0000000434800000, 0x0000000435000000, 0x0000000435000000|100%|HC|  |TAMS 0x0000000434800000| PB 0x0000000434800000| Complete 
| 106|0x0000000435000000, 0x0000000435800000, 0x0000000435800000|100%|HC|  |TAMS 0x0000000435000000| PB 0x0000000435000000| Complete 
| 107|0x0000000435800000, 0x0000000436000000, 0x0000000436000000|100%|HC|  |TAMS 0x0000000435800000| PB 0x0000000435800000| Complete 
| 108|0x0000000436000000, 0x0000000436800000, 0x0000000436800000|100%|HC|  |TAMS 0x0000000436000000| PB 0x0000000436000000| Complete 
| 109|0x0000000436800000, 0x0000000437000000, 0x0000000437000000|100%|HC|  |TAMS 0x0000000436800000| PB 0x0000000436800000| Complete 
| 110|0x0000000437000000, 0x0000000437800000, 0x0000000437800000|100%|HC|  |TAMS 0x0000000437000000| PB 0x0000000437000000| Complete 
| 111|0x0000000437800000, 0x0000000438000000, 0x0000000438000000|100%|HC|  |TAMS 0x0000000437800000| PB 0x0000000437800000| Complete 
| 112|0x0000000438000000, 0x0000000438800000, 0x0000000438800000|100%|HC|  |TAMS 0x0000000438000000| PB 0x0000000438000000| Complete 
| 113|0x0000000438800000, 0x0000000439000000, 0x0000000439000000|100%|HC|  |TAMS 0x0000000438800000| PB 0x0000000438800000| Complete 
| 114|0x0000000439000000, 0x0000000439800000, 0x0000000439800000|100%|HC|  |TAMS 0x0000000439000000| PB 0x0000000439000000| Complete 
| 115|0x0000000439800000, 0x000000043a000000, 0x000000043a000000|100%|HC|  |TAMS 0x0000000439800000| PB 0x0000000439800000| Complete 
| 116|0x000000043a000000, 0x000000043a800000, 0x000000043a800000|100%|HC|  |TAMS 0x000000043a000000| PB 0x000000043a000000| Complete 
| 117|0x000000043a800000, 0x000000043b000000, 0x000000043b000000|100%|HC|  |TAMS 0x000000043a800000| PB 0x000000043a800000| Complete 
| 118|0x000000043b000000, 0x000000043b800000, 0x000000043b800000|100%|HC|  |TAMS 0x000000043b000000| PB 0x000000043b000000| Complete 
| 119|0x000000043b800000, 0x000000043c000000, 0x000000043c000000|100%|HC|  |TAMS 0x000000043b800000| PB 0x000000043b800000| Complete 
| 120|0x000000043c000000, 0x000000043c800000, 0x000000043c800000|100%|HC|  |TAMS 0x000000043c000000| PB 0x000000043c000000| Complete 
| 121|0x000000043c800000, 0x000000043d000000, 0x000000043d000000|100%|HC|  |TAMS 0x000000043c800000| PB 0x000000043c800000| Complete 
| 122|0x000000043d000000, 0x000000043d800000, 0x000000043d800000|100%|HC|  |TAMS 0x000000043d000000| PB 0x000000043d000000| Complete 
| 123|0x000000043d800000, 0x000000043e000000, 0x000000043e000000|100%|HC|  |TAMS 0x000000043d800000| PB 0x000000043d800000| Complete 
| 124|0x000000043e000000, 0x000000043e800000, 0x000000043e800000|100%|HC|  |TAMS 0x000000043e000000| PB 0x000000043e000000| Complete 
| 125|0x000000043e800000, 0x000000043f000000, 0x000000043f000000|100%|HC|  |TAMS 0x000000043e800000| PB 0x000000043e800000| Complete 
| 126|0x000000043f000000, 0x000000043f800000, 0x000000043f800000|100%|HC|  |TAMS 0x000000043f000000| PB 0x000000043f000000| Complete 
| 127|0x000000043f800000, 0x0000000440000000, 0x0000000440000000|100%|HC|  |TAMS 0x000000043f800000| PB 0x000000043f800000| Complete 
| 128|0x0000000440000000, 0x0000000440800000, 0x0000000440800000|100%|HC|  |TAMS 0x0000000440000000| PB 0x0000000440000000| Complete 
| 129|0x0000000440800000, 0x0000000441000000, 0x0000000441000000|100%|HC|  |TAMS 0x0000000440800000| PB 0x0000000440800000| Complete 
| 130|0x0000000441000000, 0x0000000441800000, 0x0000000441800000|100%|HC|  |TAMS 0x0000000441000000| PB 0x0000000441000000| Complete 
| 131|0x0000000441800000, 0x0000000442000000, 0x0000000442000000|100%|HC|  |TAMS 0x0000000441800000| PB 0x0000000441800000| Complete 
| 132|0x0000000442000000, 0x0000000442800000, 0x0000000442800000|100%|HC|  |TAMS 0x0000000442000000| PB 0x0000000442000000| Complete 
| 133|0x0000000442800000, 0x0000000443000000, 0x0000000443000000|100%|HC|  |TAMS 0x0000000442800000| PB 0x0000000442800000| Complete 
| 134|0x0000000443000000, 0x0000000443800000, 0x0000000443800000|100%|HC|  |TAMS 0x0000000443000000| PB 0x0000000443000000| Complete 
| 135|0x0000000443800000, 0x0000000444000000, 0x0000000444000000|100%|HC|  |TAMS 0x0000000443800000| PB 0x0000000443800000| Complete 
| 136|0x0000000444000000, 0x0000000444800000, 0x0000000444800000|100%|HC|  |TAMS 0x0000000444000000| PB 0x0000000444000000| Complete 
| 137|0x0000000444800000, 0x0000000445000000, 0x0000000445000000|100%|HC|  |TAMS 0x0000000444800000| PB 0x0000000444800000| Complete 
| 138|0x0000000445000000, 0x0000000445800000, 0x0000000445800000|100%|HC|  |TAMS 0x0000000445000000| PB 0x0000000445000000| Complete 
| 139|0x0000000445800000, 0x0000000446000000, 0x0000000446000000|100%|HC|  |TAMS 0x0000000445800000| PB 0x0000000445800000| Complete 
| 140|0x0000000446000000, 0x0000000446800000, 0x0000000446800000|100%|HC|  |TAMS 0x0000000446000000| PB 0x0000000446000000| Complete 
| 141|0x0000000446800000, 0x0000000447000000, 0x0000000447000000|100%|HC|  |TAMS 0x0000000446800000| PB 0x0000000446800000| Complete 
| 142|0x0000000447000000, 0x0000000447800000, 0x0000000447800000|100%|HC|  |TAMS 0x0000000447000000| PB 0x0000000447000000| Complete 
| 143|0x0000000447800000, 0x0000000448000000, 0x0000000448000000|100%|HC|  |TAMS 0x0000000447800000| PB 0x0000000447800000| Complete 
| 144|0x0000000448000000, 0x0000000448800000, 0x0000000448800000|100%|HC|  |TAMS 0x0000000448000000| PB 0x0000000448000000| Complete 
| 145|0x0000000448800000, 0x0000000449000000, 0x0000000449000000|100%|HC|  |TAMS 0x0000000448800000| PB 0x0000000448800000| Complete 
| 146|0x0000000449000000, 0x0000000449800000, 0x0000000449800000|100%|HC|  |TAMS 0x0000000449000000| PB 0x0000000449000000| Complete 
| 147|0x0000000449800000, 0x000000044a000000, 0x000000044a000000|100%|HC|  |TAMS 0x0000000449800000| PB 0x0000000449800000| Complete 
| 148|0x000000044a000000, 0x000000044a800000, 0x000000044a800000|100%|HC|  |TAMS 0x000000044a000000| PB 0x000000044a000000| Complete 
| 149|0x000000044a800000, 0x000000044b000000, 0x000000044b000000|100%|HC|  |TAMS 0x000000044a800000| PB 0x000000044a800000| Complete 
| 150|0x000000044b000000, 0x000000044b800000, 0x000000044b800000|100%|HC|  |TAMS 0x000000044b000000| PB 0x000000044b000000| Complete 
| 151|0x000000044b800000, 0x000000044c000000, 0x000000044c000000|100%|HC|  |TAMS 0x000000044b800000| PB 0x000000044b800000| Complete 
| 152|0x000000044c000000, 0x000000044c800000, 0x000000044c800000|100%|HC|  |TAMS 0x000000044c000000| PB 0x000000044c000000| Complete 
| 153|0x000000044c800000, 0x000000044d000000, 0x000000044d000000|100%|HC|  |TAMS 0x000000044c800000| PB 0x000000044c800000| Complete 
| 154|0x000000044d000000, 0x000000044d800000, 0x000000044d800000|100%|HC|  |TAMS 0x000000044d000000| PB 0x000000044d000000| Complete 
| 155|0x000000044d800000, 0x000000044e000000, 0x000000044e000000|100%|HC|  |TAMS 0x000000044d800000| PB 0x000000044d800000| Complete 
| 156|0x000000044e000000, 0x000000044e800000, 0x000000044e800000|100%|HC|  |TAMS 0x000000044e000000| PB 0x000000044e000000| Complete 
| 157|0x000000044e800000, 0x000000044f000000, 0x000000044f000000|100%|HC|  |TAMS 0x000000044e800000| PB 0x000000044e800000| Complete 
| 158|0x000000044f000000, 0x000000044f800000, 0x000000044f800000|100%|HC|  |TAMS 0x000000044f000000| PB 0x000000044f000000| Complete 
| 159|0x000000044f800000, 0x0000000450000000, 0x0000000450000000|100%|HC|  |TAMS 0x000000044f800000| PB 0x000000044f800000| Complete 
| 160|0x0000000450000000, 0x0000000450800000, 0x0000000450800000|100%|HC|  |TAMS 0x0000000450000000| PB 0x0000000450000000| Complete 
| 161|0x0000000450800000, 0x0000000451000000, 0x0000000451000000|100%|HC|  |TAMS 0x0000000450800000| PB 0x0000000450800000| Complete 
| 162|0x0000000451000000, 0x0000000451800000, 0x0000000451800000|100%|HC|  |TAMS 0x0000000451000000| PB 0x0000000451000000| Complete 
| 163|0x0000000451800000, 0x0000000452000000, 0x0000000452000000|100%|HC|  |TAMS 0x0000000451800000| PB 0x0000000451800000| Complete 
| 164|0x0000000452000000, 0x0000000452800000, 0x0000000452800000|100%|HC|  |TAMS 0x0000000452000000| PB 0x0000000452000000| Complete 
| 165|0x0000000452800000, 0x0000000453000000, 0x0000000453000000|100%|HC|  |TAMS 0x0000000452800000| PB 0x0000000452800000| Complete 
| 166|0x0000000453000000, 0x0000000453800000, 0x0000000453800000|100%|HC|  |TAMS 0x0000000453000000| PB 0x0000000453000000| Complete 
| 167|0x0000000453800000, 0x0000000454000000, 0x0000000454000000|100%|HC|  |TAMS 0x0000000453800000| PB 0x0000000453800000| Complete 
| 168|0x0000000454000000, 0x0000000454800000, 0x0000000454800000|100%|HC|  |TAMS 0x0000000454000000| PB 0x0000000454000000| Complete 
| 169|0x0000000454800000, 0x0000000455000000, 0x0000000455000000|100%|HC|  |TAMS 0x0000000454800000| PB 0x0000000454800000| Complete 
| 170|0x0000000455000000, 0x0000000455800000, 0x0000000455800000|100%|HC|  |TAMS 0x0000000455000000| PB 0x0000000455000000| Complete 
| 171|0x0000000455800000, 0x0000000456000000, 0x0000000456000000|100%|HC|  |TAMS 0x0000000455800000| PB 0x0000000455800000| Complete 
| 172|0x0000000456000000, 0x0000000456800000, 0x0000000456800000|100%|HC|  |TAMS 0x0000000456000000| PB 0x0000000456000000| Complete 
| 173|0x0000000456800000, 0x0000000457000000, 0x0000000457000000|100%|HC|  |TAMS 0x0000000456800000| PB 0x0000000456800000| Complete 
| 174|0x0000000457000000, 0x0000000457800000, 0x0000000457800000|100%|HC|  |TAMS 0x0000000457000000| PB 0x0000000457000000| Complete 
| 175|0x0000000457800000, 0x0000000458000000, 0x0000000458000000|100%|HC|  |TAMS 0x0000000457800000| PB 0x0000000457800000| Complete 
| 176|0x0000000458000000, 0x0000000458800000, 0x0000000458800000|100%| O|  |TAMS 0x0000000458000000| PB 0x0000000458000000| Untracked 
| 177|0x0000000458800000, 0x0000000459000000, 0x0000000459000000|100%| O|  |TAMS 0x0000000458800000| PB 0x0000000458800000| Untracked 
| 178|0x0000000459000000, 0x0000000459800000, 0x0000000459800000|100%| O|  |TAMS 0x0000000459000000| PB 0x0000000459000000| Untracked 
| 179|0x0000000459800000, 0x000000045a000000, 0x000000045a000000|100%| O|  |TAMS 0x0000000459800000| PB 0x0000000459800000| Untracked 
| 180|0x000000045a000000, 0x000000045a800000, 0x000000045a800000|100%| O|  |TAMS 0x000000045a000000| PB 0x000000045a000000| Untracked 
| 181|0x000000045a800000, 0x000000045b000000, 0x000000045b000000|100%| O|  |TAMS 0x000000045a800000| PB 0x000000045a800000| Untracked 
| 182|0x000000045b000000, 0x000000045b800000, 0x000000045b800000|100%| O|  |TAMS 0x000000045b000000| PB 0x000000045b000000| Untracked 
| 183|0x000000045b800000, 0x000000045c000000, 0x000000045c000000|100%| O|  |TAMS 0x000000045b800000| PB 0x000000045b800000| Untracked 
| 184|0x000000045c000000, 0x000000045c800000, 0x000000045c800000|100%| O|  |TAMS 0x000000045c000000| PB 0x000000045c000000| Untracked 
| 185|0x000000045c800000, 0x000000045d000000, 0x000000045d000000|100%| O|  |TAMS 0x000000045c800000| PB 0x000000045c800000| Untracked 
| 186|0x000000045d000000, 0x000000045d800000, 0x000000045d800000|100%| O|  |TAMS 0x000000045d000000| PB 0x000000045d000000| Untracked 
| 187|0x000000045d800000, 0x000000045e000000, 0x000000045e000000|100%| O|  |TAMS 0x000000045d800000| PB 0x000000045d800000| Untracked 
| 188|0x000000045e000000, 0x000000045e800000, 0x000000045e800000|100%| O|  |TAMS 0x000000045e000000| PB 0x000000045e000000| Untracked 
| 189|0x000000045e800000, 0x000000045f000000, 0x000000045f000000|100%| O|  |TAMS 0x000000045e800000| PB 0x000000045e800000| Untracked 
| 190|0x000000045f000000, 0x000000045f800000, 0x000000045f800000|100%| O|  |TAMS 0x000000045f000000| PB 0x000000045f000000| Untracked 
| 191|0x000000045f800000, 0x0000000460000000, 0x0000000460000000|100%| O|  |TAMS 0x000000045f800000| PB 0x000000045f800000| Untracked 
| 192|0x0000000460000000, 0x0000000460800000, 0x0000000460800000|100%| O|  |TAMS 0x0000000460000000| PB 0x0000000460000000| Untracked 
| 193|0x0000000460800000, 0x0000000461000000, 0x0000000461000000|100%| O|  |TAMS 0x0000000460800000| PB 0x0000000460800000| Untracked 
| 194|0x0000000461000000, 0x0000000461800000, 0x0000000461800000|100%| O|  |TAMS 0x0000000461000000| PB 0x0000000461000000| Untracked 
| 195|0x0000000461800000, 0x0000000462000000, 0x0000000462000000|100%| O|  |TAMS 0x0000000461800000| PB 0x0000000461800000| Untracked 
| 196|0x0000000462000000, 0x0000000462800000, 0x0000000462800000|100%| O|  |TAMS 0x0000000462000000| PB 0x0000000462000000| Untracked 
| 197|0x0000000462800000, 0x0000000463000000, 0x0000000463000000|100%| O|  |TAMS 0x0000000462800000| PB 0x0000000462800000| Untracked 
| 198|0x0000000463000000, 0x0000000463800000, 0x0000000463800000|100%| O|  |TAMS 0x0000000463000000| PB 0x0000000463000000| Untracked 
| 199|0x0000000463800000, 0x0000000464000000, 0x0000000464000000|100%| O|  |TAMS 0x0000000463800000| PB 0x0000000463800000| Untracked 
| 200|0x0000000464000000, 0x0000000464800000, 0x0000000464800000|100%| O|  |TAMS 0x0000000464000000| PB 0x0000000464000000| Untracked 
| 201|0x0000000464800000, 0x0000000465000000, 0x0000000465000000|100%| O|  |TAMS 0x0000000464800000| PB 0x0000000464800000| Untracked 
| 202|0x0000000465000000, 0x0000000465800000, 0x0000000465800000|100%| O|  |TAMS 0x0000000465000000| PB 0x0000000465000000| Untracked 
| 203|0x0000000465800000, 0x0000000466000000, 0x0000000466000000|100%| O|  |TAMS 0x0000000465800000| PB 0x0000000465800000| Untracked 
| 204|0x0000000466000000, 0x0000000466800000, 0x0000000466800000|100%| O|  |TAMS 0x0000000466000000| PB 0x0000000466000000| Untracked 
| 205|0x0000000466800000, 0x0000000467000000, 0x0000000467000000|100%| O|  |TAMS 0x0000000466800000| PB 0x0000000466800000| Untracked 
| 206|0x0000000467000000, 0x0000000467800000, 0x0000000467800000|100%| O|  |TAMS 0x0000000467000000| PB 0x0000000467000000| Untracked 
| 207|0x0000000467800000, 0x0000000468000000, 0x0000000468000000|100%| O|  |TAMS 0x0000000467800000| PB 0x0000000467800000| Untracked 
| 208|0x0000000468000000, 0x0000000468800000, 0x0000000468800000|100%| O|  |TAMS 0x0000000468000000| PB 0x0000000468000000| Untracked 
| 209|0x0000000468800000, 0x0000000469000000, 0x0000000469000000|100%| O|  |TAMS 0x0000000468800000| PB 0x0000000468800000| Untracked 
| 210|0x0000000469000000, 0x0000000469800000, 0x0000000469800000|100%| O|  |TAMS 0x0000000469000000| PB 0x0000000469000000| Untracked 
| 211|0x0000000469800000, 0x000000046a000000, 0x000000046a000000|100%| O|  |TAMS 0x0000000469800000| PB 0x0000000469800000| Untracked 
| 212|0x000000046a000000, 0x000000046a800000, 0x000000046a800000|100%| O|  |TAMS 0x000000046a000000| PB 0x000000046a000000| Untracked 
| 213|0x000000046a800000, 0x000000046b000000, 0x000000046b000000|100%| O|  |TAMS 0x000000046a800000| PB 0x000000046a800000| Untracked 
| 214|0x000000046b000000, 0x000000046b800000, 0x000000046b800000|100%| O|  |TAMS 0x000000046b000000| PB 0x000000046b000000| Untracked 
| 215|0x000000046b800000, 0x000000046c000000, 0x000000046c000000|100%| O|  |TAMS 0x000000046b800000| PB 0x000000046b800000| Untracked 
| 216|0x000000046c000000, 0x000000046c800000, 0x000000046c800000|100%| O|  |TAMS 0x000000046c000000| PB 0x000000046c000000| Untracked 
| 217|0x000000046c800000, 0x000000046d000000, 0x000000046d000000|100%| O|  |TAMS 0x000000046c800000| PB 0x000000046c800000| Untracked 
| 218|0x000000046d000000, 0x000000046d800000, 0x000000046d800000|100%| O|  |TAMS 0x000000046d000000| PB 0x000000046d000000| Untracked 
| 219|0x000000046d800000, 0x000000046e000000, 0x000000046e000000|100%| O|  |TAMS 0x000000046d800000| PB 0x000000046d800000| Untracked 
| 220|0x000000046e000000, 0x000000046e800000, 0x000000046e800000|100%| O|  |TAMS 0x000000046e000000| PB 0x000000046e000000| Untracked 
| 221|0x000000046e800000, 0x000000046f000000, 0x000000046f000000|100%| O|  |TAMS 0x000000046e800000| PB 0x000000046e800000| Untracked 
| 222|0x000000046f000000, 0x000000046f800000, 0x000000046f800000|100%| O|  |TAMS 0x000000046f000000| PB 0x000000046f000000| Untracked 
| 223|0x000000046f800000, 0x0000000470000000, 0x0000000470000000|100%| O|  |TAMS 0x000000046f800000| PB 0x000000046f800000| Untracked 
| 224|0x0000000470000000, 0x0000000470800000, 0x0000000470800000|100%| O|  |TAMS 0x0000000470000000| PB 0x0000000470000000| Untracked 
| 225|0x0000000470800000, 0x0000000471000000, 0x0000000471000000|100%| O|  |TAMS 0x0000000470800000| PB 0x0000000470800000| Untracked 
| 226|0x0000000471000000, 0x0000000471800000, 0x0000000471800000|100%| O|  |TAMS 0x0000000471000000| PB 0x0000000471000000| Untracked 
| 227|0x0000000471800000, 0x0000000472000000, 0x0000000472000000|100%| O|  |TAMS 0x0000000471800000| PB 0x0000000471800000| Untracked 
| 228|0x0000000472000000, 0x0000000472800000, 0x0000000472800000|100%| O|  |TAMS 0x0000000472000000| PB 0x0000000472000000| Untracked 
| 229|0x0000000472800000, 0x0000000473000000, 0x0000000473000000|100%| O|  |TAMS 0x0000000472800000| PB 0x0000000472800000| Untracked 
| 230|0x0000000473000000, 0x0000000473800000, 0x0000000473800000|100%| O|  |TAMS 0x0000000473000000| PB 0x0000000473000000| Untracked 
| 231|0x0000000473800000, 0x0000000474000000, 0x0000000474000000|100%| O|  |TAMS 0x0000000473800000| PB 0x0000000473800000| Untracked 
| 232|0x0000000474000000, 0x0000000474800000, 0x0000000474800000|100%| O|  |TAMS 0x0000000474000000| PB 0x0000000474000000| Untracked 
| 233|0x0000000474800000, 0x0000000475000000, 0x0000000475000000|100%| O|  |TAMS 0x0000000474800000| PB 0x0000000474800000| Untracked 
| 234|0x0000000475000000, 0x0000000475800000, 0x0000000475800000|100%| O|  |TAMS 0x0000000475000000| PB 0x0000000475000000| Untracked 
| 235|0x0000000475800000, 0x0000000476000000, 0x0000000476000000|100%| O|  |TAMS 0x0000000475800000| PB 0x0000000475800000| Untracked 
| 236|0x0000000476000000, 0x0000000476800000, 0x0000000476800000|100%| O|  |TAMS 0x0000000476000000| PB 0x0000000476000000| Untracked 
| 237|0x0000000476800000, 0x0000000477000000, 0x0000000477000000|100%| O|  |TAMS 0x0000000476800000| PB 0x0000000476800000| Untracked 
| 238|0x0000000477000000, 0x0000000477800000, 0x0000000477800000|100%| O|  |TAMS 0x0000000477000000| PB 0x0000000477000000| Untracked 
| 239|0x0000000477800000, 0x0000000478000000, 0x0000000478000000|100%| O|  |TAMS 0x0000000477800000| PB 0x0000000477800000| Untracked 
| 240|0x0000000478000000, 0x0000000478800000, 0x0000000478800000|100%| O|  |TAMS 0x0000000478000000| PB 0x0000000478000000| Untracked 
| 241|0x0000000478800000, 0x0000000479000000, 0x0000000479000000|100%| O|  |TAMS 0x0000000478800000| PB 0x0000000478800000| Untracked 
| 242|0x0000000479000000, 0x0000000479800000, 0x0000000479800000|100%| O|  |TAMS 0x0000000479000000| PB 0x0000000479000000| Untracked 
| 243|0x0000000479800000, 0x000000047a000000, 0x000000047a000000|100%| O|  |TAMS 0x0000000479800000| PB 0x0000000479800000| Untracked 
| 244|0x000000047a000000, 0x000000047a800000, 0x000000047a800000|100%| O|  |TAMS 0x000000047a000000| PB 0x000000047a000000| Untracked 
| 245|0x000000047a800000, 0x000000047b000000, 0x000000047b000000|100%| O|  |TAMS 0x000000047a800000| PB 0x000000047a800000| Untracked 
| 246|0x000000047b000000, 0x000000047b800000, 0x000000047b800000|100%| O|  |TAMS 0x000000047b000000| PB 0x000000047b000000| Untracked 
| 247|0x000000047b800000, 0x000000047c000000, 0x000000047c000000|100%| O|  |TAMS 0x000000047b800000| PB 0x000000047b800000| Untracked 
| 248|0x000000047c000000, 0x000000047c800000, 0x000000047c800000|100%| O|  |TAMS 0x000000047c000000| PB 0x000000047c000000| Untracked 
| 249|0x000000047c800000, 0x000000047d000000, 0x000000047d000000|100%| O|  |TAMS 0x000000047c800000| PB 0x000000047c800000| Untracked 
| 250|0x000000047d000000, 0x000000047d800000, 0x000000047d800000|100%| O|  |TAMS 0x000000047d000000| PB 0x000000047d000000| Untracked 
| 251|0x000000047d800000, 0x000000047e000000, 0x000000047e000000|100%| O|  |TAMS 0x000000047d800000| PB 0x000000047d800000| Untracked 
| 252|0x000000047e000000, 0x000000047e800000, 0x000000047e800000|100%| O|  |TAMS 0x000000047e000000| PB 0x000000047e000000| Untracked 
| 253|0x000000047e800000, 0x000000047f000000, 0x000000047f000000|100%| O|  |TAMS 0x000000047e800000| PB 0x000000047e800000| Untracked 
| 254|0x000000047f000000, 0x000000047f800000, 0x000000047f800000|100%| O|  |TAMS 0x000000047f000000| PB 0x000000047f000000| Untracked 
| 255|0x000000047f800000, 0x0000000480000000, 0x0000000480000000|100%| O|  |TAMS 0x000000047f800000| PB 0x000000047f800000| Untracked 
| 256|0x0000000480000000, 0x0000000480800000, 0x0000000480800000|100%| O|  |TAMS 0x0000000480000000| PB 0x0000000480000000| Untracked 
| 257|0x0000000480800000, 0x0000000481000000, 0x0000000481000000|100%| O|  |TAMS 0x0000000480800000| PB 0x0000000480800000| Untracked 
| 258|0x0000000481000000, 0x0000000481800000, 0x0000000481800000|100%| O|  |TAMS 0x0000000481000000| PB 0x0000000481000000| Untracked 
| 259|0x0000000481800000, 0x0000000482000000, 0x0000000482000000|100%| O|  |TAMS 0x0000000481800000| PB 0x0000000481800000| Untracked 
| 260|0x0000000482000000, 0x0000000482800000, 0x0000000482800000|100%| O|  |TAMS 0x0000000482000000| PB 0x0000000482000000| Untracked 
| 261|0x0000000482800000, 0x0000000483000000, 0x0000000483000000|100%| O|  |TAMS 0x0000000482800000| PB 0x0000000482800000| Untracked 
| 262|0x0000000483000000, 0x0000000483800000, 0x0000000483800000|100%| O|  |TAMS 0x0000000483000000| PB 0x0000000483000000| Untracked 
| 263|0x0000000483800000, 0x0000000484000000, 0x0000000484000000|100%| O|  |TAMS 0x0000000483800000| PB 0x0000000483800000| Untracked 
| 264|0x0000000484000000, 0x0000000484800000, 0x0000000484800000|100%| O|  |TAMS 0x0000000484000000| PB 0x0000000484000000| Untracked 
| 265|0x0000000484800000, 0x0000000485000000, 0x0000000485000000|100%| O|  |TAMS 0x0000000484800000| PB 0x0000000484800000| Untracked 
| 266|0x0000000485000000, 0x0000000485800000, 0x0000000485800000|100%| O|  |TAMS 0x0000000485000000| PB 0x0000000485000000| Untracked 
| 267|0x0000000485800000, 0x0000000486000000, 0x0000000486000000|100%| O|  |TAMS 0x0000000485800000| PB 0x0000000485800000| Untracked 
| 268|0x0000000486000000, 0x0000000486800000, 0x0000000486800000|100%| O|  |TAMS 0x0000000486000000| PB 0x0000000486000000| Untracked 
| 269|0x0000000486800000, 0x0000000487000000, 0x0000000487000000|100%| O|  |TAMS 0x0000000486800000| PB 0x0000000486800000| Untracked 
| 270|0x0000000487000000, 0x0000000487800000, 0x0000000487800000|100%| O|  |TAMS 0x0000000487000000| PB 0x0000000487000000| Untracked 
| 271|0x0000000487800000, 0x0000000488000000, 0x0000000488000000|100%| O|  |TAMS 0x0000000487800000| PB 0x0000000487800000| Untracked 
| 272|0x0000000488000000, 0x0000000488800000, 0x0000000488800000|100%| O|  |TAMS 0x0000000488000000| PB 0x0000000488000000| Untracked 
| 273|0x0000000488800000, 0x0000000489000000, 0x0000000489000000|100%| O|  |TAMS 0x0000000488800000| PB 0x0000000488800000| Untracked 
| 274|0x0000000489000000, 0x0000000489800000, 0x0000000489800000|100%| O|  |TAMS 0x0000000489000000| PB 0x0000000489000000| Untracked 
| 275|0x0000000489800000, 0x000000048a000000, 0x000000048a000000|100%| O|  |TAMS 0x0000000489800000| PB 0x0000000489800000| Untracked 
| 276|0x000000048a000000, 0x000000048a800000, 0x000000048a800000|100%| O|  |TAMS 0x000000048a000000| PB 0x000000048a000000| Untracked 
| 277|0x000000048a800000, 0x000000048b000000, 0x000000048b000000|100%| O|  |TAMS 0x000000048a800000| PB 0x000000048a800000| Untracked 
| 278|0x000000048b000000, 0x000000048b800000, 0x000000048b800000|100%| O|  |TAMS 0x000000048b000000| PB 0x000000048b000000| Untracked 
| 279|0x000000048b800000, 0x000000048c000000, 0x000000048c000000|100%| O|  |TAMS 0x000000048b800000| PB 0x000000048b800000| Untracked 
| 280|0x000000048c000000, 0x000000048c800000, 0x000000048c800000|100%| O|  |TAMS 0x000000048c000000| PB 0x000000048c000000| Untracked 
| 281|0x000000048c800000, 0x000000048d000000, 0x000000048d000000|100%| O|  |TAMS 0x000000048c800000| PB 0x000000048c800000| Untracked 
| 282|0x000000048d000000, 0x000000048d800000, 0x000000048d800000|100%| O|  |TAMS 0x000000048d000000| PB 0x000000048d000000| Untracked 
| 283|0x000000048d800000, 0x000000048e000000, 0x000000048e000000|100%| O|  |TAMS 0x000000048d800000| PB 0x000000048d800000| Untracked 
| 284|0x000000048e000000, 0x000000048e800000, 0x000000048e800000|100%| O|  |TAMS 0x000000048e000000| PB 0x000000048e000000| Untracked 
| 285|0x000000048e800000, 0x000000048f000000, 0x000000048f000000|100%| O|  |TAMS 0x000000048e800000| PB 0x000000048e800000| Untracked 
| 286|0x000000048f000000, 0x000000048f800000, 0x000000048f800000|100%| O|  |TAMS 0x000000048f000000| PB 0x000000048f000000| Untracked 
| 287|0x000000048f800000, 0x0000000490000000, 0x0000000490000000|100%| O|  |TAMS 0x000000048f800000| PB 0x000000048f800000| Untracked 
| 288|0x0000000490000000, 0x0000000490800000, 0x0000000490800000|100%| O|  |TAMS 0x0000000490000000| PB 0x0000000490000000| Untracked 
| 289|0x0000000490800000, 0x0000000491000000, 0x0000000491000000|100%| O|  |TAMS 0x0000000490800000| PB 0x0000000490800000| Untracked 
| 290|0x0000000491000000, 0x0000000491800000, 0x0000000491800000|100%| O|  |TAMS 0x0000000491000000| PB 0x0000000491000000| Untracked 
| 291|0x0000000491800000, 0x0000000492000000, 0x0000000492000000|100%| O|  |TAMS 0x0000000491800000| PB 0x0000000491800000| Untracked 
| 292|0x0000000492000000, 0x0000000492800000, 0x0000000492800000|100%| O|  |TAMS 0x0000000492000000| PB 0x0000000492000000| Untracked 
| 293|0x0000000492800000, 0x0000000493000000, 0x0000000493000000|100%| O|  |TAMS 0x0000000492800000| PB 0x0000000492800000| Untracked 
| 294|0x0000000493000000, 0x0000000493800000, 0x0000000493800000|100%| O|  |TAMS 0x0000000493000000| PB 0x0000000493000000| Untracked 
| 295|0x0000000493800000, 0x0000000494000000, 0x0000000494000000|100%| O|  |TAMS 0x0000000493800000| PB 0x0000000493800000| Untracked 
| 296|0x0000000494000000, 0x0000000494800000, 0x0000000494800000|100%| O|  |TAMS 0x0000000494000000| PB 0x0000000494000000| Untracked 
| 297|0x0000000494800000, 0x0000000495000000, 0x0000000495000000|100%| O|  |TAMS 0x0000000494800000| PB 0x0000000494800000| Untracked 
| 298|0x0000000495000000, 0x0000000495800000, 0x0000000495800000|100%| O|  |TAMS 0x0000000495000000| PB 0x0000000495000000| Untracked 
| 299|0x0000000495800000, 0x0000000496000000, 0x0000000496000000|100%| O|  |TAMS 0x0000000495800000| PB 0x0000000495800000| Untracked 
| 300|0x0000000496000000, 0x0000000496800000, 0x0000000496800000|100%| O|  |TAMS 0x0000000496000000| PB 0x0000000496000000| Untracked 
| 301|0x0000000496800000, 0x0000000497000000, 0x0000000497000000|100%| O|  |TAMS 0x0000000496800000| PB 0x0000000496800000| Untracked 
| 302|0x0000000497000000, 0x0000000497800000, 0x0000000497800000|100%| O|  |TAMS 0x0000000497000000| PB 0x0000000497000000| Untracked 
| 303|0x0000000497800000, 0x0000000498000000, 0x0000000498000000|100%| O|  |TAMS 0x0000000497800000| PB 0x0000000497800000| Untracked 
| 304|0x0000000498000000, 0x0000000498800000, 0x0000000498800000|100%| O|  |TAMS 0x0000000498000000| PB 0x0000000498000000| Untracked 
| 305|0x0000000498800000, 0x0000000499000000, 0x0000000499000000|100%| O|  |TAMS 0x0000000498800000| PB 0x0000000498800000| Untracked 
| 306|0x0000000499000000, 0x0000000499800000, 0x0000000499800000|100%| O|  |TAMS 0x0000000499000000| PB 0x0000000499000000| Untracked 
| 307|0x0000000499800000, 0x000000049a000000, 0x000000049a000000|100%| O|  |TAMS 0x0000000499800000| PB 0x0000000499800000| Untracked 
| 308|0x000000049a000000, 0x000000049a800000, 0x000000049a800000|100%| O|  |TAMS 0x000000049a000000| PB 0x000000049a000000| Untracked 
| 309|0x000000049a800000, 0x000000049b000000, 0x000000049b000000|100%| O|  |TAMS 0x000000049a800000| PB 0x000000049a800000| Untracked 
| 310|0x000000049b000000, 0x000000049b800000, 0x000000049b800000|100%| O|  |TAMS 0x000000049b000000| PB 0x000000049b000000| Untracked 
| 311|0x000000049b800000, 0x000000049c000000, 0x000000049c000000|100%| O|  |TAMS 0x000000049b800000| PB 0x000000049b800000| Untracked 
| 312|0x000000049c000000, 0x000000049c800000, 0x000000049c800000|100%| O|  |TAMS 0x000000049c000000| PB 0x000000049c000000| Untracked 
| 313|0x000000049c800000, 0x000000049d000000, 0x000000049d000000|100%| O|  |TAMS 0x000000049c800000| PB 0x000000049c800000| Untracked 
| 314|0x000000049d000000, 0x000000049d800000, 0x000000049d800000|100%| O|  |TAMS 0x000000049d000000| PB 0x000000049d000000| Untracked 
| 315|0x000000049d800000, 0x000000049e000000, 0x000000049e000000|100%| O|  |TAMS 0x000000049d800000| PB 0x000000049d800000| Untracked 
| 316|0x000000049e000000, 0x000000049e800000, 0x000000049e800000|100%| O|  |TAMS 0x000000049e000000| PB 0x000000049e000000| Untracked 
| 317|0x000000049e800000, 0x000000049f000000, 0x000000049f000000|100%| O|  |TAMS 0x000000049e800000| PB 0x000000049e800000| Untracked 
| 318|0x000000049f000000, 0x000000049f800000, 0x000000049f800000|100%| O|  |TAMS 0x000000049f000000| PB 0x000000049f000000| Untracked 
| 319|0x000000049f800000, 0x00000004a0000000, 0x00000004a0000000|100%| O|  |TAMS 0x000000049f800000| PB 0x000000049f800000| Untracked 
| 320|0x00000004a0000000, 0x00000004a0800000, 0x00000004a0800000|100%| O|  |TAMS 0x00000004a0000000| PB 0x00000004a0000000| Untracked 
| 321|0x00000004a0800000, 0x00000004a1000000, 0x00000004a1000000|100%| O|  |TAMS 0x00000004a0800000| PB 0x00000004a0800000| Untracked 
| 322|0x00000004a1000000, 0x00000004a1800000, 0x00000004a1800000|100%| O|  |TAMS 0x00000004a1000000| PB 0x00000004a1000000| Untracked 
| 323|0x00000004a1800000, 0x00000004a2000000, 0x00000004a2000000|100%| O|  |TAMS 0x00000004a1800000| PB 0x00000004a1800000| Untracked 
| 324|0x00000004a2000000, 0x00000004a2800000, 0x00000004a2800000|100%| O|  |TAMS 0x00000004a2000000| PB 0x00000004a2000000| Untracked 
| 325|0x00000004a2800000, 0x00000004a3000000, 0x00000004a3000000|100%| O|  |TAMS 0x00000004a2800000| PB 0x00000004a2800000| Untracked 
| 326|0x00000004a3000000, 0x00000004a3800000, 0x00000004a3800000|100%| O|  |TAMS 0x00000004a3000000| PB 0x00000004a3000000| Untracked 
| 327|0x00000004a3800000, 0x00000004a4000000, 0x00000004a4000000|100%| O|  |TAMS 0x00000004a3800000| PB 0x00000004a3800000| Untracked 
| 328|0x00000004a4000000, 0x00000004a4800000, 0x00000004a4800000|100%| O|  |TAMS 0x00000004a4000000| PB 0x00000004a4000000| Untracked 
| 329|0x00000004a4800000, 0x00000004a5000000, 0x00000004a5000000|100%| O|  |TAMS 0x00000004a4800000| PB 0x00000004a4800000| Untracked 
| 330|0x00000004a5000000, 0x00000004a5800000, 0x00000004a5800000|100%| O|  |TAMS 0x00000004a5000000| PB 0x00000004a5000000| Untracked 
| 331|0x00000004a5800000, 0x00000004a6000000, 0x00000004a6000000|100%| O|  |TAMS 0x00000004a5800000| PB 0x00000004a5800000| Untracked 
| 332|0x00000004a6000000, 0x00000004a6800000, 0x00000004a6800000|100%| O|  |TAMS 0x00000004a6000000| PB 0x00000004a6000000| Untracked 
| 333|0x00000004a6800000, 0x00000004a7000000, 0x00000004a7000000|100%| O|  |TAMS 0x00000004a6800000| PB 0x00000004a6800000| Untracked 
| 334|0x00000004a7000000, 0x00000004a7800000, 0x00000004a7800000|100%| O|  |TAMS 0x00000004a7000000| PB 0x00000004a7000000| Untracked 
| 335|0x00000004a7800000, 0x00000004a8000000, 0x00000004a8000000|100%| O|  |TAMS 0x00000004a7800000| PB 0x00000004a7800000| Untracked 
| 336|0x00000004a8000000, 0x00000004a8800000, 0x00000004a8800000|100%| O|  |TAMS 0x00000004a8000000| PB 0x00000004a8000000| Untracked 
| 337|0x00000004a8800000, 0x00000004a9000000, 0x00000004a9000000|100%| O|  |TAMS 0x00000004a8800000| PB 0x00000004a8800000| Untracked 
| 338|0x00000004a9000000, 0x00000004a9800000, 0x00000004a9800000|100%| O|  |TAMS 0x00000004a9000000| PB 0x00000004a9000000| Untracked 
| 339|0x00000004a9800000, 0x00000004aa000000, 0x00000004aa000000|100%| O|  |TAMS 0x00000004a9800000| PB 0x00000004a9800000| Untracked 
| 340|0x00000004aa000000, 0x00000004aa800000, 0x00000004aa800000|100%| O|  |TAMS 0x00000004aa000000| PB 0x00000004aa000000| Untracked 
| 341|0x00000004aa800000, 0x00000004ab000000, 0x00000004ab000000|100%| O|  |TAMS 0x00000004aa800000| PB 0x00000004aa800000| Untracked 
| 342|0x00000004ab000000, 0x00000004ab800000, 0x00000004ab800000|100%| O|  |TAMS 0x00000004ab000000| PB 0x00000004ab000000| Untracked 
| 343|0x00000004ab800000, 0x00000004ac000000, 0x00000004ac000000|100%| O|  |TAMS 0x00000004ab800000| PB 0x00000004ab800000| Untracked 
| 344|0x00000004ac000000, 0x00000004ac800000, 0x00000004ac800000|100%| O|  |TAMS 0x00000004ac000000| PB 0x00000004ac000000| Untracked 
| 345|0x00000004ac800000, 0x00000004ad000000, 0x00000004ad000000|100%| O|  |TAMS 0x00000004ac800000| PB 0x00000004ac800000| Untracked 
| 346|0x00000004ad000000, 0x00000004ad800000, 0x00000004ad800000|100%| O|  |TAMS 0x00000004ad000000| PB 0x00000004ad000000| Untracked 
| 347|0x00000004ad800000, 0x00000004ae000000, 0x00000004ae000000|100%| O|  |TAMS 0x00000004ad800000| PB 0x00000004ad800000| Untracked 
| 348|0x00000004ae000000, 0x00000004ae800000, 0x00000004ae800000|100%| O|  |TAMS 0x00000004ae000000| PB 0x00000004ae000000| Untracked 
| 349|0x00000004ae800000, 0x00000004af000000, 0x00000004af000000|100%| O|  |TAMS 0x00000004ae800000| PB 0x00000004ae800000| Untracked 
| 350|0x00000004af000000, 0x00000004af800000, 0x00000004af800000|100%| O|  |TAMS 0x00000004af000000| PB 0x00000004af000000| Untracked 
| 351|0x00000004af800000, 0x00000004b0000000, 0x00000004b0000000|100%| O|  |TAMS 0x00000004af800000| PB 0x00000004af800000| Untracked 
| 352|0x00000004b0000000, 0x00000004b0800000, 0x00000004b0800000|100%| O|  |TAMS 0x00000004b0000000| PB 0x00000004b0000000| Untracked 
| 353|0x00000004b0800000, 0x00000004b1000000, 0x00000004b1000000|100%| O|  |TAMS 0x00000004b0800000| PB 0x00000004b0800000| Untracked 
| 354|0x00000004b1000000, 0x00000004b1800000, 0x00000004b1800000|100%| O|  |TAMS 0x00000004b1000000| PB 0x00000004b1000000| Untracked 
| 355|0x00000004b1800000, 0x00000004b2000000, 0x00000004b2000000|100%| O|  |TAMS 0x00000004b1800000| PB 0x00000004b1800000| Untracked 
| 356|0x00000004b2000000, 0x00000004b2800000, 0x00000004b2800000|100%| O|  |TAMS 0x00000004b2000000| PB 0x00000004b2000000| Untracked 
| 357|0x00000004b2800000, 0x00000004b3000000, 0x00000004b3000000|100%| O|  |TAMS 0x00000004b2800000| PB 0x00000004b2800000| Untracked 
| 358|0x00000004b3000000, 0x00000004b3800000, 0x00000004b3800000|100%| O|  |TAMS 0x00000004b3000000| PB 0x00000004b3000000| Untracked 
| 359|0x00000004b3800000, 0x00000004b4000000, 0x00000004b4000000|100%| O|  |TAMS 0x00000004b3800000| PB 0x00000004b3800000| Untracked 
| 360|0x00000004b4000000, 0x00000004b4800000, 0x00000004b4800000|100%| O|  |TAMS 0x00000004b4000000| PB 0x00000004b4000000| Untracked 
| 361|0x00000004b4800000, 0x00000004b5000000, 0x00000004b5000000|100%| O|  |TAMS 0x00000004b4800000| PB 0x00000004b4800000| Untracked 
| 362|0x00000004b5000000, 0x00000004b5800000, 0x00000004b5800000|100%| O|  |TAMS 0x00000004b5000000| PB 0x00000004b5000000| Untracked 
| 363|0x00000004b5800000, 0x00000004b6000000, 0x00000004b6000000|100%| O|  |TAMS 0x00000004b5800000| PB 0x00000004b5800000| Untracked 
| 364|0x00000004b6000000, 0x00000004b6800000, 0x00000004b6800000|100%| O|  |TAMS 0x00000004b6000000| PB 0x00000004b6000000| Untracked 
| 365|0x00000004b6800000, 0x00000004b7000000, 0x00000004b7000000|100%| O|  |TAMS 0x00000004b6800000| PB 0x00000004b6800000| Untracked 
| 366|0x00000004b7000000, 0x00000004b7800000, 0x00000004b7800000|100%| O|  |TAMS 0x00000004b7000000| PB 0x00000004b7000000| Untracked 
| 367|0x00000004b7800000, 0x00000004b8000000, 0x00000004b8000000|100%| O|  |TAMS 0x00000004b7800000| PB 0x00000004b7800000| Untracked 
| 368|0x00000004b8000000, 0x00000004b8800000, 0x00000004b8800000|100%| O|  |TAMS 0x00000004b8000000| PB 0x00000004b8000000| Untracked 
| 369|0x00000004b8800000, 0x00000004b9000000, 0x00000004b9000000|100%| O|  |TAMS 0x00000004b8800000| PB 0x00000004b8800000| Untracked 
| 370|0x00000004b9000000, 0x00000004b9800000, 0x00000004b9800000|100%| O|  |TAMS 0x00000004b9000000| PB 0x00000004b9000000| Untracked 
| 371|0x00000004b9800000, 0x00000004ba000000, 0x00000004ba000000|100%| O|  |TAMS 0x00000004b9800000| PB 0x00000004b9800000| Untracked 
| 372|0x00000004ba000000, 0x00000004ba800000, 0x00000004ba800000|100%| O|  |TAMS 0x00000004ba000000| PB 0x00000004ba000000| Untracked 
| 373|0x00000004ba800000, 0x00000004bb000000, 0x00000004bb000000|100%| O|  |TAMS 0x00000004ba800000| PB 0x00000004ba800000| Untracked 
| 374|0x00000004bb000000, 0x00000004bb800000, 0x00000004bb800000|100%| O|  |TAMS 0x00000004bb000000| PB 0x00000004bb000000| Untracked 
| 375|0x00000004bb800000, 0x00000004bc000000, 0x00000004bc000000|100%| O|  |TAMS 0x00000004bb800000| PB 0x00000004bb800000| Untracked 
| 376|0x00000004bc000000, 0x00000004bc800000, 0x00000004bc800000|100%| O|  |TAMS 0x00000004bc000000| PB 0x00000004bc000000| Untracked 
| 377|0x00000004bc800000, 0x00000004bd000000, 0x00000004bd000000|100%| O|  |TAMS 0x00000004bc800000| PB 0x00000004bc800000| Untracked 
| 378|0x00000004bd000000, 0x00000004bd800000, 0x00000004bd800000|100%| O|  |TAMS 0x00000004bd000000| PB 0x00000004bd000000| Untracked 
| 379|0x00000004bd800000, 0x00000004be000000, 0x00000004be000000|100%| O|  |TAMS 0x00000004bd800000| PB 0x00000004bd800000| Untracked 
| 380|0x00000004be000000, 0x00000004be800000, 0x00000004be800000|100%| O|  |TAMS 0x00000004be000000| PB 0x00000004be000000| Untracked 
| 381|0x00000004be800000, 0x00000004bf000000, 0x00000004bf000000|100%| O|  |TAMS 0x00000004be800000| PB 0x00000004be800000| Untracked 
| 382|0x00000004bf000000, 0x00000004bf800000, 0x00000004bf800000|100%| O|  |TAMS 0x00000004bf000000| PB 0x00000004bf000000| Untracked 
| 383|0x00000004bf800000, 0x00000004c0000000, 0x00000004c0000000|100%| O|  |TAMS 0x00000004bf800000| PB 0x00000004bf800000| Untracked 
| 384|0x00000004c0000000, 0x00000004c0800000, 0x00000004c0800000|100%| O|  |TAMS 0x00000004c0000000| PB 0x00000004c0000000| Untracked 
| 385|0x00000004c0800000, 0x00000004c1000000, 0x00000004c1000000|100%| O|  |TAMS 0x00000004c0800000| PB 0x00000004c0800000| Untracked 
| 386|0x00000004c1000000, 0x00000004c1800000, 0x00000004c1800000|100%| O|  |TAMS 0x00000004c1000000| PB 0x00000004c1000000| Untracked 
| 387|0x00000004c1800000, 0x00000004c2000000, 0x00000004c2000000|100%| O|  |TAMS 0x00000004c1800000| PB 0x00000004c1800000| Untracked 
| 388|0x00000004c2000000, 0x00000004c2800000, 0x00000004c2800000|100%| O|  |TAMS 0x00000004c2000000| PB 0x00000004c2000000| Untracked 
| 389|0x00000004c2800000, 0x00000004c3000000, 0x00000004c3000000|100%| O|  |TAMS 0x00000004c2800000| PB 0x00000004c2800000| Untracked 
| 390|0x00000004c3000000, 0x00000004c3800000, 0x00000004c3800000|100%| O|  |TAMS 0x00000004c3000000| PB 0x00000004c3000000| Untracked 
| 391|0x00000004c3800000, 0x00000004c4000000, 0x00000004c4000000|100%| O|  |TAMS 0x00000004c3800000| PB 0x00000004c3800000| Untracked 
| 392|0x00000004c4000000, 0x00000004c4800000, 0x00000004c4800000|100%| O|  |TAMS 0x00000004c4000000| PB 0x00000004c4000000| Untracked 
| 393|0x00000004c4800000, 0x00000004c4800000, 0x00000004c5000000|  0%| F|  |TAMS 0x00000004c4800000| PB 0x00000004c4800000| Untracked 
| 394|0x00000004c5000000, 0x00000004c5000000, 0x00000004c5800000|  0%| F|  |TAMS 0x00000004c5000000| PB 0x00000004c5000000| Untracked 
| 395|0x00000004c5800000, 0x00000004c5800000, 0x00000004c6000000|  0%| F|  |TAMS 0x00000004c5800000| PB 0x00000004c5800000| Untracked 
| 396|0x00000004c6000000, 0x00000004c6000000, 0x00000004c6800000|  0%| F|  |TAMS 0x00000004c6000000| PB 0x00000004c6000000| Untracked 
| 397|0x00000004c6800000, 0x00000004c6800000, 0x00000004c7000000|  0%| F|  |TAMS 0x00000004c6800000| PB 0x00000004c6800000| Untracked 
| 398|0x00000004c7000000, 0x00000004c7000000, 0x00000004c7800000|  0%| F|  |TAMS 0x00000004c7000000| PB 0x00000004c7000000| Untracked 
| 399|0x00000004c7800000, 0x00000004c7800000, 0x00000004c8000000|  0%| F|  |TAMS 0x00000004c7800000| PB 0x00000004c7800000| Untracked 
| 400|0x00000004c8000000, 0x00000004c8000000, 0x00000004c8800000|  0%| F|  |TAMS 0x00000004c8000000| PB 0x00000004c8000000| Untracked 
| 401|0x00000004c8800000, 0x00000004c8800000, 0x00000004c9000000|  0%| F|  |TAMS 0x00000004c8800000| PB 0x00000004c8800000| Untracked 
| 402|0x00000004c9000000, 0x00000004c9000000, 0x00000004c9800000|  0%| F|  |TAMS 0x00000004c9000000| PB 0x00000004c9000000| Untracked 
| 403|0x00000004c9800000, 0x00000004c9800000, 0x00000004ca000000|  0%| F|  |TAMS 0x00000004c9800000| PB 0x00000004c9800000| Untracked 
| 404|0x00000004ca000000, 0x00000004ca000000, 0x00000004ca800000|  0%| F|  |TAMS 0x00000004ca000000| PB 0x00000004ca000000| Untracked 
| 405|0x00000004ca800000, 0x00000004ca800000, 0x00000004cb000000|  0%| F|  |TAMS 0x00000004ca800000| PB 0x00000004ca800000| Untracked 
| 406|0x00000004cb000000, 0x00000004cb000000, 0x00000004cb800000|  0%| F|  |TAMS 0x00000004cb000000| PB 0x00000004cb000000| Untracked 
| 407|0x00000004cb800000, 0x00000004cb800000, 0x00000004cc000000|  0%| F|  |TAMS 0x00000004cb800000| PB 0x00000004cb800000| Untracked 
| 408|0x00000004cc000000, 0x00000004cc000000, 0x00000004cc800000|  0%| F|  |TAMS 0x00000004cc000000| PB 0x00000004cc000000| Untracked 
| 409|0x00000004cc800000, 0x00000004cc800000, 0x00000004cd000000|  0%| F|  |TAMS 0x00000004cc800000| PB 0x00000004cc800000| Untracked 
| 410|0x00000004cd000000, 0x00000004cd000000, 0x00000004cd800000|  0%| F|  |TAMS 0x00000004cd000000| PB 0x00000004cd000000| Untracked 
| 411|0x00000004cd800000, 0x00000004cd800000, 0x00000004ce000000|  0%| F|  |TAMS 0x00000004cd800000| PB 0x00000004cd800000| Untracked 
| 412|0x00000004ce000000, 0x00000004ce000000, 0x00000004ce800000|  0%| F|  |TAMS 0x00000004ce000000| PB 0x00000004ce000000| Untracked 
| 413|0x00000004ce800000, 0x00000004ce800000, 0x00000004cf000000|  0%| F|  |TAMS 0x00000004ce800000| PB 0x00000004ce800000| Untracked 
| 414|0x00000004cf000000, 0x00000004cf000000, 0x00000004cf800000|  0%| F|  |TAMS 0x00000004cf000000| PB 0x00000004cf000000| Untracked 
| 415|0x00000004cf800000, 0x00000004cf800000, 0x00000004d0000000|  0%| F|  |TAMS 0x00000004cf800000| PB 0x00000004cf800000| Untracked 
| 416|0x00000004d0000000, 0x00000004d0000000, 0x00000004d0800000|  0%| F|  |TAMS 0x00000004d0000000| PB 0x00000004d0000000| Untracked 
| 417|0x00000004d0800000, 0x00000004d0800000, 0x00000004d1000000|  0%| F|  |TAMS 0x00000004d0800000| PB 0x00000004d0800000| Untracked 
| 418|0x00000004d1000000, 0x00000004d1000000, 0x00000004d1800000|  0%| F|  |TAMS 0x00000004d1000000| PB 0x00000004d1000000| Untracked 
| 419|0x00000004d1800000, 0x00000004d1800000, 0x00000004d2000000|  0%| F|  |TAMS 0x00000004d1800000| PB 0x00000004d1800000| Untracked 
| 420|0x00000004d2000000, 0x00000004d2000000, 0x00000004d2800000|  0%| F|  |TAMS 0x00000004d2000000| PB 0x00000004d2000000| Untracked 
| 421|0x00000004d2800000, 0x00000004d2800000, 0x00000004d3000000|  0%| F|  |TAMS 0x00000004d2800000| PB 0x00000004d2800000| Untracked 
| 422|0x00000004d3000000, 0x00000004d3000000, 0x00000004d3800000|  0%| F|  |TAMS 0x00000004d3000000| PB 0x00000004d3000000| Untracked 
| 423|0x00000004d3800000, 0x00000004d3800000, 0x00000004d4000000|  0%| F|  |TAMS 0x00000004d3800000| PB 0x00000004d3800000| Untracked 
| 424|0x00000004d4000000, 0x00000004d4000000, 0x00000004d4800000|  0%| F|  |TAMS 0x00000004d4000000| PB 0x00000004d4000000| Untracked 
| 425|0x00000004d4800000, 0x00000004d4800000, 0x00000004d5000000|  0%| F|  |TAMS 0x00000004d4800000| PB 0x00000004d4800000| Untracked 
| 426|0x00000004d5000000, 0x00000004d5000000, 0x00000004d5800000|  0%| F|  |TAMS 0x00000004d5000000| PB 0x00000004d5000000| Untracked 
| 427|0x00000004d5800000, 0x00000004d5800000, 0x00000004d6000000|  0%| F|  |TAMS 0x00000004d5800000| PB 0x00000004d5800000| Untracked 
| 428|0x00000004d6000000, 0x00000004d6000000, 0x00000004d6800000|  0%| F|  |TAMS 0x00000004d6000000| PB 0x00000004d6000000| Untracked 
| 429|0x00000004d6800000, 0x00000004d6800000, 0x00000004d7000000|  0%| F|  |TAMS 0x00000004d6800000| PB 0x00000004d6800000| Untracked 
| 430|0x00000004d7000000, 0x00000004d7000000, 0x00000004d7800000|  0%| F|  |TAMS 0x00000004d7000000| PB 0x00000004d7000000| Untracked 
| 431|0x00000004d7800000, 0x00000004d7800000, 0x00000004d8000000|  0%| F|  |TAMS 0x00000004d7800000| PB 0x00000004d7800000| Untracked 
| 432|0x00000004d8000000, 0x00000004d8000000, 0x00000004d8800000|  0%| F|  |TAMS 0x00000004d8000000| PB 0x00000004d8000000| Untracked 
| 433|0x00000004d8800000, 0x00000004d8800000, 0x00000004d9000000|  0%| F|  |TAMS 0x00000004d8800000| PB 0x00000004d8800000| Untracked 
| 434|0x00000004d9000000, 0x00000004d9000000, 0x00000004d9800000|  0%| F|  |TAMS 0x00000004d9000000| PB 0x00000004d9000000| Untracked 
| 435|0x00000004d9800000, 0x00000004d9800000, 0x00000004da000000|  0%| F|  |TAMS 0x00000004d9800000| PB 0x00000004d9800000| Untracked 
| 436|0x00000004da000000, 0x00000004da000000, 0x00000004da800000|  0%| F|  |TAMS 0x00000004da000000| PB 0x00000004da000000| Untracked 
| 437|0x00000004da800000, 0x00000004da800000, 0x00000004db000000|  0%| F|  |TAMS 0x00000004da800000| PB 0x00000004da800000| Untracked 
| 438|0x00000004db000000, 0x00000004db000000, 0x00000004db800000|  0%| F|  |TAMS 0x00000004db000000| PB 0x00000004db000000| Untracked 
| 439|0x00000004db800000, 0x00000004db800000, 0x00000004dc000000|  0%| F|  |TAMS 0x00000004db800000| PB 0x00000004db800000| Untracked 
| 440|0x00000004dc000000, 0x00000004dc000000, 0x00000004dc800000|  0%| F|  |TAMS 0x00000004dc000000| PB 0x00000004dc000000| Untracked 
| 441|0x00000004dc800000, 0x00000004dc800000, 0x00000004dd000000|  0%| F|  |TAMS 0x00000004dc800000| PB 0x00000004dc800000| Untracked 
| 442|0x00000004dd000000, 0x00000004dd000000, 0x00000004dd800000|  0%| F|  |TAMS 0x00000004dd000000| PB 0x00000004dd000000| Untracked 
| 443|0x00000004dd800000, 0x00000004dd800000, 0x00000004de000000|  0%| F|  |TAMS 0x00000004dd800000| PB 0x00000004dd800000| Untracked 
| 444|0x00000004de000000, 0x00000004de000000, 0x00000004de800000|  0%| F|  |TAMS 0x00000004de000000| PB 0x00000004de000000| Untracked 
| 445|0x00000004de800000, 0x00000004de800000, 0x00000004df000000|  0%| F|  |TAMS 0x00000004de800000| PB 0x00000004de800000| Untracked 
| 446|0x00000004df000000, 0x00000004df000000, 0x00000004df800000|  0%| F|  |TAMS 0x00000004df000000| PB 0x00000004df000000| Untracked 
| 447|0x00000004df800000, 0x00000004df800000, 0x00000004e0000000|  0%| F|  |TAMS 0x00000004df800000| PB 0x00000004df800000| Untracked 
| 448|0x00000004e0000000, 0x00000004e0000000, 0x00000004e0800000|  0%| F|  |TAMS 0x00000004e0000000| PB 0x00000004e0000000| Untracked 
| 449|0x00000004e0800000, 0x00000004e0800000, 0x00000004e1000000|  0%| F|  |TAMS 0x00000004e0800000| PB 0x00000004e0800000| Untracked 
| 450|0x00000004e1000000, 0x00000004e1000000, 0x00000004e1800000|  0%| F|  |TAMS 0x00000004e1000000| PB 0x00000004e1000000| Untracked 
| 451|0x00000004e1800000, 0x00000004e1800000, 0x00000004e2000000|  0%| F|  |TAMS 0x00000004e1800000| PB 0x00000004e1800000| Untracked 
| 452|0x00000004e2000000, 0x00000004e2000000, 0x00000004e2800000|  0%| F|  |TAMS 0x00000004e2000000| PB 0x00000004e2000000| Untracked 
| 453|0x00000004e2800000, 0x00000004e2800000, 0x00000004e3000000|  0%| F|  |TAMS 0x00000004e2800000| PB 0x00000004e2800000| Untracked 
| 454|0x00000004e3000000, 0x00000004e3000000, 0x00000004e3800000|  0%| F|  |TAMS 0x00000004e3000000| PB 0x00000004e3000000| Untracked 
| 455|0x00000004e3800000, 0x00000004e3800000, 0x00000004e4000000|  0%| F|  |TAMS 0x00000004e3800000| PB 0x00000004e3800000| Untracked 
| 456|0x00000004e4000000, 0x00000004e4000000, 0x00000004e4800000|  0%| F|  |TAMS 0x00000004e4000000| PB 0x00000004e4000000| Untracked 
| 457|0x00000004e4800000, 0x00000004e4800000, 0x00000004e5000000|  0%| F|  |TAMS 0x00000004e4800000| PB 0x00000004e4800000| Untracked 
| 458|0x00000004e5000000, 0x00000004e5000000, 0x00000004e5800000|  0%| F|  |TAMS 0x00000004e5000000| PB 0x00000004e5000000| Untracked 
| 459|0x00000004e5800000, 0x00000004e5800000, 0x00000004e6000000|  0%| F|  |TAMS 0x00000004e5800000| PB 0x00000004e5800000| Untracked 
| 460|0x00000004e6000000, 0x00000004e6000000, 0x00000004e6800000|  0%| F|  |TAMS 0x00000004e6000000| PB 0x00000004e6000000| Untracked 
| 461|0x00000004e6800000, 0x00000004e6800000, 0x00000004e7000000|  0%| F|  |TAMS 0x00000004e6800000| PB 0x00000004e6800000| Untracked 
| 462|0x00000004e7000000, 0x00000004e7000000, 0x00000004e7800000|  0%| F|  |TAMS 0x00000004e7000000| PB 0x00000004e7000000| Untracked 
| 463|0x00000004e7800000, 0x00000004e7800000, 0x00000004e8000000|  0%| F|  |TAMS 0x00000004e7800000| PB 0x00000004e7800000| Untracked 
| 464|0x00000004e8000000, 0x00000004e8000000, 0x00000004e8800000|  0%| F|  |TAMS 0x00000004e8000000| PB 0x00000004e8000000| Untracked 
| 465|0x00000004e8800000, 0x00000004e8800000, 0x00000004e9000000|  0%| F|  |TAMS 0x00000004e8800000| PB 0x00000004e8800000| Untracked 
| 466|0x00000004e9000000, 0x00000004e9000000, 0x00000004e9800000|  0%| F|  |TAMS 0x00000004e9000000| PB 0x00000004e9000000| Untracked 
| 467|0x00000004e9800000, 0x00000004e9800000, 0x00000004ea000000|  0%| F|  |TAMS 0x00000004e9800000| PB 0x00000004e9800000| Untracked 
| 468|0x00000004ea000000, 0x00000004ea000000, 0x00000004ea800000|  0%| F|  |TAMS 0x00000004ea000000| PB 0x00000004ea000000| Untracked 
| 469|0x00000004ea800000, 0x00000004ea800000, 0x00000004eb000000|  0%| F|  |TAMS 0x00000004ea800000| PB 0x00000004ea800000| Untracked 
| 470|0x00000004eb000000, 0x00000004eb000000, 0x00000004eb800000|  0%| F|  |TAMS 0x00000004eb000000| PB 0x00000004eb000000| Untracked 
| 471|0x00000004eb800000, 0x00000004eb800000, 0x00000004ec000000|  0%| F|  |TAMS 0x00000004eb800000| PB 0x00000004eb800000| Untracked 
| 472|0x00000004ec000000, 0x00000004ec000000, 0x00000004ec800000|  0%| F|  |TAMS 0x00000004ec000000| PB 0x00000004ec000000| Untracked 
| 473|0x00000004ec800000, 0x00000004ec800000, 0x00000004ed000000|  0%| F|  |TAMS 0x00000004ec800000| PB 0x00000004ec800000| Untracked 
| 474|0x00000004ed000000, 0x00000004ed000000, 0x00000004ed800000|  0%| F|  |TAMS 0x00000004ed000000| PB 0x00000004ed000000| Untracked 
| 475|0x00000004ed800000, 0x00000004ed800000, 0x00000004ee000000|  0%| F|  |TAMS 0x00000004ed800000| PB 0x00000004ed800000| Untracked 
| 476|0x00000004ee000000, 0x00000004ee000000, 0x00000004ee800000|  0%| F|  |TAMS 0x00000004ee000000| PB 0x00000004ee000000| Untracked 
| 477|0x00000004ee800000, 0x00000004ee800000, 0x00000004ef000000|  0%| F|  |TAMS 0x00000004ee800000| PB 0x00000004ee800000| Untracked 
| 478|0x00000004ef000000, 0x00000004ef000000, 0x00000004ef800000|  0%| F|  |TAMS 0x00000004ef000000| PB 0x00000004ef000000| Untracked 
| 479|0x00000004ef800000, 0x00000004ef800000, 0x00000004f0000000|  0%| F|  |TAMS 0x00000004ef800000| PB 0x00000004ef800000| Untracked 
| 480|0x00000004f0000000, 0x00000004f0000000, 0x00000004f0800000|  0%| F|  |TAMS 0x00000004f0000000| PB 0x00000004f0000000| Untracked 
| 481|0x00000004f0800000, 0x00000004f0800000, 0x00000004f1000000|  0%| F|  |TAMS 0x00000004f0800000| PB 0x00000004f0800000| Untracked 
| 482|0x00000004f1000000, 0x00000004f1000000, 0x00000004f1800000|  0%| F|  |TAMS 0x00000004f1000000| PB 0x00000004f1000000| Untracked 
| 483|0x00000004f1800000, 0x00000004f1800000, 0x00000004f2000000|  0%| F|  |TAMS 0x00000004f1800000| PB 0x00000004f1800000| Untracked 
| 484|0x00000004f2000000, 0x00000004f2000000, 0x00000004f2800000|  0%| F|  |TAMS 0x00000004f2000000| PB 0x00000004f2000000| Untracked 
| 485|0x00000004f2800000, 0x00000004f2800000, 0x00000004f3000000|  0%| F|  |TAMS 0x00000004f2800000| PB 0x00000004f2800000| Untracked 
| 486|0x00000004f3000000, 0x00000004f3000000, 0x00000004f3800000|  0%| F|  |TAMS 0x00000004f3000000| PB 0x00000004f3000000| Untracked 
| 487|0x00000004f3800000, 0x00000004f3800000, 0x00000004f4000000|  0%| F|  |TAMS 0x00000004f3800000| PB 0x00000004f3800000| Untracked 
| 488|0x00000004f4000000, 0x00000004f4000000, 0x00000004f4800000|  0%| F|  |TAMS 0x00000004f4000000| PB 0x00000004f4000000| Untracked 
| 489|0x00000004f4800000, 0x00000004f4800000, 0x00000004f5000000|  0%| F|  |TAMS 0x00000004f4800000| PB 0x00000004f4800000| Untracked 
| 490|0x00000004f5000000, 0x00000004f5000000, 0x00000004f5800000|  0%| F|  |TAMS 0x00000004f5000000| PB 0x00000004f5000000| Untracked 
| 491|0x00000004f5800000, 0x00000004f5800000, 0x00000004f6000000|  0%| F|  |TAMS 0x00000004f5800000| PB 0x00000004f5800000| Untracked 
| 492|0x00000004f6000000, 0x00000004f6000000, 0x00000004f6800000|  0%| F|  |TAMS 0x00000004f6000000| PB 0x00000004f6000000| Untracked 
| 493|0x00000004f6800000, 0x00000004f6800000, 0x00000004f7000000|  0%| F|  |TAMS 0x00000004f6800000| PB 0x00000004f6800000| Untracked 
| 494|0x00000004f7000000, 0x00000004f7000000, 0x00000004f7800000|  0%| F|  |TAMS 0x00000004f7000000| PB 0x00000004f7000000| Untracked 
| 495|0x00000004f7800000, 0x00000004f7800000, 0x00000004f8000000|  0%| F|  |TAMS 0x00000004f7800000| PB 0x00000004f7800000| Untracked 
| 496|0x00000004f8000000, 0x00000004f8000000, 0x00000004f8800000|  0%| F|  |TAMS 0x00000004f8000000| PB 0x00000004f8000000| Untracked 
| 497|0x00000004f8800000, 0x00000004f8800000, 0x00000004f9000000|  0%| F|  |TAMS 0x00000004f8800000| PB 0x00000004f8800000| Untracked 
| 498|0x00000004f9000000, 0x00000004f9000000, 0x00000004f9800000|  0%| F|  |TAMS 0x00000004f9000000| PB 0x00000004f9000000| Untracked 
| 499|0x00000004f9800000, 0x00000004f9800000, 0x00000004fa000000|  0%| F|  |TAMS 0x00000004f9800000| PB 0x00000004f9800000| Untracked 
| 500|0x00000004fa000000, 0x00000004fa000000, 0x00000004fa800000|  0%| F|  |TAMS 0x00000004fa000000| PB 0x00000004fa000000| Untracked 
| 501|0x00000004fa800000, 0x00000004fa800000, 0x00000004fb000000|  0%| F|  |TAMS 0x00000004fa800000| PB 0x00000004fa800000| Untracked 
| 502|0x00000004fb000000, 0x00000004fb000000, 0x00000004fb800000|  0%| F|  |TAMS 0x00000004fb000000| PB 0x00000004fb000000| Untracked 
| 503|0x00000004fb800000, 0x00000004fb800000, 0x00000004fc000000|  0%| F|  |TAMS 0x00000004fb800000| PB 0x00000004fb800000| Untracked 
| 504|0x00000004fc000000, 0x00000004fc000000, 0x00000004fc800000|  0%| F|  |TAMS 0x00000004fc000000| PB 0x00000004fc000000| Untracked 
| 505|0x00000004fc800000, 0x00000004fc800000, 0x00000004fd000000|  0%| F|  |TAMS 0x00000004fc800000| PB 0x00000004fc800000| Untracked 
| 506|0x00000004fd000000, 0x00000004fd000000, 0x00000004fd800000|  0%| F|  |TAMS 0x00000004fd000000| PB 0x00000004fd000000| Untracked 
| 507|0x00000004fd800000, 0x00000004fd800000, 0x00000004fe000000|  0%| F|  |TAMS 0x00000004fd800000| PB 0x00000004fd800000| Untracked 
| 508|0x00000004fe000000, 0x00000004fe000000, 0x00000004fe800000|  0%| F|  |TAMS 0x00000004fe000000| PB 0x00000004fe000000| Untracked 
| 509|0x00000004fe800000, 0x00000004fe800000, 0x00000004ff000000|  0%| F|  |TAMS 0x00000004fe800000| PB 0x00000004fe800000| Untracked 
| 510|0x00000004ff000000, 0x00000004ff000000, 0x00000004ff800000|  0%| F|  |TAMS 0x00000004ff000000| PB 0x00000004ff000000| Untracked 
| 511|0x00000004ff800000, 0x00000004ff800000, 0x0000000500000000|  0%| F|  |TAMS 0x00000004ff800000| PB 0x00000004ff800000| Untracked 
| 512|0x0000000500000000, 0x0000000500000000, 0x0000000500800000|  0%| F|  |TAMS 0x0000000500000000| PB 0x0000000500000000| Untracked 
| 513|0x0000000500800000, 0x0000000500800000, 0x0000000501000000|  0%| F|  |TAMS 0x0000000500800000| PB 0x0000000500800000| Untracked 
| 514|0x0000000501000000, 0x0000000501000000, 0x0000000501800000|  0%| F|  |TAMS 0x0000000501000000| PB 0x0000000501000000| Untracked 
| 515|0x0000000501800000, 0x0000000501800000, 0x0000000502000000|  0%| F|  |TAMS 0x0000000501800000| PB 0x0000000501800000| Untracked 
| 516|0x0000000502000000, 0x0000000502000000, 0x0000000502800000|  0%| F|  |TAMS 0x0000000502000000| PB 0x0000000502000000| Untracked 
| 517|0x0000000502800000, 0x0000000502800000, 0x0000000503000000|  0%| F|  |TAMS 0x0000000502800000| PB 0x0000000502800000| Untracked 
| 518|0x0000000503000000, 0x0000000503000000, 0x0000000503800000|  0%| F|  |TAMS 0x0000000503000000| PB 0x0000000503000000| Untracked 
| 519|0x0000000503800000, 0x0000000503800000, 0x0000000504000000|  0%| F|  |TAMS 0x0000000503800000| PB 0x0000000503800000| Untracked 
| 520|0x0000000504000000, 0x0000000504000000, 0x0000000504800000|  0%| F|  |TAMS 0x0000000504000000| PB 0x0000000504000000| Untracked 
| 521|0x0000000504800000, 0x0000000504800000, 0x0000000505000000|  0%| F|  |TAMS 0x0000000504800000| PB 0x0000000504800000| Untracked 
| 522|0x0000000505000000, 0x0000000505000000, 0x0000000505800000|  0%| F|  |TAMS 0x0000000505000000| PB 0x0000000505000000| Untracked 
| 523|0x0000000505800000, 0x0000000505800000, 0x0000000506000000|  0%| F|  |TAMS 0x0000000505800000| PB 0x0000000505800000| Untracked 
| 524|0x0000000506000000, 0x0000000506000000, 0x0000000506800000|  0%| F|  |TAMS 0x0000000506000000| PB 0x0000000506000000| Untracked 
| 525|0x0000000506800000, 0x0000000506800000, 0x0000000507000000|  0%| F|  |TAMS 0x0000000506800000| PB 0x0000000506800000| Untracked 
| 526|0x0000000507000000, 0x0000000507000000, 0x0000000507800000|  0%| F|  |TAMS 0x0000000507000000| PB 0x0000000507000000| Untracked 
| 527|0x0000000507800000, 0x0000000507800000, 0x0000000508000000|  0%| F|  |TAMS 0x0000000507800000| PB 0x0000000507800000| Untracked 
| 528|0x0000000508000000, 0x0000000508800000, 0x0000000508800000|100%| O|  |TAMS 0x0000000508000000| PB 0x0000000508000000| Untracked 
| 529|0x0000000508800000, 0x0000000509000000, 0x0000000509000000|100%| O|  |TAMS 0x0000000508800000| PB 0x0000000508800000| Untracked 
| 530|0x0000000509000000, 0x0000000509800000, 0x0000000509800000|100%| O|  |TAMS 0x0000000509000000| PB 0x0000000509000000| Untracked 
| 531|0x0000000509800000, 0x000000050a000000, 0x000000050a000000|100%| O|  |TAMS 0x0000000509800000| PB 0x0000000509800000| Untracked 
| 532|0x000000050a000000, 0x000000050a800000, 0x000000050a800000|100%| O|  |TAMS 0x000000050a000000| PB 0x000000050a000000| Untracked 
| 533|0x000000050a800000, 0x000000050b000000, 0x000000050b000000|100%| O|  |TAMS 0x000000050a800000| PB 0x000000050a800000| Untracked 
| 534|0x000000050b000000, 0x000000050b800000, 0x000000050b800000|100%| O|  |TAMS 0x000000050b000000| PB 0x000000050b000000| Untracked 
| 535|0x000000050b800000, 0x000000050c000000, 0x000000050c000000|100%| O|  |TAMS 0x000000050b800000| PB 0x000000050b800000| Untracked 
| 536|0x000000050c000000, 0x000000050c800000, 0x000000050c800000|100%| O|  |TAMS 0x000000050c000000| PB 0x000000050c000000| Untracked 
| 537|0x000000050c800000, 0x000000050d000000, 0x000000050d000000|100%| O|  |TAMS 0x000000050c800000| PB 0x000000050c800000| Untracked 
| 538|0x000000050d000000, 0x000000050d800000, 0x000000050d800000|100%| O|  |TAMS 0x000000050d000000| PB 0x000000050d000000| Untracked 
| 539|0x000000050d800000, 0x000000050e000000, 0x000000050e000000|100%| O|  |TAMS 0x000000050d800000| PB 0x000000050d800000| Untracked 
| 540|0x000000050e000000, 0x000000050e800000, 0x000000050e800000|100%| O|  |TAMS 0x000000050e000000| PB 0x000000050e000000| Untracked 
| 541|0x000000050e800000, 0x000000050f000000, 0x000000050f000000|100%| O|  |TAMS 0x000000050e800000| PB 0x000000050e800000| Untracked 
| 542|0x000000050f000000, 0x000000050f800000, 0x000000050f800000|100%| O|  |TAMS 0x000000050f000000| PB 0x000000050f000000| Untracked 
| 543|0x000000050f800000, 0x0000000510000000, 0x0000000510000000|100%| O|  |TAMS 0x000000050f800000| PB 0x000000050f800000| Untracked 
| 544|0x0000000510000000, 0x0000000510800000, 0x0000000510800000|100%| O|  |TAMS 0x0000000510000000| PB 0x0000000510000000| Untracked 
| 545|0x0000000510800000, 0x0000000511000000, 0x0000000511000000|100%| O|  |TAMS 0x0000000510800000| PB 0x0000000510800000| Untracked 
| 546|0x0000000511000000, 0x0000000511800000, 0x0000000511800000|100%| O|  |TAMS 0x0000000511000000| PB 0x0000000511000000| Untracked 
| 547|0x0000000511800000, 0x0000000512000000, 0x0000000512000000|100%| O|  |TAMS 0x0000000511800000| PB 0x0000000511800000| Untracked 
| 548|0x0000000512000000, 0x0000000512800000, 0x0000000512800000|100%| O|  |TAMS 0x0000000512000000| PB 0x0000000512000000| Untracked 
| 549|0x0000000512800000, 0x0000000513000000, 0x0000000513000000|100%| O|  |TAMS 0x0000000512800000| PB 0x0000000512800000| Untracked 
| 550|0x0000000513000000, 0x0000000513800000, 0x0000000513800000|100%| O|  |TAMS 0x0000000513000000| PB 0x0000000513000000| Untracked 
| 551|0x0000000513800000, 0x0000000514000000, 0x0000000514000000|100%| O|  |TAMS 0x0000000513800000| PB 0x0000000513800000| Untracked 
| 552|0x0000000514000000, 0x0000000514800000, 0x0000000514800000|100%| O|  |TAMS 0x0000000514000000| PB 0x0000000514000000| Untracked 
| 553|0x0000000514800000, 0x0000000515000000, 0x0000000515000000|100%| O|  |TAMS 0x0000000514800000| PB 0x0000000514800000| Untracked 
| 554|0x0000000515000000, 0x0000000515800000, 0x0000000515800000|100%| O|  |TAMS 0x0000000515000000| PB 0x0000000515000000| Untracked 
| 555|0x0000000515800000, 0x0000000516000000, 0x0000000516000000|100%| O|  |TAMS 0x0000000515800000| PB 0x0000000515800000| Untracked 
| 556|0x0000000516000000, 0x0000000516800000, 0x0000000516800000|100%| O|  |TAMS 0x0000000516000000| PB 0x0000000516000000| Untracked 
| 557|0x0000000516800000, 0x0000000517000000, 0x0000000517000000|100%| O|  |TAMS 0x0000000516800000| PB 0x0000000516800000| Untracked 
| 558|0x0000000517000000, 0x0000000517800000, 0x0000000517800000|100%| O|  |TAMS 0x0000000517000000| PB 0x0000000517000000| Untracked 
| 559|0x0000000517800000, 0x0000000518000000, 0x0000000518000000|100%| O|  |TAMS 0x0000000517800000| PB 0x0000000517800000| Untracked 
| 560|0x0000000518000000, 0x0000000518800000, 0x0000000518800000|100%| O|  |TAMS 0x0000000518000000| PB 0x0000000518000000| Untracked 
| 561|0x0000000518800000, 0x0000000519000000, 0x0000000519000000|100%| O|  |TAMS 0x0000000518800000| PB 0x0000000518800000| Untracked 
| 562|0x0000000519000000, 0x0000000519800000, 0x0000000519800000|100%| O|  |TAMS 0x0000000519000000| PB 0x0000000519000000| Untracked 
| 563|0x0000000519800000, 0x000000051a000000, 0x000000051a000000|100%| O|  |TAMS 0x0000000519800000| PB 0x0000000519800000| Untracked 
| 564|0x000000051a000000, 0x000000051a800000, 0x000000051a800000|100%| O|  |TAMS 0x000000051a000000| PB 0x000000051a000000| Untracked 
| 565|0x000000051a800000, 0x000000051b000000, 0x000000051b000000|100%| O|  |TAMS 0x000000051a800000| PB 0x000000051a800000| Untracked 
| 566|0x000000051b000000, 0x000000051b800000, 0x000000051b800000|100%| O|  |TAMS 0x000000051b000000| PB 0x000000051b000000| Untracked 
| 567|0x000000051b800000, 0x000000051c000000, 0x000000051c000000|100%| O|  |TAMS 0x000000051b800000| PB 0x000000051b800000| Untracked 
| 568|0x000000051c000000, 0x000000051c800000, 0x000000051c800000|100%| O|  |TAMS 0x000000051c000000| PB 0x000000051c000000| Untracked 
| 569|0x000000051c800000, 0x000000051d000000, 0x000000051d000000|100%| O|  |TAMS 0x000000051c800000| PB 0x000000051c800000| Untracked 
| 570|0x000000051d000000, 0x000000051d800000, 0x000000051d800000|100%| O|  |TAMS 0x000000051d000000| PB 0x000000051d000000| Untracked 
| 571|0x000000051d800000, 0x000000051e000000, 0x000000051e000000|100%| O|  |TAMS 0x000000051d800000| PB 0x000000051d800000| Untracked 
| 572|0x000000051e000000, 0x000000051e800000, 0x000000051e800000|100%| O|  |TAMS 0x000000051e000000| PB 0x000000051e000000| Untracked 
| 573|0x000000051e800000, 0x000000051f000000, 0x000000051f000000|100%| O|  |TAMS 0x000000051e800000| PB 0x000000051e800000| Untracked 
| 574|0x000000051f000000, 0x000000051f800000, 0x000000051f800000|100%| O|  |TAMS 0x000000051f000000| PB 0x000000051f000000| Untracked 
| 575|0x000000051f800000, 0x0000000520000000, 0x0000000520000000|100%| O|  |TAMS 0x000000051f800000| PB 0x000000051f800000| Untracked 
| 576|0x0000000520000000, 0x0000000520800000, 0x0000000520800000|100%| O|  |TAMS 0x0000000520000000| PB 0x0000000520000000| Untracked 
| 577|0x0000000520800000, 0x0000000521000000, 0x0000000521000000|100%| O|  |TAMS 0x0000000520800000| PB 0x0000000520800000| Untracked 
| 578|0x0000000521000000, 0x0000000521800000, 0x0000000521800000|100%| O|  |TAMS 0x0000000521000000| PB 0x0000000521000000| Untracked 
| 579|0x0000000521800000, 0x0000000522000000, 0x0000000522000000|100%| O|  |TAMS 0x0000000521800000| PB 0x0000000521800000| Untracked 
| 580|0x0000000522000000, 0x0000000522800000, 0x0000000522800000|100%| O|  |TAMS 0x0000000522000000| PB 0x0000000522000000| Untracked 
| 581|0x0000000522800000, 0x0000000523000000, 0x0000000523000000|100%| O|  |TAMS 0x0000000522800000| PB 0x0000000522800000| Untracked 
| 582|0x0000000523000000, 0x0000000523800000, 0x0000000523800000|100%| O|  |TAMS 0x0000000523000000| PB 0x0000000523000000| Untracked 
| 583|0x0000000523800000, 0x0000000524000000, 0x0000000524000000|100%| O|  |TAMS 0x0000000523800000| PB 0x0000000523800000| Untracked 
| 584|0x0000000524000000, 0x0000000524800000, 0x0000000524800000|100%| O|  |TAMS 0x0000000524000000| PB 0x0000000524000000| Untracked 
| 585|0x0000000524800000, 0x0000000525000000, 0x0000000525000000|100%| O|  |TAMS 0x0000000524800000| PB 0x0000000524800000| Untracked 
| 586|0x0000000525000000, 0x0000000525800000, 0x0000000525800000|100%| O|  |TAMS 0x0000000525000000| PB 0x0000000525000000| Untracked 
| 587|0x0000000525800000, 0x0000000526000000, 0x0000000526000000|100%| O|  |TAMS 0x0000000525800000| PB 0x0000000525800000| Untracked 
| 588|0x0000000526000000, 0x0000000526800000, 0x0000000526800000|100%| O|  |TAMS 0x0000000526000000| PB 0x0000000526000000| Untracked 
| 589|0x0000000526800000, 0x0000000527000000, 0x0000000527000000|100%| O|  |TAMS 0x0000000526800000| PB 0x0000000526800000| Untracked 
| 590|0x0000000527000000, 0x0000000527800000, 0x0000000527800000|100%| O|  |TAMS 0x0000000527000000| PB 0x0000000527000000| Untracked 
| 591|0x0000000527800000, 0x0000000528000000, 0x0000000528000000|100%| O|  |TAMS 0x0000000527800000| PB 0x0000000527800000| Untracked 
| 592|0x0000000528000000, 0x0000000528800000, 0x0000000528800000|100%| O|  |TAMS 0x0000000528000000| PB 0x0000000528000000| Untracked 
| 593|0x0000000528800000, 0x0000000529000000, 0x0000000529000000|100%| O|  |TAMS 0x0000000528800000| PB 0x0000000528800000| Untracked 
| 594|0x0000000529000000, 0x0000000529800000, 0x0000000529800000|100%| O|  |TAMS 0x0000000529000000| PB 0x0000000529000000| Untracked 
| 595|0x0000000529800000, 0x000000052a000000, 0x000000052a000000|100%| O|  |TAMS 0x0000000529800000| PB 0x0000000529800000| Untracked 
| 596|0x000000052a000000, 0x000000052a800000, 0x000000052a800000|100%| O|  |TAMS 0x000000052a000000| PB 0x000000052a000000| Untracked 
| 597|0x000000052a800000, 0x000000052b000000, 0x000000052b000000|100%| O|  |TAMS 0x000000052a800000| PB 0x000000052a800000| Untracked 
| 598|0x000000052b000000, 0x000000052b800000, 0x000000052b800000|100%| O|  |TAMS 0x000000052b000000| PB 0x000000052b000000| Untracked 
| 599|0x000000052b800000, 0x000000052c000000, 0x000000052c000000|100%| O|  |TAMS 0x000000052b800000| PB 0x000000052b800000| Untracked 
| 600|0x000000052c000000, 0x000000052c800000, 0x000000052c800000|100%| O|  |TAMS 0x000000052c000000| PB 0x000000052c000000| Untracked 
| 601|0x000000052c800000, 0x000000052d000000, 0x000000052d000000|100%| O|  |TAMS 0x000000052c800000| PB 0x000000052c800000| Untracked 
| 602|0x000000052d000000, 0x000000052d800000, 0x000000052d800000|100%| O|  |TAMS 0x000000052d000000| PB 0x000000052d000000| Untracked 
| 603|0x000000052d800000, 0x000000052e000000, 0x000000052e000000|100%| O|  |TAMS 0x000000052d800000| PB 0x000000052d800000| Untracked 
| 604|0x000000052e000000, 0x000000052e800000, 0x000000052e800000|100%| O|  |TAMS 0x000000052e000000| PB 0x000000052e000000| Untracked 
| 605|0x000000052e800000, 0x000000052f000000, 0x000000052f000000|100%| O|  |TAMS 0x000000052e800000| PB 0x000000052e800000| Untracked 
| 606|0x000000052f000000, 0x000000052f800000, 0x000000052f800000|100%| O|  |TAMS 0x000000052f000000| PB 0x000000052f000000| Untracked 
| 607|0x000000052f800000, 0x0000000530000000, 0x0000000530000000|100%| O|  |TAMS 0x000000052f800000| PB 0x000000052f800000| Untracked 
| 608|0x0000000530000000, 0x0000000530800000, 0x0000000530800000|100%| O|  |TAMS 0x0000000530000000| PB 0x0000000530000000| Untracked 
| 609|0x0000000530800000, 0x0000000531000000, 0x0000000531000000|100%| O|  |TAMS 0x0000000530800000| PB 0x0000000530800000| Untracked 
| 610|0x0000000531000000, 0x0000000531800000, 0x0000000531800000|100%| O|  |TAMS 0x0000000531000000| PB 0x0000000531000000| Untracked 
| 611|0x0000000531800000, 0x0000000532000000, 0x0000000532000000|100%| O|  |TAMS 0x0000000531800000| PB 0x0000000531800000| Untracked 
| 612|0x0000000532000000, 0x0000000532800000, 0x0000000532800000|100%| O|  |TAMS 0x0000000532000000| PB 0x0000000532000000| Untracked 
| 613|0x0000000532800000, 0x0000000533000000, 0x0000000533000000|100%| O|  |TAMS 0x0000000532800000| PB 0x0000000532800000| Untracked 
| 614|0x0000000533000000, 0x0000000533800000, 0x0000000533800000|100%| O|  |TAMS 0x0000000533000000| PB 0x0000000533000000| Untracked 
| 615|0x0000000533800000, 0x0000000534000000, 0x0000000534000000|100%| O|  |TAMS 0x0000000533800000| PB 0x0000000533800000| Untracked 
| 616|0x0000000534000000, 0x0000000534800000, 0x0000000534800000|100%| O|  |TAMS 0x0000000534000000| PB 0x0000000534000000| Untracked 
| 617|0x0000000534800000, 0x0000000535000000, 0x0000000535000000|100%| O|  |TAMS 0x0000000534800000| PB 0x0000000534800000| Untracked 
| 618|0x0000000535000000, 0x0000000535800000, 0x0000000535800000|100%| O|  |TAMS 0x0000000535000000| PB 0x0000000535000000| Untracked 
| 619|0x0000000535800000, 0x0000000536000000, 0x0000000536000000|100%| O|  |TAMS 0x0000000535800000| PB 0x0000000535800000| Untracked 
| 620|0x0000000536000000, 0x0000000536800000, 0x0000000536800000|100%| O|  |TAMS 0x0000000536000000| PB 0x0000000536000000| Untracked 
| 621|0x0000000536800000, 0x0000000537000000, 0x0000000537000000|100%| O|  |TAMS 0x0000000536800000| PB 0x0000000536800000| Untracked 
| 622|0x0000000537000000, 0x0000000537800000, 0x0000000537800000|100%| O|  |TAMS 0x0000000537000000| PB 0x0000000537000000| Untracked 
| 623|0x0000000537800000, 0x0000000538000000, 0x0000000538000000|100%| O|  |TAMS 0x0000000537800000| PB 0x0000000537800000| Untracked 
| 624|0x0000000538000000, 0x0000000538800000, 0x0000000538800000|100%| O|  |TAMS 0x0000000538000000| PB 0x0000000538000000| Untracked 
| 625|0x0000000538800000, 0x0000000539000000, 0x0000000539000000|100%| O|  |TAMS 0x0000000538800000| PB 0x0000000538800000| Untracked 
| 626|0x0000000539000000, 0x0000000539800000, 0x0000000539800000|100%| O|  |TAMS 0x0000000539000000| PB 0x0000000539000000| Untracked 
| 627|0x0000000539800000, 0x000000053a000000, 0x000000053a000000|100%| O|  |TAMS 0x0000000539800000| PB 0x0000000539800000| Untracked 
| 628|0x000000053a000000, 0x000000053a800000, 0x000000053a800000|100%| O|  |TAMS 0x000000053a000000| PB 0x000000053a000000| Untracked 
| 629|0x000000053a800000, 0x000000053b000000, 0x000000053b000000|100%| O|  |TAMS 0x000000053a800000| PB 0x000000053a800000| Untracked 
| 630|0x000000053b000000, 0x000000053b800000, 0x000000053b800000|100%| O|  |TAMS 0x000000053b000000| PB 0x000000053b000000| Untracked 
| 631|0x000000053b800000, 0x000000053c000000, 0x000000053c000000|100%| O|  |TAMS 0x000000053b800000| PB 0x000000053b800000| Untracked 
| 632|0x000000053c000000, 0x000000053c800000, 0x000000053c800000|100%| O|  |TAMS 0x000000053c000000| PB 0x000000053c000000| Untracked 
| 633|0x000000053c800000, 0x000000053d000000, 0x000000053d000000|100%| O|  |TAMS 0x000000053c800000| PB 0x000000053c800000| Untracked 
| 634|0x000000053d000000, 0x000000053d800000, 0x000000053d800000|100%| O|  |TAMS 0x000000053d000000| PB 0x000000053d000000| Untracked 
| 635|0x000000053d800000, 0x000000053e000000, 0x000000053e000000|100%| O|  |TAMS 0x000000053d800000| PB 0x000000053d800000| Untracked 
| 636|0x000000053e000000, 0x000000053e800000, 0x000000053e800000|100%| O|  |TAMS 0x000000053e000000| PB 0x000000053e000000| Untracked 
| 637|0x000000053e800000, 0x000000053f000000, 0x000000053f000000|100%| O|  |TAMS 0x000000053e800000| PB 0x000000053e800000| Untracked 
| 638|0x000000053f000000, 0x000000053f800000, 0x000000053f800000|100%| O|  |TAMS 0x000000053f000000| PB 0x000000053f000000| Untracked 
| 639|0x000000053f800000, 0x0000000540000000, 0x0000000540000000|100%| O|  |TAMS 0x000000053f800000| PB 0x000000053f800000| Untracked 
| 640|0x0000000540000000, 0x0000000540800000, 0x0000000540800000|100%| O|  |TAMS 0x0000000540000000| PB 0x0000000540000000| Untracked 
| 641|0x0000000540800000, 0x0000000540800000, 0x0000000541000000|  0%| F|  |TAMS 0x0000000540800000| PB 0x0000000540800000| Untracked 
| 642|0x0000000541000000, 0x0000000541000000, 0x0000000541800000|  0%| F|  |TAMS 0x0000000541000000| PB 0x0000000541000000| Untracked 
| 643|0x0000000541800000, 0x0000000541800000, 0x0000000542000000|  0%| F|  |TAMS 0x0000000541800000| PB 0x0000000541800000| Untracked 
| 644|0x0000000542000000, 0x0000000542000000, 0x0000000542800000|  0%| F|  |TAMS 0x0000000542000000| PB 0x0000000542000000| Untracked 
| 645|0x0000000542800000, 0x0000000542800000, 0x0000000543000000|  0%| F|  |TAMS 0x0000000542800000| PB 0x0000000542800000| Untracked 
| 646|0x0000000543000000, 0x0000000543000000, 0x0000000543800000|  0%| F|  |TAMS 0x0000000543000000| PB 0x0000000543000000| Untracked 
| 647|0x0000000543800000, 0x0000000543800000, 0x0000000544000000|  0%| F|  |TAMS 0x0000000543800000| PB 0x0000000543800000| Untracked 
| 648|0x0000000544000000, 0x0000000544000000, 0x0000000544800000|  0%| F|  |TAMS 0x0000000544000000| PB 0x0000000544000000| Untracked 
| 649|0x0000000544800000, 0x0000000544800000, 0x0000000545000000|  0%| F|  |TAMS 0x0000000544800000| PB 0x0000000544800000| Untracked 
| 650|0x0000000545000000, 0x0000000545000000, 0x0000000545800000|  0%| F|  |TAMS 0x0000000545000000| PB 0x0000000545000000| Untracked 
| 651|0x0000000545800000, 0x0000000545800000, 0x0000000546000000|  0%| F|  |TAMS 0x0000000545800000| PB 0x0000000545800000| Untracked 
| 652|0x0000000546000000, 0x0000000546000000, 0x0000000546800000|  0%| F|  |TAMS 0x0000000546000000| PB 0x0000000546000000| Untracked 
| 653|0x0000000546800000, 0x0000000546800000, 0x0000000547000000|  0%| F|  |TAMS 0x0000000546800000| PB 0x0000000546800000| Untracked 
| 654|0x0000000547000000, 0x0000000547000000, 0x0000000547800000|  0%| F|  |TAMS 0x0000000547000000| PB 0x0000000547000000| Untracked 
| 655|0x0000000547800000, 0x0000000547800000, 0x0000000548000000|  0%| F|  |TAMS 0x0000000547800000| PB 0x0000000547800000| Untracked 
| 656|0x0000000548000000, 0x0000000548000000, 0x0000000548800000|  0%| F|  |TAMS 0x0000000548000000| PB 0x0000000548000000| Untracked 
| 657|0x0000000548800000, 0x0000000548800000, 0x0000000549000000|  0%| F|  |TAMS 0x0000000548800000| PB 0x0000000548800000| Untracked 
| 658|0x0000000549000000, 0x0000000549000000, 0x0000000549800000|  0%| F|  |TAMS 0x0000000549000000| PB 0x0000000549000000| Untracked 
| 659|0x0000000549800000, 0x0000000549800000, 0x000000054a000000|  0%| F|  |TAMS 0x0000000549800000| PB 0x0000000549800000| Untracked 
| 660|0x000000054a000000, 0x000000054a000000, 0x000000054a800000|  0%| F|  |TAMS 0x000000054a000000| PB 0x000000054a000000| Untracked 
| 661|0x000000054a800000, 0x000000054a800000, 0x000000054b000000|  0%| F|  |TAMS 0x000000054a800000| PB 0x000000054a800000| Untracked 
| 662|0x000000054b000000, 0x000000054b000000, 0x000000054b800000|  0%| F|  |TAMS 0x000000054b000000| PB 0x000000054b000000| Untracked 
| 663|0x000000054b800000, 0x000000054b800000, 0x000000054c000000|  0%| F|  |TAMS 0x000000054b800000| PB 0x000000054b800000| Untracked 
| 664|0x000000054c000000, 0x000000054c000000, 0x000000054c800000|  0%| F|  |TAMS 0x000000054c000000| PB 0x000000054c000000| Untracked 
| 665|0x000000054c800000, 0x000000054c800000, 0x000000054d000000|  0%| F|  |TAMS 0x000000054c800000| PB 0x000000054c800000| Untracked 
| 666|0x000000054d000000, 0x000000054d000000, 0x000000054d800000|  0%| F|  |TAMS 0x000000054d000000| PB 0x000000054d000000| Untracked 
| 667|0x000000054d800000, 0x000000054d800000, 0x000000054e000000|  0%| F|  |TAMS 0x000000054d800000| PB 0x000000054d800000| Untracked 
| 668|0x000000054e000000, 0x000000054e000000, 0x000000054e800000|  0%| F|  |TAMS 0x000000054e000000| PB 0x000000054e000000| Untracked 
| 669|0x000000054e800000, 0x000000054e800000, 0x000000054f000000|  0%| F|  |TAMS 0x000000054e800000| PB 0x000000054e800000| Untracked 
| 670|0x000000054f000000, 0x000000054f000000, 0x000000054f800000|  0%| F|  |TAMS 0x000000054f000000| PB 0x000000054f000000| Untracked 
| 671|0x000000054f800000, 0x000000054f800000, 0x0000000550000000|  0%| F|  |TAMS 0x000000054f800000| PB 0x000000054f800000| Untracked 
| 672|0x0000000550000000, 0x0000000550000000, 0x0000000550800000|  0%| F|  |TAMS 0x0000000550000000| PB 0x0000000550000000| Untracked 
| 673|0x0000000550800000, 0x0000000550800000, 0x0000000551000000|  0%| F|  |TAMS 0x0000000550800000| PB 0x0000000550800000| Untracked 
| 674|0x0000000551000000, 0x0000000551000000, 0x0000000551800000|  0%| F|  |TAMS 0x0000000551000000| PB 0x0000000551000000| Untracked 
| 675|0x0000000551800000, 0x0000000551800000, 0x0000000552000000|  0%| F|  |TAMS 0x0000000551800000| PB 0x0000000551800000| Untracked 
| 676|0x0000000552000000, 0x0000000552000000, 0x0000000552800000|  0%| F|  |TAMS 0x0000000552000000| PB 0x0000000552000000| Untracked 
| 677|0x0000000552800000, 0x0000000552800000, 0x0000000553000000|  0%| F|  |TAMS 0x0000000552800000| PB 0x0000000552800000| Untracked 
| 678|0x0000000553000000, 0x0000000553000000, 0x0000000553800000|  0%| F|  |TAMS 0x0000000553000000| PB 0x0000000553000000| Untracked 
| 679|0x0000000553800000, 0x0000000553800000, 0x0000000554000000|  0%| F|  |TAMS 0x0000000553800000| PB 0x0000000553800000| Untracked 
| 680|0x0000000554000000, 0x0000000554000000, 0x0000000554800000|  0%| F|  |TAMS 0x0000000554000000| PB 0x0000000554000000| Untracked 
| 681|0x0000000554800000, 0x0000000554800000, 0x0000000555000000|  0%| F|  |TAMS 0x0000000554800000| PB 0x0000000554800000| Untracked 
| 682|0x0000000555000000, 0x0000000555000000, 0x0000000555800000|  0%| F|  |TAMS 0x0000000555000000| PB 0x0000000555000000| Untracked 
| 683|0x0000000555800000, 0x0000000555800000, 0x0000000556000000|  0%| F|  |TAMS 0x0000000555800000| PB 0x0000000555800000| Untracked 
| 684|0x0000000556000000, 0x0000000556000000, 0x0000000556800000|  0%| F|  |TAMS 0x0000000556000000| PB 0x0000000556000000| Untracked 
| 685|0x0000000556800000, 0x0000000556800000, 0x0000000557000000|  0%| F|  |TAMS 0x0000000556800000| PB 0x0000000556800000| Untracked 
| 686|0x0000000557000000, 0x0000000557000000, 0x0000000557800000|  0%| F|  |TAMS 0x0000000557000000| PB 0x0000000557000000| Untracked 
| 687|0x0000000557800000, 0x0000000557800000, 0x0000000558000000|  0%| F|  |TAMS 0x0000000557800000| PB 0x0000000557800000| Untracked 
| 688|0x0000000558000000, 0x0000000558000000, 0x0000000558800000|  0%| F|  |TAMS 0x0000000558000000| PB 0x0000000558000000| Untracked 
| 689|0x0000000558800000, 0x0000000558800000, 0x0000000559000000|  0%| F|  |TAMS 0x0000000558800000| PB 0x0000000558800000| Untracked 
| 690|0x0000000559000000, 0x0000000559000000, 0x0000000559800000|  0%| F|  |TAMS 0x0000000559000000| PB 0x0000000559000000| Untracked 
| 691|0x0000000559800000, 0x0000000559800000, 0x000000055a000000|  0%| F|  |TAMS 0x0000000559800000| PB 0x0000000559800000| Untracked 
| 692|0x000000055a000000, 0x000000055a000000, 0x000000055a800000|  0%| F|  |TAMS 0x000000055a000000| PB 0x000000055a000000| Untracked 
| 693|0x000000055a800000, 0x000000055a800000, 0x000000055b000000|  0%| F|  |TAMS 0x000000055a800000| PB 0x000000055a800000| Untracked 
| 694|0x000000055b000000, 0x000000055b000000, 0x000000055b800000|  0%| F|  |TAMS 0x000000055b000000| PB 0x000000055b000000| Untracked 
| 695|0x000000055b800000, 0x000000055b800000, 0x000000055c000000|  0%| F|  |TAMS 0x000000055b800000| PB 0x000000055b800000| Untracked 
| 696|0x000000055c000000, 0x000000055c000000, 0x000000055c800000|  0%| F|  |TAMS 0x000000055c000000| PB 0x000000055c000000| Untracked 
| 697|0x000000055c800000, 0x000000055c800000, 0x000000055d000000|  0%| F|  |TAMS 0x000000055c800000| PB 0x000000055c800000| Untracked 
| 698|0x000000055d000000, 0x000000055d000000, 0x000000055d800000|  0%| F|  |TAMS 0x000000055d000000| PB 0x000000055d000000| Untracked 
| 699|0x000000055d800000, 0x000000055d800000, 0x000000055e000000|  0%| F|  |TAMS 0x000000055d800000| PB 0x000000055d800000| Untracked 
| 700|0x000000055e000000, 0x000000055e000000, 0x000000055e800000|  0%| F|  |TAMS 0x000000055e000000| PB 0x000000055e000000| Untracked 
| 701|0x000000055e800000, 0x000000055e800000, 0x000000055f000000|  0%| F|  |TAMS 0x000000055e800000| PB 0x000000055e800000| Untracked 
| 702|0x000000055f000000, 0x000000055f000000, 0x000000055f800000|  0%| F|  |TAMS 0x000000055f000000| PB 0x000000055f000000| Untracked 
| 703|0x000000055f800000, 0x000000055f800000, 0x0000000560000000|  0%| F|  |TAMS 0x000000055f800000| PB 0x000000055f800000| Untracked 
| 704|0x0000000560000000, 0x0000000560000000, 0x0000000560800000|  0%| F|  |TAMS 0x0000000560000000| PB 0x0000000560000000| Untracked 
| 705|0x0000000560800000, 0x0000000560800000, 0x0000000561000000|  0%| F|  |TAMS 0x0000000560800000| PB 0x0000000560800000| Untracked 
| 706|0x0000000561000000, 0x0000000561000000, 0x0000000561800000|  0%| F|  |TAMS 0x0000000561000000| PB 0x0000000561000000| Untracked 
| 707|0x0000000561800000, 0x0000000561800000, 0x0000000562000000|  0%| F|  |TAMS 0x0000000561800000| PB 0x0000000561800000| Untracked 
| 708|0x0000000562000000, 0x0000000562000000, 0x0000000562800000|  0%| F|  |TAMS 0x0000000562000000| PB 0x0000000562000000| Untracked 
| 709|0x0000000562800000, 0x0000000562800000, 0x0000000563000000|  0%| F|  |TAMS 0x0000000562800000| PB 0x0000000562800000| Untracked 
| 710|0x0000000563000000, 0x0000000563000000, 0x0000000563800000|  0%| F|  |TAMS 0x0000000563000000| PB 0x0000000563000000| Untracked 
| 711|0x0000000563800000, 0x0000000563800000, 0x0000000564000000|  0%| F|  |TAMS 0x0000000563800000| PB 0x0000000563800000| Untracked 
| 712|0x0000000564000000, 0x0000000564000000, 0x0000000564800000|  0%| F|  |TAMS 0x0000000564000000| PB 0x0000000564000000| Untracked 
| 713|0x0000000564800000, 0x0000000564800000, 0x0000000565000000|  0%| F|  |TAMS 0x0000000564800000| PB 0x0000000564800000| Untracked 
| 714|0x0000000565000000, 0x0000000565000000, 0x0000000565800000|  0%| F|  |TAMS 0x0000000565000000| PB 0x0000000565000000| Untracked 
| 715|0x0000000565800000, 0x0000000565800000, 0x0000000566000000|  0%| F|  |TAMS 0x0000000565800000| PB 0x0000000565800000| Untracked 
| 716|0x0000000566000000, 0x0000000566000000, 0x0000000566800000|  0%| F|  |TAMS 0x0000000566000000| PB 0x0000000566000000| Untracked 
| 717|0x0000000566800000, 0x0000000566800000, 0x0000000567000000|  0%| F|  |TAMS 0x0000000566800000| PB 0x0000000566800000| Untracked 
| 718|0x0000000567000000, 0x0000000567000000, 0x0000000567800000|  0%| F|  |TAMS 0x0000000567000000| PB 0x0000000567000000| Untracked 
| 719|0x0000000567800000, 0x0000000567800000, 0x0000000568000000|  0%| F|  |TAMS 0x0000000567800000| PB 0x0000000567800000| Untracked 
| 720|0x0000000568000000, 0x0000000568000000, 0x0000000568800000|  0%| F|  |TAMS 0x0000000568000000| PB 0x0000000568000000| Untracked 
| 721|0x0000000568800000, 0x0000000568800000, 0x0000000569000000|  0%| F|  |TAMS 0x0000000568800000| PB 0x0000000568800000| Untracked 
| 722|0x0000000569000000, 0x0000000569000000, 0x0000000569800000|  0%| F|  |TAMS 0x0000000569000000| PB 0x0000000569000000| Untracked 
| 723|0x0000000569800000, 0x0000000569800000, 0x000000056a000000|  0%| F|  |TAMS 0x0000000569800000| PB 0x0000000569800000| Untracked 
| 724|0x000000056a000000, 0x000000056a000000, 0x000000056a800000|  0%| F|  |TAMS 0x000000056a000000| PB 0x000000056a000000| Untracked 
| 725|0x000000056a800000, 0x000000056a800000, 0x000000056b000000|  0%| F|  |TAMS 0x000000056a800000| PB 0x000000056a800000| Untracked 
| 726|0x000000056b000000, 0x000000056b000000, 0x000000056b800000|  0%| F|  |TAMS 0x000000056b000000| PB 0x000000056b000000| Untracked 
| 727|0x000000056b800000, 0x000000056b800000, 0x000000056c000000|  0%| F|  |TAMS 0x000000056b800000| PB 0x000000056b800000| Untracked 
| 728|0x000000056c000000, 0x000000056c000000, 0x000000056c800000|  0%| F|  |TAMS 0x000000056c000000| PB 0x000000056c000000| Untracked 
| 729|0x000000056c800000, 0x000000056c800000, 0x000000056d000000|  0%| F|  |TAMS 0x000000056c800000| PB 0x000000056c800000| Untracked 
| 730|0x000000056d000000, 0x000000056d000000, 0x000000056d800000|  0%| F|  |TAMS 0x000000056d000000| PB 0x000000056d000000| Untracked 
| 731|0x000000056d800000, 0x000000056d800000, 0x000000056e000000|  0%| F|  |TAMS 0x000000056d800000| PB 0x000000056d800000| Untracked 
| 732|0x000000056e000000, 0x000000056e000000, 0x000000056e800000|  0%| F|  |TAMS 0x000000056e000000| PB 0x000000056e000000| Untracked 
| 733|0x000000056e800000, 0x000000056e800000, 0x000000056f000000|  0%| F|  |TAMS 0x000000056e800000| PB 0x000000056e800000| Untracked 
| 734|0x000000056f000000, 0x000000056f000000, 0x000000056f800000|  0%| F|  |TAMS 0x000000056f000000| PB 0x000000056f000000| Untracked 
| 735|0x000000056f800000, 0x000000056f800000, 0x0000000570000000|  0%| F|  |TAMS 0x000000056f800000| PB 0x000000056f800000| Untracked 
| 736|0x0000000570000000, 0x0000000570000000, 0x0000000570800000|  0%| F|  |TAMS 0x0000000570000000| PB 0x0000000570000000| Untracked 
| 737|0x0000000570800000, 0x0000000570800000, 0x0000000571000000|  0%| F|  |TAMS 0x0000000570800000| PB 0x0000000570800000| Untracked 
| 738|0x0000000571000000, 0x0000000571000000, 0x0000000571800000|  0%| F|  |TAMS 0x0000000571000000| PB 0x0000000571000000| Untracked 
| 739|0x0000000571800000, 0x0000000571800000, 0x0000000572000000|  0%| F|  |TAMS 0x0000000571800000| PB 0x0000000571800000| Untracked 
| 740|0x0000000572000000, 0x0000000572000000, 0x0000000572800000|  0%| F|  |TAMS 0x0000000572000000| PB 0x0000000572000000| Untracked 
| 741|0x0000000572800000, 0x0000000572800000, 0x0000000573000000|  0%| F|  |TAMS 0x0000000572800000| PB 0x0000000572800000| Untracked 
| 742|0x0000000573000000, 0x0000000573000000, 0x0000000573800000|  0%| F|  |TAMS 0x0000000573000000| PB 0x0000000573000000| Untracked 
| 743|0x0000000573800000, 0x0000000573800000, 0x0000000574000000|  0%| F|  |TAMS 0x0000000573800000| PB 0x0000000573800000| Untracked 
| 744|0x0000000574000000, 0x0000000574000000, 0x0000000574800000|  0%| F|  |TAMS 0x0000000574000000| PB 0x0000000574000000| Untracked 
| 745|0x0000000574800000, 0x0000000574800000, 0x0000000575000000|  0%| F|  |TAMS 0x0000000574800000| PB 0x0000000574800000| Untracked 
| 746|0x0000000575000000, 0x0000000575000000, 0x0000000575800000|  0%| F|  |TAMS 0x0000000575000000| PB 0x0000000575000000| Untracked 
| 747|0x0000000575800000, 0x0000000575800000, 0x0000000576000000|  0%| F|  |TAMS 0x0000000575800000| PB 0x0000000575800000| Untracked 
| 748|0x0000000576000000, 0x0000000576000000, 0x0000000576800000|  0%| F|  |TAMS 0x0000000576000000| PB 0x0000000576000000| Untracked 
| 749|0x0000000576800000, 0x0000000576800000, 0x0000000577000000|  0%| F|  |TAMS 0x0000000576800000| PB 0x0000000576800000| Untracked 
| 750|0x0000000577000000, 0x0000000577000000, 0x0000000577800000|  0%| F|  |TAMS 0x0000000577000000| PB 0x0000000577000000| Untracked 
| 751|0x0000000577800000, 0x0000000577800000, 0x0000000578000000|  0%| F|  |TAMS 0x0000000577800000| PB 0x0000000577800000| Untracked 
| 752|0x0000000578000000, 0x0000000578000000, 0x0000000578800000|  0%| F|  |TAMS 0x0000000578000000| PB 0x0000000578000000| Untracked 
| 753|0x0000000578800000, 0x0000000578800000, 0x0000000579000000|  0%| F|  |TAMS 0x0000000578800000| PB 0x0000000578800000| Untracked 
| 754|0x0000000579000000, 0x0000000579000000, 0x0000000579800000|  0%| F|  |TAMS 0x0000000579000000| PB 0x0000000579000000| Untracked 
| 755|0x0000000579800000, 0x0000000579800000, 0x000000057a000000|  0%| F|  |TAMS 0x0000000579800000| PB 0x0000000579800000| Untracked 
| 756|0x000000057a000000, 0x000000057a000000, 0x000000057a800000|  0%| F|  |TAMS 0x000000057a000000| PB 0x000000057a000000| Untracked 
| 757|0x000000057a800000, 0x000000057a800000, 0x000000057b000000|  0%| F|  |TAMS 0x000000057a800000| PB 0x000000057a800000| Untracked 
| 758|0x000000057b000000, 0x000000057b000000, 0x000000057b800000|  0%| F|  |TAMS 0x000000057b000000| PB 0x000000057b000000| Untracked 
| 759|0x000000057b800000, 0x000000057b800000, 0x000000057c000000|  0%| F|  |TAMS 0x000000057b800000| PB 0x000000057b800000| Untracked 
| 760|0x000000057c000000, 0x000000057c000000, 0x000000057c800000|  0%| F|  |TAMS 0x000000057c000000| PB 0x000000057c000000| Untracked 
| 761|0x000000057c800000, 0x000000057c800000, 0x000000057d000000|  0%| F|  |TAMS 0x000000057c800000| PB 0x000000057c800000| Untracked 
| 762|0x000000057d000000, 0x000000057d000000, 0x000000057d800000|  0%| F|  |TAMS 0x000000057d000000| PB 0x000000057d000000| Untracked 
| 763|0x000000057d800000, 0x000000057d800000, 0x000000057e000000|  0%| F|  |TAMS 0x000000057d800000| PB 0x000000057d800000| Untracked 
| 764|0x000000057e000000, 0x000000057e000000, 0x000000057e800000|  0%| F|  |TAMS 0x000000057e000000| PB 0x000000057e000000| Untracked 
| 765|0x000000057e800000, 0x000000057e800000, 0x000000057f000000|  0%| F|  |TAMS 0x000000057e800000| PB 0x000000057e800000| Untracked 
| 766|0x000000057f000000, 0x000000057f000000, 0x000000057f800000|  0%| F|  |TAMS 0x000000057f000000| PB 0x000000057f000000| Untracked 
| 767|0x000000057f800000, 0x000000057f800000, 0x0000000580000000|  0%| F|  |TAMS 0x000000057f800000| PB 0x000000057f800000| Untracked 
| 768|0x0000000580000000, 0x0000000580000000, 0x0000000580800000|  0%| F|  |TAMS 0x0000000580000000| PB 0x0000000580000000| Untracked 
| 769|0x0000000580800000, 0x0000000580800000, 0x0000000581000000|  0%| F|  |TAMS 0x0000000580800000| PB 0x0000000580800000| Untracked 
| 770|0x0000000581000000, 0x0000000581000000, 0x0000000581800000|  0%| F|  |TAMS 0x0000000581000000| PB 0x0000000581000000| Untracked 
| 771|0x0000000581800000, 0x0000000581800000, 0x0000000582000000|  0%| F|  |TAMS 0x0000000581800000| PB 0x0000000581800000| Untracked 
| 772|0x0000000582000000, 0x0000000582000000, 0x0000000582800000|  0%| F|  |TAMS 0x0000000582000000| PB 0x0000000582000000| Untracked 
| 773|0x0000000582800000, 0x0000000582800000, 0x0000000583000000|  0%| F|  |TAMS 0x0000000582800000| PB 0x0000000582800000| Untracked 
| 774|0x0000000583000000, 0x0000000583000000, 0x0000000583800000|  0%| F|  |TAMS 0x0000000583000000| PB 0x0000000583000000| Untracked 
| 775|0x0000000583800000, 0x0000000583800000, 0x0000000584000000|  0%| F|  |TAMS 0x0000000583800000| PB 0x0000000583800000| Untracked 
| 776|0x0000000584000000, 0x0000000584000000, 0x0000000584800000|  0%| F|  |TAMS 0x0000000584000000| PB 0x0000000584000000| Untracked 
| 777|0x0000000584800000, 0x0000000584800000, 0x0000000585000000|  0%| F|  |TAMS 0x0000000584800000| PB 0x0000000584800000| Untracked 
| 778|0x0000000585000000, 0x0000000585000000, 0x0000000585800000|  0%| F|  |TAMS 0x0000000585000000| PB 0x0000000585000000| Untracked 
| 779|0x0000000585800000, 0x0000000585800000, 0x0000000586000000|  0%| F|  |TAMS 0x0000000585800000| PB 0x0000000585800000| Untracked 
| 780|0x0000000586000000, 0x0000000586000000, 0x0000000586800000|  0%| F|  |TAMS 0x0000000586000000| PB 0x0000000586000000| Untracked 
| 781|0x0000000586800000, 0x0000000586800000, 0x0000000587000000|  0%| F|  |TAMS 0x0000000586800000| PB 0x0000000586800000| Untracked 
| 782|0x0000000587000000, 0x0000000587000000, 0x0000000587800000|  0%| F|  |TAMS 0x0000000587000000| PB 0x0000000587000000| Untracked 
| 783|0x0000000587800000, 0x0000000587800000, 0x0000000588000000|  0%| F|  |TAMS 0x0000000587800000| PB 0x0000000587800000| Untracked 
| 784|0x0000000588000000, 0x0000000588000000, 0x0000000588800000|  0%| F|  |TAMS 0x0000000588000000| PB 0x0000000588000000| Untracked 
| 785|0x0000000588800000, 0x0000000588800000, 0x0000000589000000|  0%| F|  |TAMS 0x0000000588800000| PB 0x0000000588800000| Untracked 
| 786|0x0000000589000000, 0x0000000589000000, 0x0000000589800000|  0%| F|  |TAMS 0x0000000589000000| PB 0x0000000589000000| Untracked 
| 787|0x0000000589800000, 0x0000000589800000, 0x000000058a000000|  0%| F|  |TAMS 0x0000000589800000| PB 0x0000000589800000| Untracked 
| 788|0x000000058a000000, 0x000000058a000000, 0x000000058a800000|  0%| F|  |TAMS 0x000000058a000000| PB 0x000000058a000000| Untracked 
| 789|0x000000058a800000, 0x000000058a800000, 0x000000058b000000|  0%| F|  |TAMS 0x000000058a800000| PB 0x000000058a800000| Untracked 
| 790|0x000000058b000000, 0x000000058b000000, 0x000000058b800000|  0%| F|  |TAMS 0x000000058b000000| PB 0x000000058b000000| Untracked 
| 791|0x000000058b800000, 0x000000058b800000, 0x000000058c000000|  0%| F|  |TAMS 0x000000058b800000| PB 0x000000058b800000| Untracked 
| 792|0x000000058c000000, 0x000000058c000000, 0x000000058c800000|  0%| F|  |TAMS 0x000000058c000000| PB 0x000000058c000000| Untracked 
| 793|0x000000058c800000, 0x000000058c800000, 0x000000058d000000|  0%| F|  |TAMS 0x000000058c800000| PB 0x000000058c800000| Untracked 
| 794|0x000000058d000000, 0x000000058d000000, 0x000000058d800000|  0%| F|  |TAMS 0x000000058d000000| PB 0x000000058d000000| Untracked 
| 795|0x000000058d800000, 0x000000058d800000, 0x000000058e000000|  0%| F|  |TAMS 0x000000058d800000| PB 0x000000058d800000| Untracked 
| 796|0x000000058e000000, 0x000000058e000000, 0x000000058e800000|  0%| F|  |TAMS 0x000000058e000000| PB 0x000000058e000000| Untracked 
| 797|0x000000058e800000, 0x000000058e800000, 0x000000058f000000|  0%| F|  |TAMS 0x000000058e800000| PB 0x000000058e800000| Untracked 
| 798|0x000000058f000000, 0x000000058f000000, 0x000000058f800000|  0%| F|  |TAMS 0x000000058f000000| PB 0x000000058f000000| Untracked 
| 799|0x000000058f800000, 0x000000058f800000, 0x0000000590000000|  0%| F|  |TAMS 0x000000058f800000| PB 0x000000058f800000| Untracked 
| 800|0x0000000590000000, 0x0000000590000000, 0x0000000590800000|  0%| F|  |TAMS 0x0000000590000000| PB 0x0000000590000000| Untracked 
| 801|0x0000000590800000, 0x0000000590800000, 0x0000000591000000|  0%| F|  |TAMS 0x0000000590800000| PB 0x0000000590800000| Untracked 
| 802|0x0000000591000000, 0x0000000591000000, 0x0000000591800000|  0%| F|  |TAMS 0x0000000591000000| PB 0x0000000591000000| Untracked 
| 803|0x0000000591800000, 0x0000000591800000, 0x0000000592000000|  0%| F|  |TAMS 0x0000000591800000| PB 0x0000000591800000| Untracked 
| 804|0x0000000592000000, 0x0000000592000000, 0x0000000592800000|  0%| F|  |TAMS 0x0000000592000000| PB 0x0000000592000000| Untracked 
| 805|0x0000000592800000, 0x0000000592800000, 0x0000000593000000|  0%| F|  |TAMS 0x0000000592800000| PB 0x0000000592800000| Untracked 
| 806|0x0000000593000000, 0x0000000593000000, 0x0000000593800000|  0%| F|  |TAMS 0x0000000593000000| PB 0x0000000593000000| Untracked 
| 807|0x0000000593800000, 0x0000000593800000, 0x0000000594000000|  0%| F|  |TAMS 0x0000000593800000| PB 0x0000000593800000| Untracked 
| 808|0x0000000594000000, 0x0000000594000000, 0x0000000594800000|  0%| F|  |TAMS 0x0000000594000000| PB 0x0000000594000000| Untracked 
| 809|0x0000000594800000, 0x0000000594800000, 0x0000000595000000|  0%| F|  |TAMS 0x0000000594800000| PB 0x0000000594800000| Untracked 
| 810|0x0000000595000000, 0x0000000595000000, 0x0000000595800000|  0%| F|  |TAMS 0x0000000595000000| PB 0x0000000595000000| Untracked 
| 811|0x0000000595800000, 0x0000000595800000, 0x0000000596000000|  0%| F|  |TAMS 0x0000000595800000| PB 0x0000000595800000| Untracked 
| 812|0x0000000596000000, 0x0000000596000000, 0x0000000596800000|  0%| F|  |TAMS 0x0000000596000000| PB 0x0000000596000000| Untracked 
| 813|0x0000000596800000, 0x0000000596800000, 0x0000000597000000|  0%| F|  |TAMS 0x0000000596800000| PB 0x0000000596800000| Untracked 
| 814|0x0000000597000000, 0x0000000597000000, 0x0000000597800000|  0%| F|  |TAMS 0x0000000597000000| PB 0x0000000597000000| Untracked 
| 815|0x0000000597800000, 0x0000000597800000, 0x0000000598000000|  0%| F|  |TAMS 0x0000000597800000| PB 0x0000000597800000| Untracked 
| 816|0x0000000598000000, 0x0000000598000000, 0x0000000598800000|  0%| F|  |TAMS 0x0000000598000000| PB 0x0000000598000000| Untracked 
| 817|0x0000000598800000, 0x0000000598800000, 0x0000000599000000|  0%| F|  |TAMS 0x0000000598800000| PB 0x0000000598800000| Untracked 
| 818|0x0000000599000000, 0x0000000599000000, 0x0000000599800000|  0%| F|  |TAMS 0x0000000599000000| PB 0x0000000599000000| Untracked 
| 819|0x0000000599800000, 0x0000000599800000, 0x000000059a000000|  0%| F|  |TAMS 0x0000000599800000| PB 0x0000000599800000| Untracked 
| 820|0x000000059a000000, 0x000000059a000000, 0x000000059a800000|  0%| F|  |TAMS 0x000000059a000000| PB 0x000000059a000000| Untracked 
| 821|0x000000059a800000, 0x000000059a800000, 0x000000059b000000|  0%| F|  |TAMS 0x000000059a800000| PB 0x000000059a800000| Untracked 
| 822|0x000000059b000000, 0x000000059b000000, 0x000000059b800000|  0%| F|  |TAMS 0x000000059b000000| PB 0x000000059b000000| Untracked 
| 823|0x000000059b800000, 0x000000059b800000, 0x000000059c000000|  0%| F|  |TAMS 0x000000059b800000| PB 0x000000059b800000| Untracked 
| 824|0x000000059c000000, 0x000000059c000000, 0x000000059c800000|  0%| F|  |TAMS 0x000000059c000000| PB 0x000000059c000000| Untracked 
| 825|0x000000059c800000, 0x000000059c800000, 0x000000059d000000|  0%| F|  |TAMS 0x000000059c800000| PB 0x000000059c800000| Untracked 
| 826|0x000000059d000000, 0x000000059d000000, 0x000000059d800000|  0%| F|  |TAMS 0x000000059d000000| PB 0x000000059d000000| Untracked 
| 827|0x000000059d800000, 0x000000059d800000, 0x000000059e000000|  0%| F|  |TAMS 0x000000059d800000| PB 0x000000059d800000| Untracked 
| 828|0x000000059e000000, 0x000000059e000000, 0x000000059e800000|  0%| F|  |TAMS 0x000000059e000000| PB 0x000000059e000000| Untracked 
| 829|0x000000059e800000, 0x000000059e800000, 0x000000059f000000|  0%| F|  |TAMS 0x000000059e800000| PB 0x000000059e800000| Untracked 
| 830|0x000000059f000000, 0x000000059f000000, 0x000000059f800000|  0%| F|  |TAMS 0x000000059f000000| PB 0x000000059f000000| Untracked 
| 831|0x000000059f800000, 0x000000059f800000, 0x00000005a0000000|  0%| F|  |TAMS 0x000000059f800000| PB 0x000000059f800000| Untracked 
| 832|0x00000005a0000000, 0x00000005a0000000, 0x00000005a0800000|  0%| F|  |TAMS 0x00000005a0000000| PB 0x00000005a0000000| Untracked 
| 833|0x00000005a0800000, 0x00000005a0800000, 0x00000005a1000000|  0%| F|  |TAMS 0x00000005a0800000| PB 0x00000005a0800000| Untracked 
| 834|0x00000005a1000000, 0x00000005a1000000, 0x00000005a1800000|  0%| F|  |TAMS 0x00000005a1000000| PB 0x00000005a1000000| Untracked 
| 835|0x00000005a1800000, 0x00000005a1800000, 0x00000005a2000000|  0%| F|  |TAMS 0x00000005a1800000| PB 0x00000005a1800000| Untracked 
| 836|0x00000005a2000000, 0x00000005a2000000, 0x00000005a2800000|  0%| F|  |TAMS 0x00000005a2000000| PB 0x00000005a2000000| Untracked 
| 837|0x00000005a2800000, 0x00000005a2800000, 0x00000005a3000000|  0%| F|  |TAMS 0x00000005a2800000| PB 0x00000005a2800000| Untracked 
| 838|0x00000005a3000000, 0x00000005a3000000, 0x00000005a3800000|  0%| F|  |TAMS 0x00000005a3000000| PB 0x00000005a3000000| Untracked 
| 839|0x00000005a3800000, 0x00000005a3800000, 0x00000005a4000000|  0%| F|  |TAMS 0x00000005a3800000| PB 0x00000005a3800000| Untracked 
| 840|0x00000005a4000000, 0x00000005a4000000, 0x00000005a4800000|  0%| F|  |TAMS 0x00000005a4000000| PB 0x00000005a4000000| Untracked 
| 841|0x00000005a4800000, 0x00000005a4800000, 0x00000005a5000000|  0%| F|  |TAMS 0x00000005a4800000| PB 0x00000005a4800000| Untracked 
| 842|0x00000005a5000000, 0x00000005a5000000, 0x00000005a5800000|  0%| F|  |TAMS 0x00000005a5000000| PB 0x00000005a5000000| Untracked 
| 843|0x00000005a5800000, 0x00000005a5800000, 0x00000005a6000000|  0%| F|  |TAMS 0x00000005a5800000| PB 0x00000005a5800000| Untracked 
| 844|0x00000005a6000000, 0x00000005a6000000, 0x00000005a6800000|  0%| F|  |TAMS 0x00000005a6000000| PB 0x00000005a6000000| Untracked 
| 845|0x00000005a6800000, 0x00000005a6800000, 0x00000005a7000000|  0%| F|  |TAMS 0x00000005a6800000| PB 0x00000005a6800000| Untracked 
| 846|0x00000005a7000000, 0x00000005a7000000, 0x00000005a7800000|  0%| F|  |TAMS 0x00000005a7000000| PB 0x00000005a7000000| Untracked 
| 847|0x00000005a7800000, 0x00000005a7800000, 0x00000005a8000000|  0%| F|  |TAMS 0x00000005a7800000| PB 0x00000005a7800000| Untracked 
| 848|0x00000005a8000000, 0x00000005a8000000, 0x00000005a8800000|  0%| F|  |TAMS 0x00000005a8000000| PB 0x00000005a8000000| Untracked 
| 849|0x00000005a8800000, 0x00000005a8800000, 0x00000005a9000000|  0%| F|  |TAMS 0x00000005a8800000| PB 0x00000005a8800000| Untracked 
| 850|0x00000005a9000000, 0x00000005a9000000, 0x00000005a9800000|  0%| F|  |TAMS 0x00000005a9000000| PB 0x00000005a9000000| Untracked 
| 851|0x00000005a9800000, 0x00000005a9800000, 0x00000005aa000000|  0%| F|  |TAMS 0x00000005a9800000| PB 0x00000005a9800000| Untracked 
| 852|0x00000005aa000000, 0x00000005aa000000, 0x00000005aa800000|  0%| F|  |TAMS 0x00000005aa000000| PB 0x00000005aa000000| Untracked 
| 853|0x00000005aa800000, 0x00000005aa800000, 0x00000005ab000000|  0%| F|  |TAMS 0x00000005aa800000| PB 0x00000005aa800000| Untracked 
| 854|0x00000005ab000000, 0x00000005ab000000, 0x00000005ab800000|  0%| F|  |TAMS 0x00000005ab000000| PB 0x00000005ab000000| Untracked 
| 855|0x00000005ab800000, 0x00000005ab800000, 0x00000005ac000000|  0%| F|  |TAMS 0x00000005ab800000| PB 0x00000005ab800000| Untracked 
| 856|0x00000005ac000000, 0x00000005ac000000, 0x00000005ac800000|  0%| F|  |TAMS 0x00000005ac000000| PB 0x00000005ac000000| Untracked 
| 857|0x00000005ac800000, 0x00000005ac800000, 0x00000005ad000000|  0%| F|  |TAMS 0x00000005ac800000| PB 0x00000005ac800000| Untracked 
| 858|0x00000005ad000000, 0x00000005ad000000, 0x00000005ad800000|  0%| F|  |TAMS 0x00000005ad000000| PB 0x00000005ad000000| Untracked 
| 859|0x00000005ad800000, 0x00000005ad800000, 0x00000005ae000000|  0%| F|  |TAMS 0x00000005ad800000| PB 0x00000005ad800000| Untracked 
| 860|0x00000005ae000000, 0x00000005ae000000, 0x00000005ae800000|  0%| F|  |TAMS 0x00000005ae000000| PB 0x00000005ae000000| Untracked 
| 861|0x00000005ae800000, 0x00000005ae800000, 0x00000005af000000|  0%| F|  |TAMS 0x00000005ae800000| PB 0x00000005ae800000| Untracked 
| 862|0x00000005af000000, 0x00000005af000000, 0x00000005af800000|  0%| F|  |TAMS 0x00000005af000000| PB 0x00000005af000000| Untracked 
| 863|0x00000005af800000, 0x00000005af800000, 0x00000005b0000000|  0%| F|  |TAMS 0x00000005af800000| PB 0x00000005af800000| Untracked 
| 864|0x00000005b0000000, 0x00000005b0000000, 0x00000005b0800000|  0%| F|  |TAMS 0x00000005b0000000| PB 0x00000005b0000000| Untracked 
| 865|0x00000005b0800000, 0x00000005b0800000, 0x00000005b1000000|  0%| F|  |TAMS 0x00000005b0800000| PB 0x00000005b0800000| Untracked 
| 866|0x00000005b1000000, 0x00000005b1000000, 0x00000005b1800000|  0%| F|  |TAMS 0x00000005b1000000| PB 0x00000005b1000000| Untracked 
| 867|0x00000005b1800000, 0x00000005b1800000, 0x00000005b2000000|  0%| F|  |TAMS 0x00000005b1800000| PB 0x00000005b1800000| Untracked 
| 868|0x00000005b2000000, 0x00000005b2000000, 0x00000005b2800000|  0%| F|  |TAMS 0x00000005b2000000| PB 0x00000005b2000000| Untracked 
| 869|0x00000005b2800000, 0x00000005b2800000, 0x00000005b3000000|  0%| F|  |TAMS 0x00000005b2800000| PB 0x00000005b2800000| Untracked 
| 870|0x00000005b3000000, 0x00000005b3000000, 0x00000005b3800000|  0%| F|  |TAMS 0x00000005b3000000| PB 0x00000005b3000000| Untracked 
| 871|0x00000005b3800000, 0x00000005b3800000, 0x00000005b4000000|  0%| F|  |TAMS 0x00000005b3800000| PB 0x00000005b3800000| Untracked 
| 872|0x00000005b4000000, 0x00000005b4000000, 0x00000005b4800000|  0%| F|  |TAMS 0x00000005b4000000| PB 0x00000005b4000000| Untracked 
| 873|0x00000005b4800000, 0x00000005b4800000, 0x00000005b5000000|  0%| F|  |TAMS 0x00000005b4800000| PB 0x00000005b4800000| Untracked 
| 874|0x00000005b5000000, 0x00000005b5000000, 0x00000005b5800000|  0%| F|  |TAMS 0x00000005b5000000| PB 0x00000005b5000000| Untracked 
| 875|0x00000005b5800000, 0x00000005b5800000, 0x00000005b6000000|  0%| F|  |TAMS 0x00000005b5800000| PB 0x00000005b5800000| Untracked 
| 876|0x00000005b6000000, 0x00000005b6000000, 0x00000005b6800000|  0%| F|  |TAMS 0x00000005b6000000| PB 0x00000005b6000000| Untracked 
| 877|0x00000005b6800000, 0x00000005b6800000, 0x00000005b7000000|  0%| F|  |TAMS 0x00000005b6800000| PB 0x00000005b6800000| Untracked 
| 878|0x00000005b7000000, 0x00000005b7000000, 0x00000005b7800000|  0%| F|  |TAMS 0x00000005b7000000| PB 0x00000005b7000000| Untracked 
| 879|0x00000005b7800000, 0x00000005b7800000, 0x00000005b8000000|  0%| F|  |TAMS 0x00000005b7800000| PB 0x00000005b7800000| Untracked 
| 880|0x00000005b8000000, 0x00000005b8000000, 0x00000005b8800000|  0%| F|  |TAMS 0x00000005b8000000| PB 0x00000005b8000000| Untracked 
| 881|0x00000005b8800000, 0x00000005b8800000, 0x00000005b9000000|  0%| F|  |TAMS 0x00000005b8800000| PB 0x00000005b8800000| Untracked 
| 882|0x00000005b9000000, 0x00000005b9000000, 0x00000005b9800000|  0%| F|  |TAMS 0x00000005b9000000| PB 0x00000005b9000000| Untracked 
| 883|0x00000005b9800000, 0x00000005b9800000, 0x00000005ba000000|  0%| F|  |TAMS 0x00000005b9800000| PB 0x00000005b9800000| Untracked 
| 884|0x00000005ba000000, 0x00000005ba000000, 0x00000005ba800000|  0%| F|  |TAMS 0x00000005ba000000| PB 0x00000005ba000000| Untracked 
| 885|0x00000005ba800000, 0x00000005ba800000, 0x00000005bb000000|  0%| F|  |TAMS 0x00000005ba800000| PB 0x00000005ba800000| Untracked 
| 886|0x00000005bb000000, 0x00000005bb000000, 0x00000005bb800000|  0%| F|  |TAMS 0x00000005bb000000| PB 0x00000005bb000000| Untracked 
| 887|0x00000005bb800000, 0x00000005bb800000, 0x00000005bc000000|  0%| F|  |TAMS 0x00000005bb800000| PB 0x00000005bb800000| Untracked 
| 888|0x00000005bc000000, 0x00000005bc000000, 0x00000005bc800000|  0%| F|  |TAMS 0x00000005bc000000| PB 0x00000005bc000000| Untracked 
| 889|0x00000005bc800000, 0x00000005bc800000, 0x00000005bd000000|  0%| F|  |TAMS 0x00000005bc800000| PB 0x00000005bc800000| Untracked 
| 890|0x00000005bd000000, 0x00000005bd000000, 0x00000005bd800000|  0%| F|  |TAMS 0x00000005bd000000| PB 0x00000005bd000000| Untracked 
| 891|0x00000005bd800000, 0x00000005bd800000, 0x00000005be000000|  0%| F|  |TAMS 0x00000005bd800000| PB 0x00000005bd800000| Untracked 
| 892|0x00000005be000000, 0x00000005be000000, 0x00000005be800000|  0%| F|  |TAMS 0x00000005be000000| PB 0x00000005be000000| Untracked 
| 893|0x00000005be800000, 0x00000005be800000, 0x00000005bf000000|  0%| F|  |TAMS 0x00000005be800000| PB 0x00000005be800000| Untracked 
| 894|0x00000005bf000000, 0x00000005bf000000, 0x00000005bf800000|  0%| F|  |TAMS 0x00000005bf000000| PB 0x00000005bf000000| Untracked 
| 895|0x00000005bf800000, 0x00000005bf800000, 0x00000005c0000000|  0%| F|  |TAMS 0x00000005bf800000| PB 0x00000005bf800000| Untracked 
| 896|0x00000005c0000000, 0x00000005c0000000, 0x00000005c0800000|  0%| F|  |TAMS 0x00000005c0000000| PB 0x00000005c0000000| Untracked 
| 897|0x00000005c0800000, 0x00000005c0800000, 0x00000005c1000000|  0%| F|  |TAMS 0x00000005c0800000| PB 0x00000005c0800000| Untracked 
| 898|0x00000005c1000000, 0x00000005c1000000, 0x00000005c1800000|  0%| F|  |TAMS 0x00000005c1000000| PB 0x00000005c1000000| Untracked 
| 899|0x00000005c1800000, 0x00000005c1800000, 0x00000005c2000000|  0%| F|  |TAMS 0x00000005c1800000| PB 0x00000005c1800000| Untracked 
| 900|0x00000005c2000000, 0x00000005c2000000, 0x00000005c2800000|  0%| F|  |TAMS 0x00000005c2000000| PB 0x00000005c2000000| Untracked 
| 901|0x00000005c2800000, 0x00000005c2800000, 0x00000005c3000000|  0%| F|  |TAMS 0x00000005c2800000| PB 0x00000005c2800000| Untracked 
| 902|0x00000005c3000000, 0x00000005c3000000, 0x00000005c3800000|  0%| F|  |TAMS 0x00000005c3000000| PB 0x00000005c3000000| Untracked 
| 903|0x00000005c3800000, 0x00000005c3800000, 0x00000005c4000000|  0%| F|  |TAMS 0x00000005c3800000| PB 0x00000005c3800000| Untracked 
| 904|0x00000005c4000000, 0x00000005c4000000, 0x00000005c4800000|  0%| F|  |TAMS 0x00000005c4000000| PB 0x00000005c4000000| Untracked 
| 905|0x00000005c4800000, 0x00000005c4800000, 0x00000005c5000000|  0%| F|  |TAMS 0x00000005c4800000| PB 0x00000005c4800000| Untracked 
| 906|0x00000005c5000000, 0x00000005c5000000, 0x00000005c5800000|  0%| F|  |TAMS 0x00000005c5000000| PB 0x00000005c5000000| Untracked 
| 907|0x00000005c5800000, 0x00000005c5800000, 0x00000005c6000000|  0%| F|  |TAMS 0x00000005c5800000| PB 0x00000005c5800000| Untracked 
| 908|0x00000005c6000000, 0x00000005c6000000, 0x00000005c6800000|  0%| F|  |TAMS 0x00000005c6000000| PB 0x00000005c6000000| Untracked 
| 909|0x00000005c6800000, 0x00000005c6800000, 0x00000005c7000000|  0%| F|  |TAMS 0x00000005c6800000| PB 0x00000005c6800000| Untracked 
| 910|0x00000005c7000000, 0x00000005c7000000, 0x00000005c7800000|  0%| F|  |TAMS 0x00000005c7000000| PB 0x00000005c7000000| Untracked 
| 911|0x00000005c7800000, 0x00000005c7800000, 0x00000005c8000000|  0%| F|  |TAMS 0x00000005c7800000| PB 0x00000005c7800000| Untracked 
| 912|0x00000005c8000000, 0x00000005c8000000, 0x00000005c8800000|  0%| F|  |TAMS 0x00000005c8000000| PB 0x00000005c8000000| Untracked 
| 913|0x00000005c8800000, 0x00000005c8800000, 0x00000005c9000000|  0%| F|  |TAMS 0x00000005c8800000| PB 0x00000005c8800000| Untracked 
| 914|0x00000005c9000000, 0x00000005c9000000, 0x00000005c9800000|  0%| F|  |TAMS 0x00000005c9000000| PB 0x00000005c9000000| Untracked 
| 915|0x00000005c9800000, 0x00000005c9800000, 0x00000005ca000000|  0%| F|  |TAMS 0x00000005c9800000| PB 0x00000005c9800000| Untracked 
| 916|0x00000005ca000000, 0x00000005ca000000, 0x00000005ca800000|  0%| F|  |TAMS 0x00000005ca000000| PB 0x00000005ca000000| Untracked 
| 917|0x00000005ca800000, 0x00000005ca800000, 0x00000005cb000000|  0%| F|  |TAMS 0x00000005ca800000| PB 0x00000005ca800000| Untracked 
| 918|0x00000005cb000000, 0x00000005cb000000, 0x00000005cb800000|  0%| F|  |TAMS 0x00000005cb000000| PB 0x00000005cb000000| Untracked 
| 919|0x00000005cb800000, 0x00000005cb800000, 0x00000005cc000000|  0%| F|  |TAMS 0x00000005cb800000| PB 0x00000005cb800000| Untracked 
| 920|0x00000005cc000000, 0x00000005cc000000, 0x00000005cc800000|  0%| F|  |TAMS 0x00000005cc000000| PB 0x00000005cc000000| Untracked 
| 921|0x00000005cc800000, 0x00000005cc800000, 0x00000005cd000000|  0%| F|  |TAMS 0x00000005cc800000| PB 0x00000005cc800000| Untracked 
| 922|0x00000005cd000000, 0x00000005cd000000, 0x00000005cd800000|  0%| F|  |TAMS 0x00000005cd000000| PB 0x00000005cd000000| Untracked 
| 923|0x00000005cd800000, 0x00000005cd800000, 0x00000005ce000000|  0%| F|  |TAMS 0x00000005cd800000| PB 0x00000005cd800000| Untracked 
| 924|0x00000005ce000000, 0x00000005ce000000, 0x00000005ce800000|  0%| F|  |TAMS 0x00000005ce000000| PB 0x00000005ce000000| Untracked 
| 925|0x00000005ce800000, 0x00000005ce800000, 0x00000005cf000000|  0%| F|  |TAMS 0x00000005ce800000| PB 0x00000005ce800000| Untracked 
| 926|0x00000005cf000000, 0x00000005cf000000, 0x00000005cf800000|  0%| F|  |TAMS 0x00000005cf000000| PB 0x00000005cf000000| Untracked 
| 927|0x00000005cf800000, 0x00000005cf800000, 0x00000005d0000000|  0%| F|  |TAMS 0x00000005cf800000| PB 0x00000005cf800000| Untracked 
| 928|0x00000005d0000000, 0x00000005d0000000, 0x00000005d0800000|  0%| F|  |TAMS 0x00000005d0000000| PB 0x00000005d0000000| Untracked 
| 929|0x00000005d0800000, 0x00000005d0800000, 0x00000005d1000000|  0%| F|  |TAMS 0x00000005d0800000| PB 0x00000005d0800000| Untracked 
| 930|0x00000005d1000000, 0x00000005d1000000, 0x00000005d1800000|  0%| F|  |TAMS 0x00000005d1000000| PB 0x00000005d1000000| Untracked 
| 931|0x00000005d1800000, 0x00000005d1800000, 0x00000005d2000000|  0%| F|  |TAMS 0x00000005d1800000| PB 0x00000005d1800000| Untracked 
| 932|0x00000005d2000000, 0x00000005d2000000, 0x00000005d2800000|  0%| F|  |TAMS 0x00000005d2000000| PB 0x00000005d2000000| Untracked 
| 933|0x00000005d2800000, 0x00000005d2800000, 0x00000005d3000000|  0%| F|  |TAMS 0x00000005d2800000| PB 0x00000005d2800000| Untracked 
| 934|0x00000005d3000000, 0x00000005d3000000, 0x00000005d3800000|  0%| F|  |TAMS 0x00000005d3000000| PB 0x00000005d3000000| Untracked 
| 935|0x00000005d3800000, 0x00000005d3800000, 0x00000005d4000000|  0%| F|  |TAMS 0x00000005d3800000| PB 0x00000005d3800000| Untracked 
| 936|0x00000005d4000000, 0x00000005d4000000, 0x00000005d4800000|  0%| F|  |TAMS 0x00000005d4000000| PB 0x00000005d4000000| Untracked 
| 937|0x00000005d4800000, 0x00000005d4800000, 0x00000005d5000000|  0%| F|  |TAMS 0x00000005d4800000| PB 0x00000005d4800000| Untracked 
| 938|0x00000005d5000000, 0x00000005d5000000, 0x00000005d5800000|  0%| F|  |TAMS 0x00000005d5000000| PB 0x00000005d5000000| Untracked 
| 939|0x00000005d5800000, 0x00000005d5800000, 0x00000005d6000000|  0%| F|  |TAMS 0x00000005d5800000| PB 0x00000005d5800000| Untracked 
| 940|0x00000005d6000000, 0x00000005d6000000, 0x00000005d6800000|  0%| F|  |TAMS 0x00000005d6000000| PB 0x00000005d6000000| Untracked 
| 941|0x00000005d6800000, 0x00000005d6800000, 0x00000005d7000000|  0%| F|  |TAMS 0x00000005d6800000| PB 0x00000005d6800000| Untracked 
| 942|0x00000005d7000000, 0x00000005d7000000, 0x00000005d7800000|  0%| F|  |TAMS 0x00000005d7000000| PB 0x00000005d7000000| Untracked 
| 943|0x00000005d7800000, 0x00000005d7800000, 0x00000005d8000000|  0%| F|  |TAMS 0x00000005d7800000| PB 0x00000005d7800000| Untracked 
| 944|0x00000005d8000000, 0x00000005d8000000, 0x00000005d8800000|  0%| F|  |TAMS 0x00000005d8000000| PB 0x00000005d8000000| Untracked 
| 945|0x00000005d8800000, 0x00000005d8800000, 0x00000005d9000000|  0%| F|  |TAMS 0x00000005d8800000| PB 0x00000005d8800000| Untracked 
| 946|0x00000005d9000000, 0x00000005d9000000, 0x00000005d9800000|  0%| F|  |TAMS 0x00000005d9000000| PB 0x00000005d9000000| Untracked 
| 947|0x00000005d9800000, 0x00000005d9800000, 0x00000005da000000|  0%| F|  |TAMS 0x00000005d9800000| PB 0x00000005d9800000| Untracked 
| 948|0x00000005da000000, 0x00000005da000000, 0x00000005da800000|  0%| F|  |TAMS 0x00000005da000000| PB 0x00000005da000000| Untracked 
| 949|0x00000005da800000, 0x00000005da800000, 0x00000005db000000|  0%| F|  |TAMS 0x00000005da800000| PB 0x00000005da800000| Untracked 
| 950|0x00000005db000000, 0x00000005db000000, 0x00000005db800000|  0%| F|  |TAMS 0x00000005db000000| PB 0x00000005db000000| Untracked 
| 951|0x00000005db800000, 0x00000005db800000, 0x00000005dc000000|  0%| F|  |TAMS 0x00000005db800000| PB 0x00000005db800000| Untracked 
| 952|0x00000005dc000000, 0x00000005dc000000, 0x00000005dc800000|  0%| F|  |TAMS 0x00000005dc000000| PB 0x00000005dc000000| Untracked 
| 953|0x00000005dc800000, 0x00000005dc800000, 0x00000005dd000000|  0%| F|  |TAMS 0x00000005dc800000| PB 0x00000005dc800000| Untracked 
| 954|0x00000005dd000000, 0x00000005dd000000, 0x00000005dd800000|  0%| F|  |TAMS 0x00000005dd000000| PB 0x00000005dd000000| Untracked 
| 955|0x00000005dd800000, 0x00000005dd800000, 0x00000005de000000|  0%| F|  |TAMS 0x00000005dd800000| PB 0x00000005dd800000| Untracked 
| 956|0x00000005de000000, 0x00000005de000000, 0x00000005de800000|  0%| F|  |TAMS 0x00000005de000000| PB 0x00000005de000000| Untracked 
| 957|0x00000005de800000, 0x00000005de800000, 0x00000005df000000|  0%| F|  |TAMS 0x00000005de800000| PB 0x00000005de800000| Untracked 
| 958|0x00000005df000000, 0x00000005df000000, 0x00000005df800000|  0%| F|  |TAMS 0x00000005df000000| PB 0x00000005df000000| Untracked 
| 959|0x00000005df800000, 0x00000005df800000, 0x00000005e0000000|  0%| F|  |TAMS 0x00000005df800000| PB 0x00000005df800000| Untracked 
| 960|0x00000005e0000000, 0x00000005e0000000, 0x00000005e0800000|  0%| F|  |TAMS 0x00000005e0000000| PB 0x00000005e0000000| Untracked 
| 961|0x00000005e0800000, 0x00000005e0800000, 0x00000005e1000000|  0%| F|  |TAMS 0x00000005e0800000| PB 0x00000005e0800000| Untracked 
| 962|0x00000005e1000000, 0x00000005e1000000, 0x00000005e1800000|  0%| F|  |TAMS 0x00000005e1000000| PB 0x00000005e1000000| Untracked 
| 963|0x00000005e1800000, 0x00000005e1800000, 0x00000005e2000000|  0%| F|  |TAMS 0x00000005e1800000| PB 0x00000005e1800000| Untracked 
| 964|0x00000005e2000000, 0x00000005e2000000, 0x00000005e2800000|  0%| F|  |TAMS 0x00000005e2000000| PB 0x00000005e2000000| Untracked 
| 965|0x00000005e2800000, 0x00000005e2800000, 0x00000005e3000000|  0%| F|  |TAMS 0x00000005e2800000| PB 0x00000005e2800000| Untracked 
| 966|0x00000005e3000000, 0x00000005e3000000, 0x00000005e3800000|  0%| F|  |TAMS 0x00000005e3000000| PB 0x00000005e3000000| Untracked 
| 967|0x00000005e3800000, 0x00000005e3800000, 0x00000005e4000000|  0%| F|  |TAMS 0x00000005e3800000| PB 0x00000005e3800000| Untracked 
| 968|0x00000005e4000000, 0x00000005e4000000, 0x00000005e4800000|  0%| F|  |TAMS 0x00000005e4000000| PB 0x00000005e4000000| Untracked 
| 969|0x00000005e4800000, 0x00000005e4800000, 0x00000005e5000000|  0%| F|  |TAMS 0x00000005e4800000| PB 0x00000005e4800000| Untracked 
| 970|0x00000005e5000000, 0x00000005e5000000, 0x00000005e5800000|  0%| F|  |TAMS 0x00000005e5000000| PB 0x00000005e5000000| Untracked 
| 971|0x00000005e5800000, 0x00000005e5800000, 0x00000005e6000000|  0%| F|  |TAMS 0x00000005e5800000| PB 0x00000005e5800000| Untracked 
| 972|0x00000005e6000000, 0x00000005e6000000, 0x00000005e6800000|  0%| F|  |TAMS 0x00000005e6000000| PB 0x00000005e6000000| Untracked 
| 973|0x00000005e6800000, 0x00000005e6800000, 0x00000005e7000000|  0%| F|  |TAMS 0x00000005e6800000| PB 0x00000005e6800000| Untracked 
| 974|0x00000005e7000000, 0x00000005e7000000, 0x00000005e7800000|  0%| F|  |TAMS 0x00000005e7000000| PB 0x00000005e7000000| Untracked 
| 975|0x00000005e7800000, 0x00000005e7800000, 0x00000005e8000000|  0%| F|  |TAMS 0x00000005e7800000| PB 0x00000005e7800000| Untracked 
| 976|0x00000005e8000000, 0x00000005e8000000, 0x00000005e8800000|  0%| F|  |TAMS 0x00000005e8000000| PB 0x00000005e8000000| Untracked 
| 977|0x00000005e8800000, 0x00000005e8800000, 0x00000005e9000000|  0%| F|  |TAMS 0x00000005e8800000| PB 0x00000005e8800000| Untracked 
| 978|0x00000005e9000000, 0x00000005e9000000, 0x00000005e9800000|  0%| F|  |TAMS 0x00000005e9000000| PB 0x00000005e9000000| Untracked 
| 979|0x00000005e9800000, 0x00000005e9800000, 0x00000005ea000000|  0%| F|  |TAMS 0x00000005e9800000| PB 0x00000005e9800000| Untracked 
| 980|0x00000005ea000000, 0x00000005ea000000, 0x00000005ea800000|  0%| F|  |TAMS 0x00000005ea000000| PB 0x00000005ea000000| Untracked 
| 981|0x00000005ea800000, 0x00000005ea800000, 0x00000005eb000000|  0%| F|  |TAMS 0x00000005ea800000| PB 0x00000005ea800000| Untracked 
| 982|0x00000005eb000000, 0x00000005eb000000, 0x00000005eb800000|  0%| F|  |TAMS 0x00000005eb000000| PB 0x00000005eb000000| Untracked 
| 983|0x00000005eb800000, 0x00000005eb800000, 0x00000005ec000000|  0%| F|  |TAMS 0x00000005eb800000| PB 0x00000005eb800000| Untracked 
| 984|0x00000005ec000000, 0x00000005ec000000, 0x00000005ec800000|  0%| F|  |TAMS 0x00000005ec000000| PB 0x00000005ec000000| Untracked 
| 985|0x00000005ec800000, 0x00000005ec800000, 0x00000005ed000000|  0%| F|  |TAMS 0x00000005ec800000| PB 0x00000005ec800000| Untracked 
| 986|0x00000005ed000000, 0x00000005ed000000, 0x00000005ed800000|  0%| F|  |TAMS 0x00000005ed000000| PB 0x00000005ed000000| Untracked 
| 987|0x00000005ed800000, 0x00000005ed800000, 0x00000005ee000000|  0%| F|  |TAMS 0x00000005ed800000| PB 0x00000005ed800000| Untracked 
| 988|0x00000005ee000000, 0x00000005ee000000, 0x00000005ee800000|  0%| F|  |TAMS 0x00000005ee000000| PB 0x00000005ee000000| Untracked 
| 989|0x00000005ee800000, 0x00000005ee800000, 0x00000005ef000000|  0%| F|  |TAMS 0x00000005ee800000| PB 0x00000005ee800000| Untracked 
| 990|0x00000005ef000000, 0x00000005ef000000, 0x00000005ef800000|  0%| F|  |TAMS 0x00000005ef000000| PB 0x00000005ef000000| Untracked 
| 991|0x00000005ef800000, 0x00000005ef800000, 0x00000005f0000000|  0%| F|  |TAMS 0x00000005ef800000| PB 0x00000005ef800000| Untracked 
| 992|0x00000005f0000000, 0x00000005f0000000, 0x00000005f0800000|  0%| F|  |TAMS 0x00000005f0000000| PB 0x00000005f0000000| Untracked 
| 993|0x00000005f0800000, 0x00000005f0800000, 0x00000005f1000000|  0%| F|  |TAMS 0x00000005f0800000| PB 0x00000005f0800000| Untracked 
| 994|0x00000005f1000000, 0x00000005f1000000, 0x00000005f1800000|  0%| F|  |TAMS 0x00000005f1000000| PB 0x00000005f1000000| Untracked 
| 995|0x00000005f1800000, 0x00000005f1800000, 0x00000005f2000000|  0%| F|  |TAMS 0x00000005f1800000| PB 0x00000005f1800000| Untracked 
| 996|0x00000005f2000000, 0x00000005f2000000, 0x00000005f2800000|  0%| F|  |TAMS 0x00000005f2000000| PB 0x00000005f2000000| Untracked 
| 997|0x00000005f2800000, 0x00000005f2800000, 0x00000005f3000000|  0%| F|  |TAMS 0x00000005f2800000| PB 0x00000005f2800000| Untracked 
| 998|0x00000005f3000000, 0x00000005f3000000, 0x00000005f3800000|  0%| F|  |TAMS 0x00000005f3000000| PB 0x00000005f3000000| Untracked 
| 999|0x00000005f3800000, 0x00000005f3800000, 0x00000005f4000000|  0%| F|  |TAMS 0x00000005f3800000| PB 0x00000005f3800000| Untracked 
|1000|0x00000005f4000000, 0x00000005f4000000, 0x00000005f4800000|  0%| F|  |TAMS 0x00000005f4000000| PB 0x00000005f4000000| Untracked 
|1001|0x00000005f4800000, 0x00000005f4800000, 0x00000005f5000000|  0%| F|  |TAMS 0x00000005f4800000| PB 0x00000005f4800000| Untracked 
|1002|0x00000005f5000000, 0x00000005f5000000, 0x00000005f5800000|  0%| F|  |TAMS 0x00000005f5000000| PB 0x00000005f5000000| Untracked 
|1003|0x00000005f5800000, 0x00000005f5800000, 0x00000005f6000000|  0%| F|  |TAMS 0x00000005f5800000| PB 0x00000005f5800000| Untracked 
|1004|0x00000005f6000000, 0x00000005f6000000, 0x00000005f6800000|  0%| F|  |TAMS 0x00000005f6000000| PB 0x00000005f6000000| Untracked 
|1005|0x00000005f6800000, 0x00000005f6800000, 0x00000005f7000000|  0%| F|  |TAMS 0x00000005f6800000| PB 0x00000005f6800000| Untracked 
|1006|0x00000005f7000000, 0x00000005f7000000, 0x00000005f7800000|  0%| F|  |TAMS 0x00000005f7000000| PB 0x00000005f7000000| Untracked 
|1007|0x00000005f7800000, 0x00000005f7800000, 0x00000005f8000000|  0%| F|  |TAMS 0x00000005f7800000| PB 0x00000005f7800000| Untracked 
|1008|0x00000005f8000000, 0x00000005f8000000, 0x00000005f8800000|  0%| F|  |TAMS 0x00000005f8000000| PB 0x00000005f8000000| Untracked 
|1009|0x00000005f8800000, 0x00000005f8800000, 0x00000005f9000000|  0%| F|  |TAMS 0x00000005f8800000| PB 0x00000005f8800000| Untracked 
|1010|0x00000005f9000000, 0x00000005f9000000, 0x00000005f9800000|  0%| F|  |TAMS 0x00000005f9000000| PB 0x00000005f9000000| Untracked 
|1011|0x00000005f9800000, 0x00000005f9800000, 0x00000005fa000000|  0%| F|  |TAMS 0x00000005f9800000| PB 0x00000005f9800000| Untracked 
|1012|0x00000005fa000000, 0x00000005fa000000, 0x00000005fa800000|  0%| F|  |TAMS 0x00000005fa000000| PB 0x00000005fa000000| Untracked 
|1013|0x00000005fa800000, 0x00000005fa800000, 0x00000005fb000000|  0%| F|  |TAMS 0x00000005fa800000| PB 0x00000005fa800000| Untracked 
|1014|0x00000005fb000000, 0x00000005fb000000, 0x00000005fb800000|  0%| F|  |TAMS 0x00000005fb000000| PB 0x00000005fb000000| Untracked 
|1015|0x00000005fb800000, 0x00000005fb800000, 0x00000005fc000000|  0%| F|  |TAMS 0x00000005fb800000| PB 0x00000005fb800000| Untracked 
|1016|0x00000005fc000000, 0x00000005fc000000, 0x00000005fc800000|  0%| F|  |TAMS 0x00000005fc000000| PB 0x00000005fc000000| Untracked 
|1017|0x00000005fc800000, 0x00000005fc800000, 0x00000005fd000000|  0%| F|  |TAMS 0x00000005fc800000| PB 0x00000005fc800000| Untracked 
|1018|0x00000005fd000000, 0x00000005fd000000, 0x00000005fd800000|  0%| F|  |TAMS 0x00000005fd000000| PB 0x00000005fd000000| Untracked 
|1019|0x00000005fd800000, 0x00000005fd800000, 0x00000005fe000000|  0%| F|  |TAMS 0x00000005fd800000| PB 0x00000005fd800000| Untracked 
|1020|0x00000005fe000000, 0x00000005fe000000, 0x00000005fe800000|  0%| F|  |TAMS 0x00000005fe000000| PB 0x00000005fe000000| Untracked 
|1021|0x00000005fe800000, 0x00000005fe800000, 0x00000005ff000000|  0%| F|  |TAMS 0x00000005fe800000| PB 0x00000005fe800000| Untracked 
|1022|0x00000005ff000000, 0x00000005ff000000, 0x00000005ff800000|  0%| F|  |TAMS 0x00000005ff000000| PB 0x00000005ff000000| Untracked 
|1023|0x00000005ff800000, 0x00000005ff800000, 0x0000000600000000|  0%| F|  |TAMS 0x00000005ff800000| PB 0x00000005ff800000| Untracked 
|1024|0x0000000600000000, 0x0000000600000000, 0x0000000600800000|  0%| F|  |TAMS 0x0000000600000000| PB 0x0000000600000000| Untracked 
|1025|0x0000000600800000, 0x0000000600800000, 0x0000000601000000|  0%| F|  |TAMS 0x0000000600800000| PB 0x0000000600800000| Untracked 
|1026|0x0000000601000000, 0x0000000601000000, 0x0000000601800000|  0%| F|  |TAMS 0x0000000601000000| PB 0x0000000601000000| Untracked 
|1027|0x0000000601800000, 0x0000000601800000, 0x0000000602000000|  0%| F|  |TAMS 0x0000000601800000| PB 0x0000000601800000| Untracked 
|1028|0x0000000602000000, 0x0000000602000000, 0x0000000602800000|  0%| F|  |TAMS 0x0000000602000000| PB 0x0000000602000000| Untracked 
|1029|0x0000000602800000, 0x0000000602800000, 0x0000000603000000|  0%| F|  |TAMS 0x0000000602800000| PB 0x0000000602800000| Untracked 
|1030|0x0000000603000000, 0x0000000603000000, 0x0000000603800000|  0%| F|  |TAMS 0x0000000603000000| PB 0x0000000603000000| Untracked 
|1031|0x0000000603800000, 0x0000000603800000, 0x0000000604000000|  0%| F|  |TAMS 0x0000000603800000| PB 0x0000000603800000| Untracked 
|1032|0x0000000604000000, 0x0000000604000000, 0x0000000604800000|  0%| F|  |TAMS 0x0000000604000000| PB 0x0000000604000000| Untracked 
|1033|0x0000000604800000, 0x0000000604800000, 0x0000000605000000|  0%| F|  |TAMS 0x0000000604800000| PB 0x0000000604800000| Untracked 
|1034|0x0000000605000000, 0x0000000605000000, 0x0000000605800000|  0%| F|  |TAMS 0x0000000605000000| PB 0x0000000605000000| Untracked 
|1035|0x0000000605800000, 0x0000000605800000, 0x0000000606000000|  0%| F|  |TAMS 0x0000000605800000| PB 0x0000000605800000| Untracked 
|1036|0x0000000606000000, 0x0000000606000000, 0x0000000606800000|  0%| F|  |TAMS 0x0000000606000000| PB 0x0000000606000000| Untracked 
|1037|0x0000000606800000, 0x0000000606800000, 0x0000000607000000|  0%| F|  |TAMS 0x0000000606800000| PB 0x0000000606800000| Untracked 
|1038|0x0000000607000000, 0x0000000607000000, 0x0000000607800000|  0%| F|  |TAMS 0x0000000607000000| PB 0x0000000607000000| Untracked 
|1039|0x0000000607800000, 0x0000000607800000, 0x0000000608000000|  0%| F|  |TAMS 0x0000000607800000| PB 0x0000000607800000| Untracked 
|1040|0x0000000608000000, 0x0000000608000000, 0x0000000608800000|  0%| F|  |TAMS 0x0000000608000000| PB 0x0000000608000000| Untracked 
|1041|0x0000000608800000, 0x0000000608800000, 0x0000000609000000|  0%| F|  |TAMS 0x0000000608800000| PB 0x0000000608800000| Untracked 
|1042|0x0000000609000000, 0x0000000609000000, 0x0000000609800000|  0%| F|  |TAMS 0x0000000609000000| PB 0x0000000609000000| Untracked 
|1043|0x0000000609800000, 0x0000000609800000, 0x000000060a000000|  0%| F|  |TAMS 0x0000000609800000| PB 0x0000000609800000| Untracked 
|1044|0x000000060a000000, 0x000000060a000000, 0x000000060a800000|  0%| F|  |TAMS 0x000000060a000000| PB 0x000000060a000000| Untracked 
|1045|0x000000060a800000, 0x000000060a800000, 0x000000060b000000|  0%| F|  |TAMS 0x000000060a800000| PB 0x000000060a800000| Untracked 
|1046|0x000000060b000000, 0x000000060b000000, 0x000000060b800000|  0%| F|  |TAMS 0x000000060b000000| PB 0x000000060b000000| Untracked 
|1047|0x000000060b800000, 0x000000060b800000, 0x000000060c000000|  0%| F|  |TAMS 0x000000060b800000| PB 0x000000060b800000| Untracked 
|1048|0x000000060c000000, 0x000000060c000000, 0x000000060c800000|  0%| F|  |TAMS 0x000000060c000000| PB 0x000000060c000000| Untracked 
|1049|0x000000060c800000, 0x000000060c800000, 0x000000060d000000|  0%| F|  |TAMS 0x000000060c800000| PB 0x000000060c800000| Untracked 
|1050|0x000000060d000000, 0x000000060d000000, 0x000000060d800000|  0%| F|  |TAMS 0x000000060d000000| PB 0x000000060d000000| Untracked 
|1051|0x000000060d800000, 0x000000060d800000, 0x000000060e000000|  0%| F|  |TAMS 0x000000060d800000| PB 0x000000060d800000| Untracked 
|1052|0x000000060e000000, 0x000000060e000000, 0x000000060e800000|  0%| F|  |TAMS 0x000000060e000000| PB 0x000000060e000000| Untracked 
|1053|0x000000060e800000, 0x000000060e800000, 0x000000060f000000|  0%| F|  |TAMS 0x000000060e800000| PB 0x000000060e800000| Untracked 
|1054|0x000000060f000000, 0x000000060f000000, 0x000000060f800000|  0%| F|  |TAMS 0x000000060f000000| PB 0x000000060f000000| Untracked 
|1055|0x000000060f800000, 0x000000060f800000, 0x0000000610000000|  0%| F|  |TAMS 0x000000060f800000| PB 0x000000060f800000| Untracked 
|1056|0x0000000610000000, 0x0000000610000000, 0x0000000610800000|  0%| F|  |TAMS 0x0000000610000000| PB 0x0000000610000000| Untracked 
|1057|0x0000000610800000, 0x0000000610800000, 0x0000000611000000|  0%| F|  |TAMS 0x0000000610800000| PB 0x0000000610800000| Untracked 
|1058|0x0000000611000000, 0x0000000611000000, 0x0000000611800000|  0%| F|  |TAMS 0x0000000611000000| PB 0x0000000611000000| Untracked 
|1059|0x0000000611800000, 0x0000000611800000, 0x0000000612000000|  0%| F|  |TAMS 0x0000000611800000| PB 0x0000000611800000| Untracked 
|1060|0x0000000612000000, 0x0000000612000000, 0x0000000612800000|  0%| F|  |TAMS 0x0000000612000000| PB 0x0000000612000000| Untracked 
|1061|0x0000000612800000, 0x0000000612800000, 0x0000000613000000|  0%| F|  |TAMS 0x0000000612800000| PB 0x0000000612800000| Untracked 
|1062|0x0000000613000000, 0x0000000613000000, 0x0000000613800000|  0%| F|  |TAMS 0x0000000613000000| PB 0x0000000613000000| Untracked 
|1063|0x0000000613800000, 0x0000000613800000, 0x0000000614000000|  0%| F|  |TAMS 0x0000000613800000| PB 0x0000000613800000| Untracked 
|1064|0x0000000614000000, 0x0000000614000000, 0x0000000614800000|  0%| F|  |TAMS 0x0000000614000000| PB 0x0000000614000000| Untracked 
|1065|0x0000000614800000, 0x0000000614800000, 0x0000000615000000|  0%| F|  |TAMS 0x0000000614800000| PB 0x0000000614800000| Untracked 
|1066|0x0000000615000000, 0x0000000615000000, 0x0000000615800000|  0%| F|  |TAMS 0x0000000615000000| PB 0x0000000615000000| Untracked 
|1067|0x0000000615800000, 0x0000000615800000, 0x0000000616000000|  0%| F|  |TAMS 0x0000000615800000| PB 0x0000000615800000| Untracked 
|1068|0x0000000616000000, 0x0000000616000000, 0x0000000616800000|  0%| F|  |TAMS 0x0000000616000000| PB 0x0000000616000000| Untracked 
|1069|0x0000000616800000, 0x0000000616800000, 0x0000000617000000|  0%| F|  |TAMS 0x0000000616800000| PB 0x0000000616800000| Untracked 
|1070|0x0000000617000000, 0x0000000617000000, 0x0000000617800000|  0%| F|  |TAMS 0x0000000617000000| PB 0x0000000617000000| Untracked 
|1071|0x0000000617800000, 0x0000000617800000, 0x0000000618000000|  0%| F|  |TAMS 0x0000000617800000| PB 0x0000000617800000| Untracked 
|1072|0x0000000618000000, 0x0000000618000000, 0x0000000618800000|  0%| F|  |TAMS 0x0000000618000000| PB 0x0000000618000000| Untracked 
|1073|0x0000000618800000, 0x0000000618800000, 0x0000000619000000|  0%| F|  |TAMS 0x0000000618800000| PB 0x0000000618800000| Untracked 
|1074|0x0000000619000000, 0x0000000619000000, 0x0000000619800000|  0%| F|  |TAMS 0x0000000619000000| PB 0x0000000619000000| Untracked 
|1075|0x0000000619800000, 0x0000000619800000, 0x000000061a000000|  0%| F|  |TAMS 0x0000000619800000| PB 0x0000000619800000| Untracked 
|1076|0x000000061a000000, 0x000000061a000000, 0x000000061a800000|  0%| F|  |TAMS 0x000000061a000000| PB 0x000000061a000000| Untracked 
|1077|0x000000061a800000, 0x000000061a800000, 0x000000061b000000|  0%| F|  |TAMS 0x000000061a800000| PB 0x000000061a800000| Untracked 
|1078|0x000000061b000000, 0x000000061b000000, 0x000000061b800000|  0%| F|  |TAMS 0x000000061b000000| PB 0x000000061b000000| Untracked 
|1079|0x000000061b800000, 0x000000061b800000, 0x000000061c000000|  0%| F|  |TAMS 0x000000061b800000| PB 0x000000061b800000| Untracked 
|1080|0x000000061c000000, 0x000000061c000000, 0x000000061c800000|  0%| F|  |TAMS 0x000000061c000000| PB 0x000000061c000000| Untracked 
|1081|0x000000061c800000, 0x000000061c800000, 0x000000061d000000|  0%| F|  |TAMS 0x000000061c800000| PB 0x000000061c800000| Untracked 
|1082|0x000000061d000000, 0x000000061d000000, 0x000000061d800000|  0%| F|  |TAMS 0x000000061d000000| PB 0x000000061d000000| Untracked 
|1083|0x000000061d800000, 0x000000061d800000, 0x000000061e000000|  0%| F|  |TAMS 0x000000061d800000| PB 0x000000061d800000| Untracked 
|1084|0x000000061e000000, 0x000000061e000000, 0x000000061e800000|  0%| F|  |TAMS 0x000000061e000000| PB 0x000000061e000000| Untracked 
|1085|0x000000061e800000, 0x000000061e800000, 0x000000061f000000|  0%| F|  |TAMS 0x000000061e800000| PB 0x000000061e800000| Untracked 
|1086|0x000000061f000000, 0x000000061f000000, 0x000000061f800000|  0%| F|  |TAMS 0x000000061f000000| PB 0x000000061f000000| Untracked 
|1087|0x000000061f800000, 0x000000061f800000, 0x0000000620000000|  0%| F|  |TAMS 0x000000061f800000| PB 0x000000061f800000| Untracked 
|1088|0x0000000620000000, 0x0000000620000000, 0x0000000620800000|  0%| F|  |TAMS 0x0000000620000000| PB 0x0000000620000000| Untracked 
|1089|0x0000000620800000, 0x0000000620800000, 0x0000000621000000|  0%| F|  |TAMS 0x0000000620800000| PB 0x0000000620800000| Untracked 
|1090|0x0000000621000000, 0x0000000621000000, 0x0000000621800000|  0%| F|  |TAMS 0x0000000621000000| PB 0x0000000621000000| Untracked 
|1091|0x0000000621800000, 0x0000000621800000, 0x0000000622000000|  0%| F|  |TAMS 0x0000000621800000| PB 0x0000000621800000| Untracked 
|1092|0x0000000622000000, 0x0000000622000000, 0x0000000622800000|  0%| F|  |TAMS 0x0000000622000000| PB 0x0000000622000000| Untracked 
|1093|0x0000000622800000, 0x0000000622800000, 0x0000000623000000|  0%| F|  |TAMS 0x0000000622800000| PB 0x0000000622800000| Untracked 
|1094|0x0000000623000000, 0x0000000623000000, 0x0000000623800000|  0%| F|  |TAMS 0x0000000623000000| PB 0x0000000623000000| Untracked 
|1095|0x0000000623800000, 0x0000000623800000, 0x0000000624000000|  0%| F|  |TAMS 0x0000000623800000| PB 0x0000000623800000| Untracked 
|1096|0x0000000624000000, 0x0000000624000000, 0x0000000624800000|  0%| F|  |TAMS 0x0000000624000000| PB 0x0000000624000000| Untracked 
|1097|0x0000000624800000, 0x0000000624800000, 0x0000000625000000|  0%| F|  |TAMS 0x0000000624800000| PB 0x0000000624800000| Untracked 
|1098|0x0000000625000000, 0x0000000625000000, 0x0000000625800000|  0%| F|  |TAMS 0x0000000625000000| PB 0x0000000625000000| Untracked 
|1099|0x0000000625800000, 0x0000000625800000, 0x0000000626000000|  0%| F|  |TAMS 0x0000000625800000| PB 0x0000000625800000| Untracked 
|1100|0x0000000626000000, 0x0000000626000000, 0x0000000626800000|  0%| F|  |TAMS 0x0000000626000000| PB 0x0000000626000000| Untracked 
|1101|0x0000000626800000, 0x0000000626800000, 0x0000000627000000|  0%| F|  |TAMS 0x0000000626800000| PB 0x0000000626800000| Untracked 
|1102|0x0000000627000000, 0x0000000627000000, 0x0000000627800000|  0%| F|  |TAMS 0x0000000627000000| PB 0x0000000627000000| Untracked 
|1103|0x0000000627800000, 0x0000000627800000, 0x0000000628000000|  0%| F|  |TAMS 0x0000000627800000| PB 0x0000000627800000| Untracked 
|1104|0x0000000628000000, 0x0000000628000000, 0x0000000628800000|  0%| F|  |TAMS 0x0000000628000000| PB 0x0000000628000000| Untracked 
|1105|0x0000000628800000, 0x0000000628800000, 0x0000000629000000|  0%| F|  |TAMS 0x0000000628800000| PB 0x0000000628800000| Untracked 
|1106|0x0000000629000000, 0x0000000629000000, 0x0000000629800000|  0%| F|  |TAMS 0x0000000629000000| PB 0x0000000629000000| Untracked 
|1107|0x0000000629800000, 0x0000000629800000, 0x000000062a000000|  0%| F|  |TAMS 0x0000000629800000| PB 0x0000000629800000| Untracked 
|1108|0x000000062a000000, 0x000000062a000000, 0x000000062a800000|  0%| F|  |TAMS 0x000000062a000000| PB 0x000000062a000000| Untracked 
|1109|0x000000062a800000, 0x000000062a800000, 0x000000062b000000|  0%| F|  |TAMS 0x000000062a800000| PB 0x000000062a800000| Untracked 
|1110|0x000000062b000000, 0x000000062b000000, 0x000000062b800000|  0%| F|  |TAMS 0x000000062b000000| PB 0x000000062b000000| Untracked 
|1111|0x000000062b800000, 0x000000062b800000, 0x000000062c000000|  0%| F|  |TAMS 0x000000062b800000| PB 0x000000062b800000| Untracked 
|1112|0x000000062c000000, 0x000000062c000000, 0x000000062c800000|  0%| F|  |TAMS 0x000000062c000000| PB 0x000000062c000000| Untracked 
|1113|0x000000062c800000, 0x000000062c800000, 0x000000062d000000|  0%| F|  |TAMS 0x000000062c800000| PB 0x000000062c800000| Untracked 
|1114|0x000000062d000000, 0x000000062d000000, 0x000000062d800000|  0%| F|  |TAMS 0x000000062d000000| PB 0x000000062d000000| Untracked 
|1115|0x000000062d800000, 0x000000062d800000, 0x000000062e000000|  0%| F|  |TAMS 0x000000062d800000| PB 0x000000062d800000| Untracked 
|1116|0x000000062e000000, 0x000000062e000000, 0x000000062e800000|  0%| F|  |TAMS 0x000000062e000000| PB 0x000000062e000000| Untracked 
|1117|0x000000062e800000, 0x000000062e800000, 0x000000062f000000|  0%| F|  |TAMS 0x000000062e800000| PB 0x000000062e800000| Untracked 
|1118|0x000000062f000000, 0x000000062f000000, 0x000000062f800000|  0%| F|  |TAMS 0x000000062f000000| PB 0x000000062f000000| Untracked 
|1119|0x000000062f800000, 0x000000062f800000, 0x0000000630000000|  0%| F|  |TAMS 0x000000062f800000| PB 0x000000062f800000| Untracked 
|1120|0x0000000630000000, 0x0000000630800000, 0x0000000630800000|100%| S|CS|TAMS 0x0000000630000000| PB 0x0000000630000000| Complete 
|1121|0x0000000630800000, 0x0000000631000000, 0x0000000631000000|100%| S|CS|TAMS 0x0000000630800000| PB 0x0000000630800000| Complete 
|1122|0x0000000631000000, 0x0000000631800000, 0x0000000631800000|100%| S|CS|TAMS 0x0000000631000000| PB 0x0000000631000000| Complete 
|1123|0x0000000631800000, 0x0000000632000000, 0x0000000632000000|100%| S|CS|TAMS 0x0000000631800000| PB 0x0000000631800000| Complete 
|1124|0x0000000632000000, 0x0000000632800000, 0x0000000632800000|100%| S|CS|TAMS 0x0000000632000000| PB 0x0000000632000000| Complete 
|1125|0x0000000632800000, 0x0000000633000000, 0x0000000633000000|100%| S|CS|TAMS 0x0000000632800000| PB 0x0000000632800000| Complete 
|1126|0x0000000633000000, 0x0000000633800000, 0x0000000633800000|100%| S|CS|TAMS 0x0000000633000000| PB 0x0000000633000000| Complete 
|1127|0x0000000633800000, 0x0000000634000000, 0x0000000634000000|100%| S|CS|TAMS 0x0000000633800000| PB 0x0000000633800000| Complete 
|1128|0x0000000634000000, 0x0000000634000000, 0x0000000634800000|  0%| F|  |TAMS 0x0000000634000000| PB 0x0000000634000000| Untracked 
|1129|0x0000000634800000, 0x0000000634800000, 0x0000000635000000|  0%| F|  |TAMS 0x0000000634800000| PB 0x0000000634800000| Untracked 
|1130|0x0000000635000000, 0x0000000635000000, 0x0000000635800000|  0%| F|  |TAMS 0x0000000635000000| PB 0x0000000635000000| Untracked 
|1131|0x0000000635800000, 0x0000000635800000, 0x0000000636000000|  0%| F|  |TAMS 0x0000000635800000| PB 0x0000000635800000| Untracked 
|1132|0x0000000636000000, 0x0000000636000000, 0x0000000636800000|  0%| F|  |TAMS 0x0000000636000000| PB 0x0000000636000000| Untracked 
|1133|0x0000000636800000, 0x0000000636800000, 0x0000000637000000|  0%| F|  |TAMS 0x0000000636800000| PB 0x0000000636800000| Untracked 
|1134|0x0000000637000000, 0x0000000637000000, 0x0000000637800000|  0%| F|  |TAMS 0x0000000637000000| PB 0x0000000637000000| Untracked 
|1135|0x0000000637800000, 0x0000000637800000, 0x0000000638000000|  0%| F|  |TAMS 0x0000000637800000| PB 0x0000000637800000| Untracked 
|1136|0x0000000638000000, 0x0000000638000000, 0x0000000638800000|  0%| F|  |TAMS 0x0000000638000000| PB 0x0000000638000000| Untracked 
|1137|0x0000000638800000, 0x0000000638800000, 0x0000000639000000|  0%| F|  |TAMS 0x0000000638800000| PB 0x0000000638800000| Untracked 
|1138|0x0000000639000000, 0x0000000639000000, 0x0000000639800000|  0%| F|  |TAMS 0x0000000639000000| PB 0x0000000639000000| Untracked 
|1139|0x0000000639800000, 0x0000000639800000, 0x000000063a000000|  0%| F|  |TAMS 0x0000000639800000| PB 0x0000000639800000| Untracked 
|1140|0x000000063a000000, 0x000000063a000000, 0x000000063a800000|  0%| F|  |TAMS 0x000000063a000000| PB 0x000000063a000000| Untracked 
|1141|0x000000063a800000, 0x000000063a800000, 0x000000063b000000|  0%| F|  |TAMS 0x000000063a800000| PB 0x000000063a800000| Untracked 
|1142|0x000000063b000000, 0x000000063b000000, 0x000000063b800000|  0%| F|  |TAMS 0x000000063b000000| PB 0x000000063b000000| Untracked 
|1143|0x000000063b800000, 0x000000063b800000, 0x000000063c000000|  0%| F|  |TAMS 0x000000063b800000| PB 0x000000063b800000| Untracked 
|1144|0x000000063c000000, 0x000000063c000000, 0x000000063c800000|  0%| F|  |TAMS 0x000000063c000000| PB 0x000000063c000000| Untracked 
|1145|0x000000063c800000, 0x000000063c800000, 0x000000063d000000|  0%| F|  |TAMS 0x000000063c800000| PB 0x000000063c800000| Untracked 
|1146|0x000000063d000000, 0x000000063d000000, 0x000000063d800000|  0%| F|  |TAMS 0x000000063d000000| PB 0x000000063d000000| Untracked 
|1147|0x000000063d800000, 0x000000063d800000, 0x000000063e000000|  0%| F|  |TAMS 0x000000063d800000| PB 0x000000063d800000| Untracked 
|1148|0x000000063e000000, 0x000000063e000000, 0x000000063e800000|  0%| F|  |TAMS 0x000000063e000000| PB 0x000000063e000000| Untracked 
|1149|0x000000063e800000, 0x000000063e800000, 0x000000063f000000|  0%| F|  |TAMS 0x000000063e800000| PB 0x000000063e800000| Untracked 
|1150|0x000000063f000000, 0x000000063f000000, 0x000000063f800000|  0%| F|  |TAMS 0x000000063f000000| PB 0x000000063f000000| Untracked 
|1151|0x000000063f800000, 0x000000063f800000, 0x0000000640000000|  0%| F|  |TAMS 0x000000063f800000| PB 0x000000063f800000| Untracked 
|1152|0x0000000640000000, 0x0000000640000000, 0x0000000640800000|  0%| F|  |TAMS 0x0000000640000000| PB 0x0000000640000000| Untracked 
|1153|0x0000000640800000, 0x0000000640800000, 0x0000000641000000|  0%| F|  |TAMS 0x0000000640800000| PB 0x0000000640800000| Untracked 
|1154|0x0000000641000000, 0x0000000641000000, 0x0000000641800000|  0%| F|  |TAMS 0x0000000641000000| PB 0x0000000641000000| Untracked 
|1155|0x0000000641800000, 0x0000000641800000, 0x0000000642000000|  0%| F|  |TAMS 0x0000000641800000| PB 0x0000000641800000| Untracked 
|1156|0x0000000642000000, 0x0000000642000000, 0x0000000642800000|  0%| F|  |TAMS 0x0000000642000000| PB 0x0000000642000000| Untracked 
|1157|0x0000000642800000, 0x0000000642800000, 0x0000000643000000|  0%| F|  |TAMS 0x0000000642800000| PB 0x0000000642800000| Untracked 
|1158|0x0000000643000000, 0x0000000643000000, 0x0000000643800000|  0%| F|  |TAMS 0x0000000643000000| PB 0x0000000643000000| Untracked 
|1159|0x0000000643800000, 0x0000000643800000, 0x0000000644000000|  0%| F|  |TAMS 0x0000000643800000| PB 0x0000000643800000| Untracked 
|1160|0x0000000644000000, 0x0000000644000000, 0x0000000644800000|  0%| F|  |TAMS 0x0000000644000000| PB 0x0000000644000000| Untracked 
|1161|0x0000000644800000, 0x0000000644800000, 0x0000000645000000|  0%| F|  |TAMS 0x0000000644800000| PB 0x0000000644800000| Untracked 
|1162|0x0000000645000000, 0x0000000645000000, 0x0000000645800000|  0%| F|  |TAMS 0x0000000645000000| PB 0x0000000645000000| Untracked 
|1163|0x0000000645800000, 0x0000000645800000, 0x0000000646000000|  0%| F|  |TAMS 0x0000000645800000| PB 0x0000000645800000| Untracked 
|1164|0x0000000646000000, 0x0000000646000000, 0x0000000646800000|  0%| F|  |TAMS 0x0000000646000000| PB 0x0000000646000000| Untracked 
|1165|0x0000000646800000, 0x0000000646800000, 0x0000000647000000|  0%| F|  |TAMS 0x0000000646800000| PB 0x0000000646800000| Untracked 
|1166|0x0000000647000000, 0x0000000647000000, 0x0000000647800000|  0%| F|  |TAMS 0x0000000647000000| PB 0x0000000647000000| Untracked 
|1167|0x0000000647800000, 0x0000000647800000, 0x0000000648000000|  0%| F|  |TAMS 0x0000000647800000| PB 0x0000000647800000| Untracked 
|1168|0x0000000648000000, 0x0000000648000000, 0x0000000648800000|  0%| F|  |TAMS 0x0000000648000000| PB 0x0000000648000000| Untracked 
|1169|0x0000000648800000, 0x0000000648800000, 0x0000000649000000|  0%| F|  |TAMS 0x0000000648800000| PB 0x0000000648800000| Untracked 
|1170|0x0000000649000000, 0x0000000649000000, 0x0000000649800000|  0%| F|  |TAMS 0x0000000649000000| PB 0x0000000649000000| Untracked 
|1171|0x0000000649800000, 0x0000000649800000, 0x000000064a000000|  0%| F|  |TAMS 0x0000000649800000| PB 0x0000000649800000| Untracked 
|1172|0x000000064a000000, 0x000000064a000000, 0x000000064a800000|  0%| F|  |TAMS 0x000000064a000000| PB 0x000000064a000000| Untracked 
|1173|0x000000064a800000, 0x000000064a800000, 0x000000064b000000|  0%| F|  |TAMS 0x000000064a800000| PB 0x000000064a800000| Untracked 
|1174|0x000000064b000000, 0x000000064b000000, 0x000000064b800000|  0%| F|  |TAMS 0x000000064b000000| PB 0x000000064b000000| Untracked 
|1175|0x000000064b800000, 0x000000064b800000, 0x000000064c000000|  0%| F|  |TAMS 0x000000064b800000| PB 0x000000064b800000| Untracked 
|1176|0x000000064c000000, 0x000000064c000000, 0x000000064c800000|  0%| F|  |TAMS 0x000000064c000000| PB 0x000000064c000000| Untracked 
|1177|0x000000064c800000, 0x000000064c800000, 0x000000064d000000|  0%| F|  |TAMS 0x000000064c800000| PB 0x000000064c800000| Untracked 
|1178|0x000000064d000000, 0x000000064d000000, 0x000000064d800000|  0%| F|  |TAMS 0x000000064d000000| PB 0x000000064d000000| Untracked 
|1179|0x000000064d800000, 0x000000064d800000, 0x000000064e000000|  0%| F|  |TAMS 0x000000064d800000| PB 0x000000064d800000| Untracked 
|1180|0x000000064e000000, 0x000000064e000000, 0x000000064e800000|  0%| F|  |TAMS 0x000000064e000000| PB 0x000000064e000000| Untracked 
|1181|0x000000064e800000, 0x000000064e800000, 0x000000064f000000|  0%| F|  |TAMS 0x000000064e800000| PB 0x000000064e800000| Untracked 
|1182|0x000000064f000000, 0x000000064f000000, 0x000000064f800000|  0%| F|  |TAMS 0x000000064f000000| PB 0x000000064f000000| Untracked 
|1183|0x000000064f800000, 0x000000064f800000, 0x0000000650000000|  0%| F|  |TAMS 0x000000064f800000| PB 0x000000064f800000| Untracked 
|1184|0x0000000650000000, 0x0000000650000000, 0x0000000650800000|  0%| F|  |TAMS 0x0000000650000000| PB 0x0000000650000000| Untracked 
|1185|0x0000000650800000, 0x0000000650800000, 0x0000000651000000|  0%| F|  |TAMS 0x0000000650800000| PB 0x0000000650800000| Untracked 
|1186|0x0000000651000000, 0x0000000651000000, 0x0000000651800000|  0%| F|  |TAMS 0x0000000651000000| PB 0x0000000651000000| Untracked 

Card table byte_map: [0x00000209dc7c0000,0x00000209de7c0000] _byte_map_base: 0x00000209da7c0000

Marking Bits: (CMBitMap*) 0x00000209ee911820
 Bits: [0x00000209de7c0000, 0x00000209ee7c0000)

Polling page: 0x00000209c06d0000

Metaspace:

Usage:
  Non-class:      3.41 MB used.
      Class:    352.78 KB used.
       Both:      3.76 MB used.

Virtual space:
  Non-class space:       64.00 MB reserved,       3.50 MB (  5%) committed,  1 nodes.
      Class space:        1.00 GB reserved,     448.00 KB ( <1%) committed,  1 nodes.
             Both:        1.06 GB reserved,       3.94 MB ( <1%) committed. 

Chunk freelists:
   Non-Class:  10.94 MB
       Class:  15.57 MB
        Both:  26.51 MB

MaxMetaspaceSize: unlimited
CompressedClassSpaceSize: 1.00 GB
Initial GC threshold: 21.00 MB
Current GC threshold: 21.00 MB
CDS: on
 - commit_granule_bytes: 65536.
 - commit_granule_words: 8192.
 - virtual_space_node_default_size: 8388608.
 - enlarge_chunks_in_place: 1.
 - use_allocation_guard: 0.


Internal statistics:

num_allocs_failed_limit: 0.
num_arena_births: 80.
num_arena_deaths: 0.
num_vsnodes_births: 2.
num_vsnodes_deaths: 0.
num_space_committed: 63.
num_space_uncommitted: 0.
num_chunks_returned_to_freelist: 0.
num_chunks_taken_from_freelist: 144.
num_chunk_merges: 0.
num_chunk_splits: 93.
num_chunks_enlarged: 65.
num_inconsistent_stats: 0.

CodeHeap 'non-profiled nmethods': size=119168Kb used=509Kb max_used=510Kb free=118658Kb
 bounds [0x00000209d28b0000, 0x00000209d2b20000, 0x00000209d9d10000]
CodeHeap 'profiled nmethods': size=119104Kb used=1612Kb max_used=1908Kb free=117491Kb
 bounds [0x00000209cad10000, 0x00000209caf80000, 0x00000209d2160000]
CodeHeap 'non-nmethods': size=7488Kb used=1377Kb max_used=3097Kb free=6110Kb
 bounds [0x00000209d2160000, 0x00000209d2470000, 0x00000209d28b0000]
 total_blobs=1548 nmethods=1069 adapters=384
 compilation: enabled
              stopped_count=0, restarted_count=0
 full_count=0

Compilation events (20 events):
Event: 20.233 Thread 0x00000209f1cb1060 1227 % !   3       com.zlw.stroke.getexpression.H5ToBinaryConverterMemoryMapped::createBinaryFileWithMemoryMapping @ 65 (495 bytes)
Event: 20.238 Thread 0x00000209f1cb1060 nmethod 1227% 0x00000209caeed010 code [0x00000209caeed4e0, 0x00000209caeefa30]
Event: 20.238 Thread 0x00000209f1cb05d0 1228 % !   4       com.zlw.stroke.getexpression.H5ToBinaryConverterMemoryMapped::createBinaryFileWithMemoryMapping @ 65 (495 bytes)
Event: 20.246 Thread 0x00000209f1cb05d0 nmethod 1228% 0x00000209d28e9410 code [0x00000209d28e95e0, 0x00000209d28e9d90]
Event: 20.246 Thread 0x00000209f1cb05d0 1229   !   4       com.zlw.stroke.getexpression.H5ToBinaryConverterMemoryMapped::createBinaryFileWithMemoryMapping (495 bytes)
Event: 20.253 Thread 0x00000209f1cb05d0 nmethod 1229 0x00000209d28ebb10 code [0x00000209d28ebcc0, 0x00000209d28ec1d0]
Event: 22.700 Thread 0x00000209f1cb1060 1230       3       java.util.ArrayList::<init> (61 bytes)
Event: 22.703 Thread 0x00000209f1cb1060 nmethod 1230 0x00000209cad28810 code [0x00000209cad28a60, 0x00000209cad29350]
Event: 22.709 Thread 0x00000209f1cb1060 1231 % !   3       com.zlw.stroke.getexpression.H5ToBinaryConverterMemoryMapped::createBinaryFileWithMemoryMapping @ 111 (495 bytes)
Event: 22.711 Thread 0x00000209f1cb1060 nmethod 1231% 0x00000209caef1210 code [0x00000209caef16e0, 0x00000209caef3c10]
Event: 22.810 Thread 0x00000209f1cb05d0 1232       4       java.util.ArrayList::<init> (61 bytes)
Event: 22.815 Thread 0x00000209f1cb05d0 nmethod 1232 0x00000209d28e2c10 code [0x00000209d28e2da0, 0x00000209d28e3040]
Event: 23.236 Thread 0x00000209f1cb1060 1233       3       java.util.ArrayList::<init> (61 bytes)
Event: 23.236 Thread 0x00000209f1cb1060 nmethod 1233 0x00000209cad7ec90 code [0x00000209cad7eee0, 0x00000209cad7f7d0]
Event: 23.238 Thread 0x00000209f1cb05d0 1234       4       java.util.AbstractList::<init> (10 bytes)
Event: 23.238 Thread 0x00000209f1cb05d0 nmethod 1234 0x00000209d28e3d90 code [0x00000209d28e3f00, 0x00000209d28e3f90]
Event: 23.238 Thread 0x00000209f1cb05d0 1235       4       java.util.ArrayList::add (25 bytes)
Event: 23.241 Thread 0x00000209f1cb05d0 nmethod 1235 0x00000209d28ca890 code [0x00000209d28caa40, 0x00000209d28cacb0]
Event: 23.241 Thread 0x00000209f1cb05d0 1236 % !   4       com.zlw.stroke.getexpression.H5ToBinaryConverterMemoryMapped::createBinaryFileWithMemoryMapping @ 191 (495 bytes)
Event: 23.250 Thread 0x00000209f1cb05d0 nmethod 1236% 0x00000209d28c0c10 code [0x00000209d28c0e20, 0x00000209d28c1a78]

GC Heap History (20 events):
Event: 3.962 GC heap after
{Heap after GC invocations=3 (full 0):
 garbage-first heap   total 4194304K, used 1604067K [0x0000000400000000, 0x0000000800000000)
  region size 8192K, 1 young (8192K), 1 survivors (8192K)
 Metaspace       used 3798K, committed 3968K, reserved 1114112K
  class space    used 348K, committed 448K, reserved 1048576K
}
Event: 4.777 GC heap before
{Heap before GC invocations=3 (full 0):
 garbage-first heap   total 4194304K, used 2324963K [0x0000000400000000, 0x0000000800000000)
  region size 8192K, 2 young (16384K), 1 survivors (8192K)
 Metaspace       used 3798K, committed 3968K, reserved 1114112K
  class space    used 348K, committed 448K, reserved 1048576K
}
Event: 4.787 GC heap after
{Heap after GC invocations=4 (full 0):
 garbage-first heap   total 4194304K, used 727727K [0x0000000400000000, 0x0000000800000000)
  region size 8192K, 1 young (8192K), 1 survivors (8192K)
 Metaspace       used 3798K, committed 3968K, reserved 1114112K
  class space    used 348K, committed 448K, reserved 1048576K
}
Event: 5.306 GC heap before
{Heap before GC invocations=4 (full 0):
 garbage-first heap   total 4194304K, used 1448623K [0x0000000400000000, 0x0000000800000000)
  region size 8192K, 2 young (16384K), 1 survivors (8192K)
 Metaspace       used 3814K, committed 3968K, reserved 1114112K
  class space    used 349K, committed 448K, reserved 1048576K
}
Event: 5.310 GC heap after
{Heap after GC invocations=5 (full 0):
 garbage-first heap   total 4194304K, used 727816K [0x0000000400000000, 0x0000000800000000)
  region size 8192K, 1 young (8192K), 1 survivors (8192K)
 Metaspace       used 3814K, committed 3968K, reserved 1114112K
  class space    used 349K, committed 448K, reserved 1048576K
}
Event: 5.848 GC heap before
{Heap before GC invocations=5 (full 0):
 garbage-first heap   total 4194304K, used 2169608K [0x0000000400000000, 0x0000000800000000)
  region size 8192K, 2 young (16384K), 1 survivors (8192K)
 Metaspace       used 3814K, committed 3968K, reserved 1114112K
  class space    used 349K, committed 448K, reserved 1048576K
}
Event: 5.851 GC heap after
{Heap after GC invocations=6 (full 0):
 garbage-first heap   total 4194304K, used 2169886K [0x0000000400000000, 0x0000000800000000)
  region size 8192K, 1 young (8192K), 1 survivors (8192K)
 Metaspace       used 3814K, committed 3968K, reserved 1114112K
  class space    used 349K, committed 448K, reserved 1048576K
}
Event: 14.214 GC heap before
{Heap before GC invocations=7 (full 0):
 garbage-first heap   total 6209536K, used 4389918K [0x0000000400000000, 0x0000000800000000)
  region size 8192K, 2 young (16384K), 1 survivors (8192K)
 Metaspace       used 3814K, committed 3968K, reserved 1114112K
  class space    used 349K, committed 448K, reserved 1048576K
}
Event: 14.219 GC heap after
{Heap after GC invocations=8 (full 0):
 garbage-first heap   total 6209536K, used 4389792K [0x0000000400000000, 0x0000000800000000)
  region size 8192K, 1 young (8192K), 1 survivors (8192K)
 Metaspace       used 3814K, committed 3968K, reserved 1114112K
  class space    used 349K, committed 448K, reserved 1048576K
}
Event: 17.861 GC heap before
{Heap before GC invocations=9 (full 0):
 garbage-first heap   total 9723904K, used 7273376K [0x0000000400000000, 0x0000000800000000)
  region size 8192K, 2 young (16384K), 1 survivors (8192K)
 Metaspace       used 3814K, committed 3968K, reserved 1114112K
  class space    used 349K, committed 448K, reserved 1048576K
}
Event: 17.874 GC heap after
{Heap after GC invocations=10 (full 0):
 garbage-first heap   total 9723904K, used 2169714K [0x0000000400000000, 0x0000000800000000)
  region size 8192K, 1 young (8192K), 1 survivors (8192K)
 Metaspace       used 3814K, committed 3968K, reserved 1114112K
  class space    used 349K, committed 448K, reserved 1048576K
}
Event: 23.794 GC heap before
{Heap before GC invocations=10 (full 0):
 garbage-first heap   total 9723904K, used 5340018K [0x0000000400000000, 0x0000000800000000)
  region size 8192K, 124 young (1015808K), 1 survivors (8192K)
 Metaspace       used 3849K, committed 4032K, reserved 1114112K
  class space    used 352K, committed 448K, reserved 1048576K
}
Event: 25.240 GC heap after
{Heap after GC invocations=11 (full 0):
 garbage-first heap   total 9723904K, used 2494464K [0x0000000400000000, 0x0000000800000000)
  region size 8192K, 16 young (131072K), 16 survivors (131072K)
 Metaspace       used 3849K, committed 4032K, reserved 1114112K
  class space    used 352K, committed 448K, reserved 1048576K
}
Event: 25.861 GC heap before
{Heap before GC invocations=11 (full 0):
 garbage-first heap   total 9723904K, used 2846720K [0x0000000400000000, 0x0000000800000000)
  region size 8192K, 59 young (483328K), 16 survivors (131072K)
 Metaspace       used 3849K, committed 4032K, reserved 1114112K
  class space    used 352K, committed 448K, reserved 1048576K
}
Event: 26.249 GC heap after
{Heap after GC invocations=12 (full 0):
 garbage-first heap   total 9723904K, used 2871296K [0x0000000400000000, 0x0000000800000000)
  region size 8192K, 8 young (65536K), 8 survivors (65536K)
 Metaspace       used 3849K, committed 4032K, reserved 1114112K
  class space    used 352K, committed 448K, reserved 1048576K
}
Event: 26.864 GC heap before
{Heap before GC invocations=12 (full 0):
 garbage-first heap   total 9723904K, used 3289088K [0x0000000400000000, 0x0000000800000000)
  region size 8192K, 59 young (483328K), 8 survivors (65536K)
 Metaspace       used 3849K, committed 4032K, reserved 1114112K
  class space    used 352K, committed 448K, reserved 1048576K
}
Event: 27.275 GC heap after
{Heap after GC invocations=13 (full 0):
 garbage-first heap   total 9723904K, used 3313664K [0x0000000400000000, 0x0000000800000000)
  region size 8192K, 8 young (65536K), 8 survivors (65536K)
 Metaspace       used 3849K, committed 4032K, reserved 1114112K
  class space    used 352K, committed 448K, reserved 1048576K
}
Event: 27.891 GC heap before
{Heap before GC invocations=13 (full 0):
 garbage-first heap   total 9723904K, used 3731456K [0x0000000400000000, 0x0000000800000000)
  region size 8192K, 59 young (483328K), 8 survivors (65536K)
 Metaspace       used 3849K, committed 4032K, reserved 1114112K
  class space    used 352K, committed 448K, reserved 1048576K
}
Event: 28.203 GC heap after
{Heap after GC invocations=14 (full 0):
 garbage-first heap   total 9723904K, used 3764224K [0x0000000400000000, 0x0000000800000000)
  region size 8192K, 8 young (65536K), 8 survivors (65536K)
 Metaspace       used 3849K, committed 4032K, reserved 1114112K
  class space    used 352K, committed 448K, reserved 1048576K
}
Event: 28.902 GC heap before
{Heap before GC invocations=14 (full 0):
 garbage-first heap   total 9723904K, used 4182016K [0x0000000400000000, 0x0000000800000000)
  region size 8192K, 59 young (483328K), 8 survivors (65536K)
 Metaspace       used 3849K, committed 4032K, reserved 1114112K
  class space    used 352K, committed 448K, reserved 1048576K
}

Dll operation events (11 events):
Event: 0.031 Loaded shared library C:\Program Files\Java\jdk-21\bin\java.dll
Event: 0.090 Loaded shared library C:\Program Files\Java\jdk-21\bin\jsvml.dll
Event: 0.193 Loaded shared library C:\Program Files\Java\jdk-21\bin\zip.dll
Event: 0.201 Loaded shared library C:\Program Files\Java\jdk-21\bin\instrument.dll
Event: 0.208 Loaded shared library C:\Program Files\Java\jdk-21\bin\net.dll
Event: 0.211 Loaded shared library C:\Program Files\Java\jdk-21\bin\nio.dll
Event: 0.215 Loaded shared library C:\Program Files\Java\jdk-21\bin\zip.dll
Event: 0.294 Loaded shared library C:\Software\IntelliJ IDEA 2020.3.4\bin\breakgen64.dll
Event: 0.305 Loaded shared library C:\Program Files\Java\jdk-21\bin\verify.dll
Event: 0.306 Loaded shared library C:\Program Files\Java\jdk-21\bin\extnet.dll
Event: 0.311 Loaded shared library C:\Program Files\Java\jdk-21\bin\jimage.dll

Deoptimization events (20 events):
Event: 8.571 Thread 0x00000209c2894550 DEOPT PACKING pc=0x00000209caee5be1 sp=0x0000003a619fe9b0
Event: 8.571 Thread 0x00000209c2894550 DEOPT UNPACKING pc=0x00000209d21b4e42 sp=0x0000003a619fdea0 mode 0
Event: 19.946 Thread 0x00000209c2894550 DEOPT PACKING pc=0x00000209cad3f9ec sp=0x0000003a619ff4b0
Event: 19.946 Thread 0x00000209c2894550 DEOPT UNPACKING pc=0x00000209d21b4e42 sp=0x0000003a619fe978 mode 0
Event: 20.210 Thread 0x00000209c2894550 Uncommon trap: trap_request=0xffffff45 fr.pc=0x00000209d28db3fc relative=0x000000000000025c
Event: 20.210 Thread 0x00000209c2894550 Uncommon trap: reason=unstable_if action=reinterpret pc=0x00000209d28db3fc method=com.zlw.stroke.getexpression.H5ToBinaryConverterMemoryMapped.readDatasetWithMemoryMappingFloat(Lio/jhdf/api/Dataset;)[F @ 43 c2
Event: 20.211 Thread 0x00000209c2894550 DEOPT PACKING pc=0x00000209d28db3fc sp=0x0000003a619ff4c0
Event: 20.211 Thread 0x00000209c2894550 DEOPT UNPACKING pc=0x00000209d21b46a2 sp=0x0000003a619ff478 mode 2
Event: 20.246 Thread 0x00000209c2894550 DEOPT PACKING pc=0x00000209caeef415 sp=0x0000003a619ff320
Event: 20.246 Thread 0x00000209c2894550 DEOPT UNPACKING pc=0x00000209d21b4e42 sp=0x0000003a619fe908 mode 0
Event: 22.697 Thread 0x00000209c2894550 Uncommon trap: trap_request=0xffffff45 fr.pc=0x00000209d28e9c5c relative=0x000000000000067c
Event: 22.697 Thread 0x00000209c2894550 Uncommon trap: reason=unstable_if action=reinterpret pc=0x00000209d28e9c5c method=com.zlw.stroke.getexpression.H5ToBinaryConverterMemoryMapped.createBinaryFileWithMemoryMapping(Ljava/lang/String;Ljava/lang/String;[Ljava/lang/String;[I[I[F[I)V @ 26 c2
Event: 22.698 Thread 0x00000209c2894550 DEOPT PACKING pc=0x00000209d28e9c5c sp=0x0000003a619ff450
Event: 22.698 Thread 0x00000209c2894550 DEOPT UNPACKING pc=0x00000209d21b46a2 sp=0x0000003a619ff408 mode 2
Event: 23.236 Thread 0x00000209c2894550 Uncommon trap: trap_request=0xffffff45 fr.pc=0x00000209d28e2fd0 relative=0x0000000000000230
Event: 23.236 Thread 0x00000209c2894550 Uncommon trap: reason=unstable_if action=reinterpret pc=0x00000209d28e2fd0 method=java.util.ArrayList.<init>(I)V @ 5 c2
Event: 23.236 Thread 0x00000209c2894550 DEOPT PACKING pc=0x00000209d28e2fd0 sp=0x0000003a619ff2c0
Event: 23.236 Thread 0x00000209c2894550 DEOPT UNPACKING pc=0x00000209d21b46a2 sp=0x0000003a619ff270 mode 2
Event: 23.250 Thread 0x00000209c2894550 DEOPT PACKING pc=0x00000209caef3796 sp=0x0000003a619ff310
Event: 23.250 Thread 0x00000209c2894550 DEOPT UNPACKING pc=0x00000209d21b4e42 sp=0x0000003a619fe908 mode 0

Classes loaded (20 events):
Event: 1.617 Loading class java/util/Arrays$ArrayItr
Event: 1.617 Loading class java/util/Arrays$ArrayItr done
Event: 1.618 Loading class java/time/zone/Ser
Event: 1.618 Loading class java/io/Externalizable
Event: 1.618 Loading class java/io/Externalizable done
Event: 1.618 Loading class java/time/zone/Ser done
Event: 1.619 Loading class java/time/zone/ZoneOffsetTransition
Event: 1.620 Loading class java/time/zone/ZoneOffsetTransition done
Event: 1.622 Loading class sun/util/cldr/CLDRBaseLocaleDataMetaInfo$TZCanonicalIDMapHolder
Event: 1.622 Loading class sun/util/cldr/CLDRBaseLocaleDataMetaInfo$TZCanonicalIDMapHolder done
Event: 1.624 Loading class sun/util/resources/TimeZoneNames
Event: 1.625 Loading class sun/util/resources/TimeZoneNames done
Event: 1.625 Loading class sun/util/resources/TimeZoneNames_en
Event: 1.625 Loading class sun/util/resources/TimeZoneNames_en done
Event: 5.150 Loading class java/nio/ByteBufferAsIntBufferL
Event: 5.157 Loading class java/nio/ByteBufferAsIntBufferL done
Event: 18.077 Loading class java/nio/ByteBufferAsDoubleBufferL
Event: 18.086 Loading class java/nio/DoubleBuffer
Event: 18.093 Loading class java/nio/DoubleBuffer done
Event: 18.093 Loading class java/nio/ByteBufferAsDoubleBufferL done

Classes unloaded (0 events):
No events

Classes redefined (0 events):
No events

Internal exceptions (15 events):
Event: 0.281 Thread 0x00000209c2894550 Exception <a 'java/lang/NoSuchMethodError'{0x00000004fec42930}: 'void java.lang.invoke.DirectMethodHandle$Holder.invokeStatic(java.lang.Object, java.lang.Object, java.lang.Object)'> (0x00000004fec42930) 
thrown [s\open\src\hotspot\share\interpreter\linkResolver.cpp, line 773]
Event: 0.286 Thread 0x00000209c2894550 Exception <a 'java/lang/NoSuchMethodError'{0x00000004fec59fa8}: 'java.lang.Object java.lang.invoke.Invokers$Holder.invokeExact_MT(java.lang.Object, java.lang.Object, java.lang.Object, java.lang.Object, java.lang.Object)'> (0x00000004fec59fa8) 
thrown [s\open\src\hotspot\share\interpreter\linkResolver.cpp, line 773]
Event: 0.307 Thread 0x0000020a372bbea0 Exception <a 'java/lang/NoSuchMethodError'{0x00000004fe0095e8}: 'void java.lang.invoke.DirectMethodHandle$Holder.invokeStatic(java.lang.Object, java.lang.Object)'> (0x00000004fe0095e8) 
thrown [s\open\src\hotspot\share\interpreter\linkResolver.cpp, line 773]
Event: 0.364 Thread 0x00000209c2894550 Exception <a 'java/lang/ClassNotFoundException'{0x00000004fed3a4c8}: javax/smartcardio/CardPermission> (0x00000004fed3a4c8) 
thrown [s\open\src\hotspot\share\classfile\systemDictionary.cpp, line 312]
Event: 0.369 Thread 0x00000209c2894550 Exception <a 'java/io/FileNotFoundException'{0x00000004fed48a28}> (0x00000004fed48a28) 
thrown [s\open\src\hotspot\share\prims\jni.cpp, line 520]
Event: 0.459 Thread 0x00000209c2894550 Exception <a 'java/lang/NoSuchMethodError'{0x00000004fef5b4d8}: 'org.slf4j.impl.StaticMDCBinder org.slf4j.impl.StaticMDCBinder.getSingleton()'> (0x00000004fef5b4d8) 
thrown [s\open\src\hotspot\share\interpreter\linkResolver.cpp, line 773]
Event: 0.480 Thread 0x00000209c2894550 Exception <a 'java/lang/NoSuchMethodError'{0x00000004fefc0fd0}: 'java.lang.Object java.lang.invoke.DirectMethodHandle$Holder.invokeInterface(java.lang.Object, java.lang.Object)'> (0x00000004fefc0fd0) 
thrown [s\open\src\hotspot\share\interpreter\linkResolver.cpp, line 773]
Event: 0.493 Thread 0x00000209c2894550 Exception <a 'java/lang/NoSuchMethodError'{0x00000004fd82ab68}: 'int java.lang.invoke.DirectMethodHandle$Holder.invokeSpecial(java.lang.Object, java.lang.Object, java.lang.Object)'> (0x00000004fd82ab68) 
thrown [s\open\src\hotspot\share\interpreter\linkResolver.cpp, line 773]
Event: 0.503 Thread 0x00000209c2894550 Exception <a 'java/lang/NoSuchMethodError'{0x00000004fd853560}: 'int java.lang.invoke.DirectMethodHandle$Holder.invokeSpecial(java.lang.Object, java.lang.Object, java.lang.Object, int)'> (0x00000004fd853560) 
thrown [s\open\src\hotspot\share\interpreter\linkResolver.cpp, line 773]
Event: 0.505 Thread 0x00000209c2894550 Exception <a 'java/lang/NoSuchMethodError'{0x00000004fd865b60}: 'java.lang.Object java.lang.invoke.DirectMethodHandle$Holder.invokeStatic(java.lang.Object, java.lang.Object, java.lang.Object, java.lang.Object, int)'> (0x00000004fd865b60) 
thrown [s\open\src\hotspot\share\interpreter\linkResolver.cpp, line 773]
Event: 0.507 Thread 0x00000209c2894550 Exception <a 'java/lang/NoSuchMethodError'{0x00000004fd86d560}: 'long java.lang.invoke.DirectMethodHandle$Holder.invokeStatic(java.lang.Object, java.lang.Object, int)'> (0x00000004fd86d560) 
thrown [s\open\src\hotspot\share\interpreter\linkResolver.cpp, line 773]
Event: 0.508 Thread 0x00000209c2894550 Exception <a 'java/lang/NoSuchMethodError'{0x00000004fd878738}: 'java.lang.Object java.lang.invoke.DelegatingMethodHandle$Holder.reinvoke_L(java.lang.Object, int, long, java.lang.Object, java.lang.Object, int, java.lang.Object)'> (0x00000004fd878738) 
thrown [s\open\src\hotspot\share\interpreter\linkResolver.cpp, line 773]
Event: 0.514 Thread 0x00000209c2894550 Exception <a 'java/lang/NoSuchMethodError'{0x00000004fd8a00c0}: 'java.lang.Object java.lang.invoke.DirectMethodHandle$Holder.invokeStatic(java.lang.Object, java.lang.Object, int)'> (0x00000004fd8a00c0) 
thrown [s\open\src\hotspot\share\interpreter\linkResolver.cpp, line 773]
Event: 0.515 Thread 0x00000209c2894550 Exception <a 'java/lang/NoSuchMethodError'{0x00000004fd8ab4f8}: 'void java.lang.invoke.DelegatingMethodHandle$Holder.delegate(java.lang.Object, java.lang.Object, int, java.lang.Object)'> (0x00000004fd8ab4f8) 
thrown [s\open\src\hotspot\share\interpreter\linkResolver.cpp, line 773]
Event: 1.627 Thread 0x00000209f1cadcc0 Exception <a 'java/lang/NoSuchMethodError'{0x00000004fd4ae050}: 'java.lang.Object java.lang.invoke.Invokers$Holder.invokeExact_MT(java.lang.Object, java.lang.Object, java.lang.Object, java.lang.Object, java.lang.Object, java.lang.Object)'> (0x00000004fd4ae050) 
thrown [s\open\src\hotspot\share\interpreter\linkResolver.cpp, line 773]

ZGC Phase Switch (0 events):
No events

VM Operations (20 events):
Event: 5.968 Executing VM operation: G1PauseRemark done
Event: 5.968 Executing VM operation: G1PauseCleanup
Event: 6.610 Executing VM operation: G1PauseCleanup done
Event: 14.214 Executing VM operation: G1TryInitiateConcMark (G1 Humongous Allocation)
Event: 14.219 Executing VM operation: G1TryInitiateConcMark (G1 Humongous Allocation) done
Event: 14.224 Executing VM operation: G1PauseRemark
Event: 15.048 Executing VM operation: G1PauseRemark done
Event: 15.049 Executing VM operation: G1PauseCleanup
Event: 15.327 Executing VM operation: G1PauseCleanup done
Event: 17.861 Executing VM operation: G1TryInitiateConcMark (G1 Humongous Allocation)
Event: 17.874 Executing VM operation: G1TryInitiateConcMark (G1 Humongous Allocation) done
Event: 23.792 Executing VM operation: G1CollectForAllocation (G1 Evacuation Pause)
Event: 25.240 Executing VM operation: G1CollectForAllocation (G1 Evacuation Pause) done
Event: 25.861 Executing VM operation: G1CollectForAllocation (G1 Evacuation Pause)
Event: 26.249 Executing VM operation: G1CollectForAllocation (G1 Evacuation Pause) done
Event: 26.864 Executing VM operation: G1CollectForAllocation (G1 Evacuation Pause)
Event: 27.275 Executing VM operation: G1CollectForAllocation (G1 Evacuation Pause) done
Event: 27.891 Executing VM operation: G1CollectForAllocation (G1 Evacuation Pause)
Event: 28.203 Executing VM operation: G1CollectForAllocation (G1 Evacuation Pause) done
Event: 28.902 Executing VM operation: G1CollectForAllocation (G1 Evacuation Pause)

Events (20 events):
Event: 15.034 Thread 0x00000209f1c872e0 flushing nmethod 0x00000209cad41f90
Event: 15.034 Thread 0x00000209f1c872e0 flushing nmethod 0x00000209cad44090
Event: 15.034 Thread 0x00000209f1c872e0 flushing nmethod 0x00000209cad44790
Event: 15.034 Thread 0x00000209f1c872e0 flushing nmethod 0x00000209cad44b10
Event: 15.034 Thread 0x00000209f1c872e0 flushing nmethod 0x00000209cad45690
Event: 15.034 Thread 0x00000209f1c872e0 flushing nmethod 0x00000209cad45a90
Event: 15.034 Thread 0x00000209f1c872e0 flushing nmethod 0x00000209cad45e90
Event: 15.034 Thread 0x00000209f1c872e0 flushing nmethod 0x00000209cad46390
Event: 15.034 Thread 0x00000209f1c872e0 flushing nmethod 0x00000209cad93110
Event: 15.034 Thread 0x00000209f1c872e0 flushing nmethod 0x00000209cad95690
Event: 15.034 Thread 0x00000209f1c872e0 flushing nmethod 0x00000209cad95a10
Event: 15.034 Thread 0x00000209f1c872e0 flushing nmethod 0x00000209cad95e90
Event: 15.034 Thread 0x00000209f1c872e0 flushing nmethod 0x00000209cad98010
Event: 15.034 Thread 0x00000209f1c872e0 flushing nmethod 0x00000209cae2c690
Event: 15.034 Thread 0x00000209f1c872e0 flushing nmethod 0x00000209d28e9410
Event: 15.034 Thread 0x00000209f1c872e0 flushing nmethod 0x00000209d28ebb10
Event: 15.034 Thread 0x00000209f1c872e0 flushing nmethod 0x00000209cadcaa10
Event: 15.034 Thread 0x00000209f1c872e0 flushing nmethod 0x00000209cadcfe90
Event: 15.034 Thread 0x00000209f1c872e0 flushing nmethod 0x00000209caeb4a90
Event: 15.034 Thread 0x00000209f1c872e0 flushing nmethod 0x00000209caebc510


Dynamic libraries:
0x00007ff6eec50000 - 0x00007ff6eec60000 	C:\Program Files\Java\jdk-21\bin\java.exe
0x00007ffde3d60000 - 0x00007ffde3fc8000 	C:\WINDOWS\SYSTEM32\ntdll.dll
0x00007ffde3550000 - 0x00007ffde3619000 	C:\WINDOWS\System32\KERNEL32.DLL
0x00007ffde1270000 - 0x00007ffde1662000 	C:\WINDOWS\System32\KERNELBASE.dll
0x00007ffde17e0000 - 0x00007ffde192b000 	C:\WINDOWS\System32\ucrtbase.dll
0x00007ffddb7c0000 - 0x00007ffddb7db000 	C:\Program Files\Java\jdk-21\bin\VCRUNTIME140.dll
0x00007ffddb870000 - 0x00007ffddb889000 	C:\Program Files\Java\jdk-21\bin\jli.dll
0x00007ffde3070000 - 0x00007ffde3124000 	C:\WINDOWS\System32\ADVAPI32.dll
0x00007ffde2e50000 - 0x00007ffde2ef9000 	C:\WINDOWS\System32\msvcrt.dll
0x00007ffde3a20000 - 0x00007ffde3ac6000 	C:\WINDOWS\System32\sechost.dll
0x00007ffde25d0000 - 0x00007ffde26e8000 	C:\WINDOWS\System32\RPCRT4.dll
0x00007ffde3810000 - 0x00007ffde39d5000 	C:\WINDOWS\System32\USER32.dll
0x00007ffde0ef0000 - 0x00007ffde0f17000 	C:\WINDOWS\System32\win32u.dll
0x00007ffdbea50000 - 0x00007ffdbece3000 	C:\WINDOWS\WinSxS\amd64_microsoft.windows.common-controls_6595b64144ccf1df_6.0.26100.6899_none_3e0efeeae32e88c1\COMCTL32.dll
0x00007ffde39e0000 - 0x00007ffde3a0b000 	C:\WINDOWS\System32\GDI32.dll
0x00007ffde0f20000 - 0x00007ffde104d000 	C:\WINDOWS\System32\gdi32full.dll
0x00007ffde1670000 - 0x00007ffde1713000 	C:\WINDOWS\System32\msvcp_win.dll
0x00007ffdba3a0000 - 0x00007ffdba3ab000 	C:\WINDOWS\SYSTEM32\VERSION.dll
0x00007ffde3620000 - 0x00007ffde364f000 	C:\WINDOWS\System32\IMM32.DLL
0x00007ffddb8d0000 - 0x00007ffddb8dc000 	C:\Program Files\Java\jdk-21\bin\vcruntime140_1.dll
0x00007ffdd9620000 - 0x00007ffdd96ae000 	C:\Program Files\Java\jdk-21\bin\msvcp140.dll
0x00007ffd8bcc0000 - 0x00007ffd8c9d8000 	C:\Program Files\Java\jdk-21\bin\server\jvm.dll
0x00007ffde1ce0000 - 0x00007ffde1d54000 	C:\WINDOWS\System32\WS2_32.dll
0x00007ffde0d50000 - 0x00007ffde0dae000 	C:\WINDOWS\SYSTEM32\POWRPROF.dll
0x00007ffdd3c60000 - 0x00007ffdd3c95000 	C:\WINDOWS\SYSTEM32\WINMM.dll
0x00007ffde0d30000 - 0x00007ffde0d44000 	C:\WINDOWS\SYSTEM32\UMPDC.dll
0x00007ffddfca0000 - 0x00007ffddfcbb000 	C:\WINDOWS\SYSTEM32\kernel.appcore.dll
0x00007ffddb860000 - 0x00007ffddb86a000 	C:\Program Files\Java\jdk-21\bin\jimage.dll
0x00007ffdde2d0000 - 0x00007ffdde512000 	C:\WINDOWS\SYSTEM32\DBGHELP.DLL
0x00007ffde1d60000 - 0x00007ffde20db000 	C:\WINDOWS\System32\combase.dll
0x00007ffde3130000 - 0x00007ffde3207000 	C:\WINDOWS\System32\OLEAUT32.dll
0x00007ffdc5fd0000 - 0x00007ffdc600c000 	C:\WINDOWS\SYSTEM32\dbgcore.DLL
0x00007ffde1050000 - 0x00007ffde10e8000 	C:\WINDOWS\System32\bcryptPrimitives.dll
0x00007ffddb7b0000 - 0x00007ffddb7bf000 	C:\Program Files\Java\jdk-21\bin\instrument.dll
0x00007ffdd9510000 - 0x00007ffdd952f000 	C:\Program Files\Java\jdk-21\bin\java.dll
0x00007ffde26f0000 - 0x00007ffde2e3d000 	C:\WINDOWS\System32\SHELL32.dll
0x00007ffde19c0000 - 0x00007ffde1b2b000 	C:\WINDOWS\System32\wintypes.dll
0x00007ffddeb10000 - 0x00007ffddf36d000 	C:\WINDOWS\SYSTEM32\windows.storage.dll
0x00007ffde3450000 - 0x00007ffde3542000 	C:\WINDOWS\System32\SHCORE.dll
0x00007ffde3cb0000 - 0x00007ffde3d12000 	C:\WINDOWS\System32\shlwapi.dll
0x00007ffde0e10000 - 0x00007ffde0e39000 	C:\WINDOWS\SYSTEM32\profapi.dll
0x00007ffdb7fb0000 - 0x00007ffdb8087000 	C:\Program Files\Java\jdk-21\bin\jsvml.dll
0x00007ffdd3a70000 - 0x00007ffdd3a88000 	C:\Program Files\Java\jdk-21\bin\zip.dll
0x00007ffddb7a0000 - 0x00007ffddb7b0000 	C:\Program Files\Java\jdk-21\bin\net.dll
0x00007ffdd9910000 - 0x00007ffdd9a2f000 	C:\WINDOWS\SYSTEM32\WINHTTP.dll
0x00007ffde0230000 - 0x00007ffde029b000 	C:\WINDOWS\system32\mswsock.dll
0x00007ffdcd940000 - 0x00007ffdcd956000 	C:\Program Files\Java\jdk-21\bin\nio.dll
0x00007ffdca490000 - 0x00007ffdca4aa000 	C:\Software\IntelliJ IDEA 2020.3.4\bin\breakgen64.dll
0x00007ffdca480000 - 0x00007ffdca490000 	C:\Program Files\Java\jdk-21\bin\verify.dll
0x00007ffdcd930000 - 0x00007ffdcd939000 	C:\Program Files\Java\jdk-21\bin\extnet.dll

dbghelp: loaded successfully - version: 4.0.5 - missing functions: none
symbol engine: initialized successfully - sym options: 0x614 - pdb path: .;C:\Program Files\Java\jdk-21\bin;C:\WINDOWS\SYSTEM32;C:\WINDOWS\WinSxS\amd64_microsoft.windows.common-controls_6595b64144ccf1df_6.0.26100.6899_none_3e0efeeae32e88c1;C:\Program Files\Java\jdk-21\bin\server;C:\Software\IntelliJ IDEA 2020.3.4\bin

VM Arguments:
jvm_args: -Xmx16g -Xms4g -javaagent:C:\Software\IntelliJ IDEA 2020.3.4\lib\idea_rt.jar=55253:C:\Software\IntelliJ IDEA 2020.3.4\bin -Dfile.encoding=UTF-8 
java_command: com.zlw.stroke.getexpression.H5ToBinaryConverterMemoryMapped -Xmx8g
java_class_path (initial): D:\Workspace\idea\stroke\target\classes;C:\Software\apache-maven-3.6.3\maven-repository\org\springframework\boot\spring-boot-configuration-processor\2.3.7.RELEASE\spring-boot-configuration-processor-2.3.7.RELEASE.jar;C:\Software\apache-maven-3.6.3\maven-repository\org\rosuda\REngine\REngine\2.1.0\REngine-2.1.0.jar;C:\Software\apache-maven-3.6.3\maven-repository\org\rosuda\REngine\Rserve\1.8.1\Rserve-1.8.1.jar;C:\Software\apache-maven-3.6.3\maven-repository\org\springframework\boot\spring-boot-starter-jdbc\2.3.7.RELEASE\spring-boot-starter-jdbc-2.3.7.RELEASE.jar;C:\Software\apache-maven-3.6.3\maven-repository\org\springframework\boot\spring-boot-starter\2.3.7.RELEASE\spring-boot-starter-2.3.7.RELEASE.jar;C:\Software\apache-maven-3.6.3\maven-repository\org\springframework\boot\spring-boot-starter-logging\2.3.7.RELEASE\spring-boot-starter-logging-2.3.7.RELEASE.jar;C:\Software\apache-maven-3.6.3\maven-repository\ch\qos\logback\logback-classic\1.2.3\logback-classic-1.2.3.jar;C:\Software\apache-maven-3.6.3\maven-repository\ch\qos\logback\logback-core\1.2.3\logback-core-1.2.3.jar;C:\Software\apache-maven-3.6.3\maven-repository\org\apache\logging\log4j\log4j-to-slf4j\2.13.3\log4j-to-slf4j-2.13.3.jar;C:\Software\apache-maven-3.6.3\maven-repository\org\apache\logging\log4j\log4j-api\2.13.3\log4j-api-2.13.3.jar;C:\Software\apache-maven-3.6.3\maven-repository\org\slf4j\jul-to-slf4j\1.7.30\jul-to-slf4j-1.7.30.jar;C:\Software\apache-maven-3.6.3\maven-repository\org\yaml\snakeyaml\1.26\snakeyaml-1.26.jar;C:\Software\apache-maven-3.6.3\maven-repository\com\zaxxer\HikariCP\3.4.5\HikariCP-3.4.5.jar;C:\Software\apache-maven-3.6.3\maven-repository\org\springframework\spring-jdbc\5.2.12.RELEASE\spring-jdbc-5.2.12.RELEASE.jar;C:\Software\apache-maven-3.6.3\maven-repository\org\springframework\spring-beans\5.2.12.RELEASE\spring-beans-5.2.12.RELEASE.jar;C:\Software\apache-maven-3.6.3\maven-repository\org\springframework\spring-tx\5.2.12.RELEASE\spring-tx-5.2.12.RELEASE.jar;C:\Software\apache-maven-3.6.3\maven-repository\org\springframework\boot\spring-boot-starter-thymeleaf\2.3.7.RELEASE\spring-boot-starter-thymeleaf-2.3.7.RELEASE.jar;C:\Software\apache-maven-3.6.3\maven-repository\org\thymeleaf\thymeleaf-spring5\3.0.11.RELEASE\thymeleaf-spring5-3.0.11.RELEASE.jar;C:\Software\apache-maven-3.6.3\maven-repository\org\thymeleaf\thymeleaf\3.0.11.RELEASE\thymeleaf-3.0.11.RELEASE.jar;C:\Software\apache-maven-3.6.3\maven-repository\org\attoparser\attoparser\2.0.5.RELEASE\attoparser-2.0.5.RELEASE.jar;C:\Software\apache-maven-3.6.3\maven-repository\org\unbescape\unbescape\1.1.6.RELEASE\unbescape-1.1.6.RELEASE.jar;C:\Software\apache-maven-3.6.3\maven-repository\org\thymeleaf\extras\thymeleaf-extras-java8time\3.0.4.RELEASE\thymeleaf-extras-java8time-3.0.4.RELEASE.jar;C:\Software\apache-maven-3.6.3\maven-repository\org\springframework\boot\spring-boot-starter-web\2.3.7.RELEASE\spring-boot-starter-web-2.3.7.RELEASE.jar;C:\Software\apache-maven-3.6.3\maven-repository\org\springframework\boot\spring-boot-starter-json\2.3.7.RELEASE\spring-boot-starter-json-2.3.7.RELEASE.jar;C:\Software\apache-maven-3.6.3\maven-repository\com\fasterxml\jackson\core\jackson-databind\2.11.3\jackson-databind-2.11.3.jar;C:\Software\apache-maven-3.6.3\maven-repository\com\fasterxml\jackson\core\jackson-annotations\2.11.3\jackson-annotations-2.11.3.jar;C:\Software\apache-maven-3.6.3\maven-repository\com\fasterxml\jackson\core\jackson-core\2.11.3\jackson-core-2.11.3.jar;C:\Software\apache-maven-3.6.3\maven-repository\com\fasterxml\jackson\datatype\jackson-datatype-jdk8\2.11.3\jackson-datatype-jdk8-2.11.3.jar;C:\Software\apache-maven-3.6.3\maven-repository\com\fasterxml\jackson\datatype\jackson-datatype-jsr310\2.11.3\jackson-datatype-jsr310-2.11.3.jar;C:\Software\apache-maven-3.6.3\maven-repository\com\fasterxml\jackson\module\jackson-module-parameter-names\2.11.3\jackson-module-parameter-names-2.11.3.jar;C:\Software\apache-maven-3.6.3\maven-repository\org\springframework\spring-web\5.2.12.RELEASE\spring-web-5.2.12.RELEASE.jar;C:\Software\apache-maven-3.6.3\maven-repository\org\springframework\spring-webmvc\5.2.12.RELEASE\spring-webmvc-5.2.12.RELEASE.jar;C:\Software\apache-maven-3.6.3\maven-repository\org\springframework\spring-aop\5.2.12.RELEASE\spring-aop-5.2.12.RELEASE.jar;C:\Software\apache-maven-3.6.3\maven-repository\org\springframework\spring-context\5.2.12.RELEASE\spring-context-5.2.12.RELEASE.jar;C:\Software\apache-maven-3.6.3\maven-repository\org\springframework\spring-expression\5.2.12.RELEASE\spring-expression-5.2.12.RELEASE.jar;C:\Software\apache-maven-3.6.3\maven-repository\org\springframework\boot\spring-boot-starter-web-services\2.3.7.RELEASE\spring-boot-starter-web-services-2.3.7.RELEASE.jar;C:\Software\apache-maven-3.6.3\maven-repository\com\sun\xml\messaging\saaj\saaj-impl\1.5.2\saaj-impl-1.5.2.jar;C:\Software\apache-maven-3.6.3\maven-repository\jakarta\xml\soap\jakarta.xml.soap-api\1.4.2\jakarta.xml.soap-api-1.4.2.jar;C:\Software\apache-maven-3.6.3\maven-repository\org\jvnet\staxex\stax-ex\1.8.3\stax-ex-1.8.3.jar;C:\Software\apache-maven-3.6.3\maven-repository\com\sun\activation\jakarta.activation\1.2.2\jakarta.activation-1.2.2.jar;C:\Software\apache-maven-3.6.3\maven-repository\jakarta\xml\ws\jakarta.xml.ws-api\2.3.3\jakarta.xml.ws-api-2.3.3.jar;C:\Software\apache-maven-3.6.3\maven-repository\jakarta\jws\jakarta.jws-api\2.1.0\jakarta.jws-api-2.1.0.jar;C:\Software\apache-maven-3.6.3\maven-repository\org\springframework\spring-oxm\5.2.12.RELEASE\spring-oxm-5.2.12.RELEASE.jar;C:\Software\apache-maven-3.6.3\maven-repository\org\springframework\ws\spring-ws-core\3.0.9.RELEASE\spring-ws-core-3.0.9.RELEASE.jar;C:\Software\apache-maven-3.6.3\maven-repository\org\springframework\ws\spring-xml\3.0.9.RELEASE\spring-xml-3.0.9.RELEASE.jar;C:\Software\apache-maven-3.6.3\maven-repository\commons-io\commons-io\2.6\commons-io-2.6.jar;C:\Software\apache-maven-3.6.3\maven-repository\org\mybatis\spring\boot\mybatis-spring-boot-starter\2.1.4\mybatis-spring-boot-starter-2.1.4.jar;C:\Software\apache-maven-3.6.3\maven-repository\org\mybatis\spring\boot\mybatis-spring-boot-autoconfigure\2.1.4\mybatis-spring-boot-autoconfigure-2.1.4.jar;C:\Software\apache-maven-3.6.3\maven-repository\org\mybatis\mybatis\3.5.6\mybatis-3.5.6.jar;C:\Software\apache-maven-3.6.3\maven-repository\org\mybatis\mybatis-spring\2.0.6\mybatis-spring-2.0.6.jar;C:\Software\apache-maven-3.6.3\maven-repository\org\springframework\boot\spring-boot-devtools\2.3.7.RELEASE\spring-boot-devtools-2.3.7.RELEASE.jar;C:\Software\apache-maven-3.6.3\maven-repository\org\springframework\boot\spring-boot\2.3.7.RELEASE\spring-boot-2.3.7.RELEASE.jar;C:\Software\apache-maven-3.6.3\maven-repository\org\springframework\boot\spring-boot-autoconfigure\2.3.7.RELEASE\spring-boot-autoconfigure-2.3.7.RELEASE.jar;C:\Software\apache-maven-3.6.3\maven-repository\mysql\mysql-connector-java\8.0.18\mysql-connector-java-8.0.18.jar;C:\Software\apache-maven-3.6.3\maven-repository\jakarta\annotation\jakarta.annotation-api\1.3.5\jakarta.annotation-api-1.3.5.jar;C:\Software\apache-maven-3.6.3\maven-repository\com\github\pagehelper\pagehelper-spring-boot-starter\1.2.5\pagehelper-spring-boot-starter-1.2.5.jar;C:\Software\apache-maven-3.6.3\maven-repository\com\github\pagehelper\pagehelper-spring-boot-autoconfigure\1.2.5\pagehelper-spring-boot-autoconfigure-1.2.5.jar;C:\Software\apache-maven-3.6.3\maven-repository\com\github\pagehelper\pagehelper\5.1.4\pagehelper-5.1.4.jar;C:\Software\apache-maven-3.6.3\maven-repository\com\github\jsqlparser\jsqlparser\1.0\jsqlparser-1.0.jar;C:\Software\apache-maven-3.6.3\maven-repository\jakarta\xml\bind\jakarta.xml.bind-api\2.3.3\jakarta.xml.bind-api-2.3.3.jar;C:\Software\apache-maven-3.6.3\maven-repository\jakarta\activation\jakarta.activation-api\1.2.2\jakarta.activation-api-1.2.2.jar;C:\Software\apache-maven-3.6.3\maven-repository\org\springframework\spring-core\5.2.12.RELEASE\spring-core-5.2.12.RELEASE.jar;C:\Software\apache-maven-3.6.3\maven-repository\org\springframework\spring-jcl\5.2.12.RELEASE\spring-jcl-5.2.12.RELEASE.jar;C:\Software\apache-maven-3.6.3\maven-repository\commons-lang\commons-lang\2.6\commons-lang-2.6.jar;C:\Software\apache-maven-3.6.3\maven-repository\org\projectlombok\lombok\1.18.32\lombok-1.18.32.jar;C:\Software\apache-maven-3.6.3\maven-repository\io\kimchi\cisd-jhdf5-core\13.06.2\cisd-jhdf5-core-13.06.2.jar;C:\Software\apache-maven-3.6.3\maven-repository\io\kimchi\cisd-base\13.06.2\cisd-base-13.06.2.jar;C:\Software\apache-maven-3.6.3\maven-repository\io\jhdf\jhdf\0.6.5\jhdf-0.6.5.jar;C:\Software\apache-maven-3.6.3\maven-repository\org\slf4j\slf4j-api\1.7.30\slf4j-api-1.7.30.jar;C:\Software\apache-maven-3.6.3\maven-repository\org\apache\commons\commons-lang3\3.10\commons-lang3-3.10.jar;C:\Software\apache-maven-3.6.3\maven-repository\com\ning\compress-lzf\1.1\compress-lzf-1.1.jar
Launcher Type: SUN_STANDARD

[Global flags]
     intx CICompilerCount                          = 12                                        {product} {ergonomic}
     uint ConcGCThreads                            = 4                                         {product} {ergonomic}
     uint G1ConcRefinementThreads                  = 15                                        {product} {ergonomic}
   size_t G1HeapRegionSize                         = 8388608                                   {product} {ergonomic}
    uintx GCDrainStackTargetSize                   = 64                                        {product} {ergonomic}
   size_t InitialHeapSize                          = 4294967296                                {product} {command line}
   size_t MarkStackSize                            = 4194304                                   {product} {ergonomic}
   size_t MaxHeapSize                              = 17179869184                               {product} {command line}
   size_t MaxNewSize                               = 10301210624                               {product} {ergonomic}
   size_t MinHeapDeltaBytes                        = 8388608                                   {product} {ergonomic}
   size_t MinHeapSize                              = 4294967296                                {product} {command line}
    uintx NonNMethodCodeHeapSize                   = 7602480                                {pd product} {ergonomic}
    uintx NonProfiledCodeHeapSize                  = 122027880                              {pd product} {ergonomic}
    uintx ProfiledCodeHeapSize                     = 122027880                              {pd product} {ergonomic}
    uintx ReservedCodeCacheSize                    = 251658240                              {pd product} {ergonomic}
     bool SegmentedCodeCache                       = true                                      {product} {ergonomic}
   size_t SoftMaxHeapSize                          = 17179869184                            {manageable} {ergonomic}
     bool UseCompressedOops                        = true                           {product lp64_product} {ergonomic}
     bool UseG1GC                                  = true                                      {product} {ergonomic}
     bool UseLargePagesIndividualAllocation        = false                                  {pd product} {ergonomic}

Logging:
Log output configuration:
 #0: stdout all=warning uptime,level,tags foldmultilines=false
 #1: stderr all=off uptime,level,tags foldmultilines=false

Environment Variables:
JAVA_HOME=C:\Program Files\Java\jdk-21
PATH=C:\Program Files\Common Files\Oracle\Java\javapath;C:\WINDOWS\system32;C:\WINDOWS;C:\WINDOWS\System32\Wbem;C:\WINDOWS\System32\WindowsPowerShell\v1.0\;C:\WINDOWS\System32\OpenSSH\;C:\Software\Git\cmd;C:\Program Files\Java\jdk-21\bin;C:\Program Files\MySQL\MySQL Server 8.0\bin;C:\Program Files\HDF_Group\HDF5\1.14.5\bin\;C:\Program Files\HDF_Group\HDF5\1.14.5\lib;C:\Program Files\dotnet\;C:\Program Files (x86)\Windows Kits\10\Windows Performance Toolkit\;D:\software\Xshell\;D:\software\nodejs\;C:\Software\Xftp\;C:\Program Files\MySQL\MySQL Shell 8.0\bin\;C:\Users\12634\AppData\Local\Microsoft\WindowsApps;C:\Software\Anaconda\Library\bin;C:\Software\Anaconda\Library\mingw-w64\bin;C:\Software\Anaconda\Scripts;C:\Software\IntelliJ IDEA 2020.3.4\bin;;C:\Software\apache-maven-3.6.3\bin;C:\Users\12634\AppData\Local\Microsoft\WindowsApps;C:\Users\12634\AppData\Roaming\npm;D:\software\Microsoft VS Code\bin;C:\Users\12634\AppData\Roaming\Programs\Zero Install
USERNAME=12634
OS=Windows_NT
PROCESSOR_IDENTIFIER=Intel64 Family 6 Model 154 Stepping 3, GenuineIntel
TMP=C:\Users\12634\AppData\Local\Temp
TEMP=C:\Users\12634\AppData\Local\Temp




Periodic native trim disabled

---------------  S Y S T E M  ---------------

OS:
 Windows 11 , 64 bit Build 26100 (10.0.26100.6725)
OS uptime: 17 days 1:30 hours
Hyper-V role detected

CPU: total 20 (initial active 20) (10 cores per cpu, 2 threads per core) family 6 model 154 stepping 3 microcode 0x41b, cx8, cmov, fxsr, ht, mmx, 3dnowpref, sse, sse2, sse3, ssse3, sse4.1, sse4.2, popcnt, lzcnt, tsc, tscinvbit, avx, avx2, aes, erms, clmul, bmi1, bmi2, adx, sha, fma, vzeroupper, clflush, clflushopt, clwb, hv, serialize, rdtscp, rdpid, fsrm, f16c, cet_ibt, cet_ss
Processor Information for processor 0
  Max Mhz: 2500, Current Mhz: 2500, Mhz Limit: 2500
Processor Information for processor 1
  Max Mhz: 2500, Current Mhz: 2500, Mhz Limit: 2500
Processor Information for processor 2
  Max Mhz: 2500, Current Mhz: 2500, Mhz Limit: 2500
Processor Information for processor 3
  Max Mhz: 2500, Current Mhz: 2500, Mhz Limit: 2500
Processor Information for processor 4
  Max Mhz: 2500, Current Mhz: 2500, Mhz Limit: 2500
Processor Information for processor 5
  Max Mhz: 2500, Current Mhz: 2500, Mhz Limit: 2500
Processor Information for processor 6
  Max Mhz: 2500, Current Mhz: 2500, Mhz Limit: 2500
Processor Information for processor 7
  Max Mhz: 2500, Current Mhz: 2500, Mhz Limit: 2500
Processor Information for processor 8
  Max Mhz: 2500, Current Mhz: 2500, Mhz Limit: 2500
Processor Information for processor 9
  Max Mhz: 2500, Current Mhz: 2500, Mhz Limit: 2500
Processor Information for processor 10
  Max Mhz: 2500, Current Mhz: 2500, Mhz Limit: 2500
Processor Information for processor 11
  Max Mhz: 2500, Current Mhz: 2500, Mhz Limit: 2500
Processor Information for processor 12
  Max Mhz: 1800, Current Mhz: 1500, Mhz Limit: 1800
Processor Information for processor 13
  Max Mhz: 1800, Current Mhz: 1800, Mhz Limit: 1800
Processor Information for processor 14
  Max Mhz: 1800, Current Mhz: 1800, Mhz Limit: 1800
Processor Information for processor 15
  Max Mhz: 1800, Current Mhz: 1800, Mhz Limit: 1800
Processor Information for processor 16
  Max Mhz: 1800, Current Mhz: 1500, Mhz Limit: 1800
Processor Information for processor 17
  Max Mhz: 1800, Current Mhz: 1800, Mhz Limit: 1800
Processor Information for processor 18
  Max Mhz: 1800, Current Mhz: 1500, Mhz Limit: 1800
Processor Information for processor 19
  Max Mhz: 1800, Current Mhz: 1500, Mhz Limit: 1800

Memory: 4k page, system-wide physical 16108M (1433M free)
TotalPageFile size 41708M (AvailPageFile size 18M)
current process WorkingSet (physical memory assigned to process): 3222M, peak: 6651M
current process commit charge ("private bytes"): 12422M, peak: 12463M

vm_info: Java HotSpot(TM) 64-Bit Server VM (21.0.5+9-LTS-239) for windows-amd64 JRE (21.0.5+9-LTS-239), built on 2024-09-30T05:17:38Z by "mach5one" with MS VC++ 17.6 (VS2022)

END.
