#
# There is insufficient memory for the Java Runtime Environment to continue.
# Native memory allocation (mmap) failed to map 8388608 bytes for G1 virtual space
# Possible reasons:
#   The system is out of physical RAM or swap space
#   The process is running with CompressedOops enabled, and the Java Heap may be blocking the growth of the native heap
# Possible solutions:
#   Reduce memory load on the system
#   Increase physical memory or swap space
#   Check if swap backing store is full
#   Decrease Java heap size (-Xmx/-Xms)
#   Decrease number of Java threads
#   Decrease Java thread stack sizes (-Xss)
#   Set larger code cache with -XX:ReservedCodeCacheSize=
#   JVM is running with Zero Based Compressed Oops mode in which the Java heap is
#     placed in the first 32GB address space. The Java Heap base address is the
#     maximum limit for the native heap growth. Please use -XX:HeapBaseMinAddress
#     to set the Java Heap base and to place the Java Heap above 32GB virtual address.
# This output file may be truncated or incomplete.
#
#  Out of Memory Error (os_windows.cpp:3600), pid=88316, tid=74640
#
# JRE version: Java(TM) SE Runtime Environment (21.0.5+9) (build 21.0.5+9-LTS-239)
# Java VM: Java HotSpot(TM) 64-Bit Server VM (21.0.5+9-LTS-239, mixed mode, sharing, tiered, compressed oops, compressed class ptrs, g1 gc, windows-amd64)
# No core dump will be written. Minidumps are not enabled by default on client versions of Windows
#

---------------  S U M M A R Y ------------

Command Line: -Xmx16g -Xms4g -javaagent:C:\Software\IntelliJ IDEA 2020.3.4\lib\idea_rt.jar=56545:C:\Software\IntelliJ IDEA 2020.3.4\bin -Dfile.encoding=UTF-8 com.zlw.stroke.getexpression.H5ToBinaryConverter

Host: 12th Gen Intel(R) Core(TM) i9-12900H, 20 cores, 15G,  Windows 11 , 64 bit Build 26100 (10.0.26100.8875)
Time: Mon Aug  3 09:01:30 2026  Windows 11 , 64 bit Build 26100 (10.0.26100.8875) elapsed time: 30.263554 seconds (0d 0h 0m 30s)

---------------  T H R E A D  ---------------

Current thread (0x0000019b718347b0):  JavaThread "main"             [_thread_in_vm, id=74640, stack(0x0000003753500000,0x0000003753600000) (1024K)]

Stack: [0x0000003753500000,0x0000003753600000]
Native frames: (J=compiled Java code, j=interpreted, Vv=VM code, C=native code)
V  [jvm.dll+0x6ca289]
V  [jvm.dll+0x854a51]
V  [jvm.dll+0x856f7e]
V  [jvm.dll+0x857653]
V  [jvm.dll+0x27dd26]
V  [jvm.dll+0x6c6a25]
V  [jvm.dll+0x6bb5aa]
V  [jvm.dll+0x35359a]
V  [jvm.dll+0x35b1f6]
V  [jvm.dll+0x3ad7db]
V  [jvm.dll+0x3ade74]
V  [jvm.dll+0x3ad9e6]
V  [jvm.dll+0x327d2e]
V  [jvm.dll+0x325fef]
V  [jvm.dll+0x65c300]
V  [jvm.dll+0x23d982]
V  [jvm.dll+0x81b4c1]
V  [jvm.dll+0x712ad7]
V  [jvm.dll+0x4854d1]
C  0x0000019b0745ce4b

The last pc belongs to native method entry point (kind = native) (printed below).
Java frames: (J=compiled Java code, j=interpreted, Vv=VM code)
j  java.lang.reflect.Array.multiNewArray(Ljava/lang/Class;[I)Ljava/lang/Object;+0 java.base@21.0.5
j  java.lang.reflect.Array.newInstance(Ljava/lang/Class;[I)Ljava/lang/Object;+2 java.base@21.0.5
j  io.jhdf.object.datatype.FloatingPoint.fillData(Ljava/nio/ByteBuffer;[ILio/jhdf/storage/HdfBackingStorage;)Ljava/lang/Object;+5
j  io.jhdf.dataset.DatasetReader.readDataset(Lio/jhdf/object/datatype/DataType;Ljava/nio/ByteBuffer;[ILio/jhdf/storage/HdfBackingStorage;)Ljava/lang/Object;+26
j  io.jhdf.dataset.DatasetBase.getData()Ljava/lang/Object;+43
J 1229 c2 com.zlw.stroke.getexpression.H5ToBinaryConverter.readDatasetAsFloat(Lio/jhdf/api/Dataset;)[F (157 bytes) @ 0x0000019b07c1c74c [0x0000019b07c1c700+0x000000000000004c]
j  com.zlw.stroke.getexpression.H5ToBinaryConverter.convertH5ToBinary(Ljava/lang/String;Ljava/lang/String;Ljava/lang/String;)V+140
j  com.zlw.stroke.getexpression.H5ToBinaryConverter.main([Ljava/lang/String;)V+367
v  ~StubRoutines::call_stub 0x0000019b0745100d
native method entry point (kind = native)  [0x0000019b0745ca20, 0x0000019b0745d548]  2856 bytes
[MachCode]
  0x0000019b0745ca20: 488b 4b08 | 0fb7 492e | 584c 8d74 | ccf8 6800 | 0000 0068 | 0000 0000 | 5055 488b | ec41 5568 
  0x0000019b0745ca40: 0000 0000 | 4c8b 6b08 | 4d8d 6d38 | 5348 8b53 | 0848 8b52 | 0848 8b52 | 1848 8b52 | 7048 8b12 
  0x0000019b0745ca60: 5248 8b53 | 1048 85d2 | 0f84 0700 | 0000 4881 | c208 0100 | 0052 488b | 5308 488b | 5208 488b 
  0x0000019b0745ca80: 5210 5249 | 8bc6 482b | c548 c1e8 | 0350 6800 | 0000 0068 | 0000 0000 | 4889 2424 | 41c6 8771 
  0x0000019b0745caa0: 0400 0001 | 488b 4310 | 4885 c074 | 208b 88cc | 0000 0083 | c102 8988 | cc00 0000 | 2388 e000 
  0x0000019b0745cac0: 0000 0f84 | cb09 0000 | e9cf 0000 | 0048 8b43 | 1848 85c0 | 0f85 b000 | 0000 e805 | 0000 00e9 
  0x0000019b0745cae0: 9900 0000 | 488b d348 | 8d44 2408 | 4c89 6dc0 | 498b cfc5 | f877 4989 | afa8 0300 | 0049 8987 
  0x0000019b0745cb00: 9803 0000 | 4883 ec20 | 40f6 c40f | 0f84 1900 | 0000 4883 | ec08 48b8 | 3030 6940 | f97f 0000 
  0x0000019b0745cb20: ffd0 4883 | c408 e90c | 0000 0048 | b830 3069 | 40f9 7f00 | 00ff d048 | 83c4 2049 | c787 9803 
  0x0000019b0745cb40: 0000 0000 | 0000 49c7 | 87a8 0300 | 0000 0000 | 0049 c787 | a003 0000 | 0000 0000 | c5f8 7749 
  0x0000019b0745cb60: 837f 0800 | 0f84 0500 | 0000 e991 | 43ff ff4c | 8b6d c04c | 8b75 c84e | 8d74 f500 | c348 8b43 
  0x0000019b0745cb80: 1848 85c0 | 0f84 1200 | 0000 8b48 | 0883 c102 | 8948 0823 | 481c 0f84 | f708 0000 | 493b a7e0 
  0x0000019b0745cba0: 0400 000f | 8748 0000 | 0089 8424 | 00f0 ffff | 8984 2400 | e0ff ff89 | 8424 00d0 | ffff 8984 
  0x0000019b0745cbc0: 2400 c0ff | ff89 8424 | 00b0 ffff | 8984 2400 | a0ff ff89 | 8424 0090 | ffff 8984 | 2400 80ff 
  0x0000019b0745cbe0: ff49 3ba7 | d804 0000 | 7607 4989 | a7e0 0400 | 0041 c687 | 7104 0000 | 0049 bae0 | 37ee 40f9 
  0x0000019b0745cc00: 7f00 0041 | 803a 000f | 843e 0000 | 0048 8b55 | e849 8bcf | 4883 ec20 | 40f6 c40f | 0f84 1900 
  0x0000019b0745cc20: 0000 4883 | ec08 48b8 | 3001 9f40 | f97f 0000 | ffd0 4883 | c408 e90c | 0000 0048 | b830 019f 
  0x0000019b0745cc40: 40f9 7f00 | 00ff d048 | 83c4 2048 | 8b5d e84c | 8b5b 0845 | 0fb7 5b2e | 41c1 e303 | 492b e348 
  0x0000019b0745cc60: 83ec 2048 | 83e4 f04c | 8b5b 604d | 85db 0f85 | ab00 0000 | e805 0000 | 00e9 9900 | 0000 488b 
  0x0000019b0745cc80: d348 8d44 | 2408 4c89 | 6dc0 498b | cfc5 f877 | 4989 afa8 | 0300 0049 | 8987 9803 | 0000 4883 
  0x0000019b0745cca0: ec20 40f6 | c40f 0f84 | 1900 0000 | 4883 ec08 | 48b8 4057 | 6940 f97f | 0000 ffd0 | 4883 c408 
  0x0000019b0745ccc0: e90c 0000 | 0048 b840 | 5769 40f9 | 7f00 00ff | d048 83c4 | 2049 c787 | 9803 0000 | 0000 0000 
  0x0000019b0745cce0: 49c7 87a8 | 0300 0000 | 0000 0049 | c787 a003 | 0000 0000 | 0000 c5f8 | 7749 837f | 0800 0f84 
  0x0000019b0745cd00: 0500 0000 | e9f7 41ff | ff4c 8b6d | c04c 8b75 | c84e 8d74 | f500 c348 | 8b5d e84c | 8b5b 6041 
  0x0000019b0745cd20: ffd3 488b | 5de8 4889 | 4518 448b | 5b28 41f6 | c308 0f84 | 1b00 0000 | 4c8b 5b08 | 4d8b 5b08 
  0x0000019b0745cd40: 4d8b 5b18 | 4d8b 5b70 | 4d8b 1b4c | 895d 1048 | 8d55 1048 | 8b43 5849 | ba90 579f | 40f9 7f00 
  0x0000019b0745cd60: 0049 3bc2 | 0f85 ab00 | 0000 e805 | 0000 00e9 | 9900 0000 | 488b d348 | 8d44 2408 | 4c89 6dc0 
  0x0000019b0745cd80: 498b cfc5 | f877 4989 | afa8 0300 | 0049 8987 | 9803 0000 | 4883 ec20 | 40f6 c40f | 0f84 1900 
  0x0000019b0745cda0: 0000 4883 | ec08 48b8 | 4057 6940 | f97f 0000 | ffd0 4883 | c408 e90c | 0000 0048 | b840 5769 
  0x0000019b0745cdc0: 40f9 7f00 | 00ff d048 | 83c4 2049 | c787 9803 | 0000 0000 | 0000 49c7 | 87a8 0300 | 0000 0000 
  0x0000019b0745cde0: 0049 c787 | a003 0000 | 0000 0000 | c5f8 7749 | 837f 0800 | 0f84 0500 | 0000 e901 | 41ff ff4c 
  0x0000019b0745ce00: 8b6d c04c | 8b75 c84e | 8d74 f500 | c348 8b5d | e848 8b43 | 5849 8d8f | b803 0000 | c5f8 7749 
  0x0000019b0745ce20: 89af a803 | 0000 49ba | 1cce 4507 | 9b01 0000 | 4d89 97a0 | 0300 0049 | 89a7 9803 | 0000 41c7 
  0x0000019b0745ce40: 8744 0400 | 0004 0000 | 00ff d0c5 | f877 4883 | ec10 c5fb | 1104 2448 | 83ec 1048 | 8904 2448 
  0x0000019b0745ce60: c744 2408 | 0000 0000 | 41c7 8744 | 0400 0005 | 0000 00f0 | 8344 24c0 | 0049 3baf | 4804 0000 
  0x0000019b0745ce80: 0f87 0e00 | 0000 4183 | bf40 0400 | 0000 0f84 | 2000 0000 | 498b cf4c | 8be4 4883 | ec20 4883 
  0x0000019b0745cea0: e4f0 48b8 | b0ae 6a40 | f97f 0000 | ffd0 498b | e44d 33e4 | 41c7 8744 | 0400 0008 | 0000 0049 
  0x0000019b0745cec0: c787 9803 | 0000 0000 | 0000 49c7 | 87a8 0300 | 0000 0000 | 0049 c787 | a003 0000 | 0000 0000 
  0x0000019b0745cee0: c5f8 774d | 8b9f 2804 | 0000 41c7 | 8300 0100 | 0000 0000 | 0049 bbda | a345 079b | 0100 004c 
  0x0000019b0745cf00: 3b5d 180f | 8524 0200 | 0048 8b04 | 2448 83c4 | 1048 85c0 | 0f84 fe01 | 0000 a803 | 0f85 0800 
  0x0000019b0745cf20: 0000 488b | 00e9 ee01 | 0000 a801 | 0f85 0900 | 0000 488b | 40fe e9dd | 0100 0048 | 8b40 ff41 
  0x0000019b0745cf40: 807f 4000 | 0f84 ce01 | 0000 4883 | f800 0f84 | c401 0000 | 4d8b 5f28 | 4983 fb00 | 0f84 1400 
  0x0000019b0745cf60: 0000 4983 | eb08 4d89 | 5f28 4d03 | 5f38 4989 | 03e9 a201 | 0000 4881 | ecd0 0000 | 0048 8904 
  0x0000019b0745cf80: 2448 894c | 2408 4889 | 5424 1048 | 8974 2418 | 4889 7c24 | 204c 8944 | 2428 4c89 | 4c24 304c 
  0x0000019b0745cfa0: 8954 2438 | 4c89 5c24 | 40c5 fb11 | 4424 50c5 | fb11 4c24 | 58c5 fb11 | 5424 60c5 | fb11 5c24 
  0x0000019b0745cfc0: 68c5 fb11 | 6424 70c5 | fb11 6c24 | 78c5 fb11 | b424 8000 | 0000 c5fb | 11bc 2488 | 0000 00c5 
  0x0000019b0745cfe0: 7b11 8424 | 9000 0000 | c57b 118c | 2498 0000 | 00c5 7b11 | 9424 a000 | 0000 c57b | 119c 24a8 
  0x0000019b0745d000: 0000 00c5 | 7b11 a424 | b000 0000 | c57b 11ac | 24b8 0000 | 00c5 7b11 | b424 c000 | 0000 c57b 
  0x0000019b0745d020: 11bc 24c8 | 0000 0049 | 8bd7 488b | c848 83ec | 2040 f6c4 | 0f0f 8419 | 0000 0048 | 83ec 0848 
  0x0000019b0745d040: b8d0 ed5d | 40f9 7f00 | 00ff d048 | 83c4 08e9 | 0c00 0000 | 48b8 d0ed | 5d40 f97f | 0000 ffd0 
  0x0000019b0745d060: 4883 c420 | c57b 10bc | 24c8 0000 | 00c5 7b10 | b424 c000 | 0000 c57b | 10ac 24b8 | 0000 00c5 
  0x0000019b0745d080: 7b10 a424 | b000 0000 | c57b 109c | 24a8 0000 | 00c5 7b10 | 9424 a000 | 0000 c57b | 108c 2498 
  0x0000019b0745d0a0: 0000 00c5 | 7b10 8424 | 9000 0000 | c5fb 10bc | 2488 0000 | 00c5 fb10 | b424 8000 | 0000 c5fb 
  0x0000019b0745d0c0: 106c 2478 | c5fb 1064 | 2470 c5fb | 105c 2468 | c5fb 1054 | 2460 c5fb | 104c 2458 | c5fb 1044 
  0x0000019b0745d0e0: 2450 4c8b | 5c24 404c | 8b54 2438 | 4c8b 4c24 | 304c 8b44 | 2428 488b | 7c24 2048 | 8b74 2418 
  0x0000019b0745d100: 488b 5424 | 1048 8b4c | 2408 488b | 0424 4881 | c4d0 0000 | 00c5 f877 | 4889 4510 | 4883 ec10 
  0x0000019b0745d120: 4889 0424 | 48c7 4424 | 0800 0000 | 0041 83bf | c004 0000 | 020f 85bf | 0000 0048 | 81ec 8000 
  0x0000019b0745d140: 0000 4889 | 4424 7848 | 894c 2470 | 4889 5424 | 6848 895c | 2460 4889 | 6c24 5048 | 8974 2448 
  0x0000019b0745d160: 4889 7c24 | 404c 8944 | 2438 4c89 | 4c24 304c | 8954 2428 | 4c89 5c24 | 204c 8964 | 2418 4c89 
  0x0000019b0745d180: 6c24 104c | 8974 2408 | 4c89 3c24 | 4c8b e448 | 83ec 2048 | 83e4 f048 | b820 399f | 40f9 7f00 
  0x0000019b0745d1a0: 00ff d049 | 8be4 4c8b | 3c24 4c8b | 7424 084c | 8b6c 2410 | 4c8b 6424 | 184c 8b5c | 2420 4c8b 
  0x0000019b0745d1c0: 5424 284c | 8b4c 2430 | 4c8b 4424 | 3848 8b7c | 2440 488b | 7424 4848 | 8b6c 2450 | 488b 5c24 
  0x0000019b0745d1e0: 6048 8b54 | 2468 488b | 4c24 7048 | 8b44 2478 | 4881 c480 | 0000 004d | 33e4 488b | 5de8 4c8b 
  0x0000019b0745d200: 6b08 4d8d | 6d38 4983 | 7f08 000f | 84bb 0000 | 00e8 0500 | 0000 e996 | 0000 0048 | 8d44 2408 
  0x0000019b0745d220: 4c89 6dc0 | 498b cfc5 | f877 4989 | afa8 0300 | 0049 8987 | 9803 0000 | 4883 ec20 | 40f6 c40f 
  0x0000019b0745d240: 0f84 1900 | 0000 4883 | ec08 48b8 | e074 6940 | f97f 0000 | ffd0 4883 | c408 e90c | 0000 0048 
  0x0000019b0745d260: b8e0 7469 | 40f9 7f00 | 00ff d048 | 83c4 2049 | c787 9803 | 0000 0000 | 0000 49c7 | 87a8 0300 
  0x0000019b0745d280: 0000 0000 | 0049 c787 | a003 0000 | 0000 0000 | c5f8 7749 | 837f 0800 | 0f84 0500 | 0000 e95d 
  0x0000019b0745d2a0: 3cff ff4c | 8b6d c04c | 8b75 c84e | 8d74 f500 | c348 b9a0 | 36c6 40f9 | 7f00 0048 | 83e4 f048 
  0x0000019b0745d2c0: b850 248e | 40f9 7f00 | 00ff d0f4 | 448b 5b28 | 41f6 c320 | 0f84 4401 | 0000 488d | 55a8 4c8b 
  0x0000019b0745d2e0: 5a08 4d85 | db0f 85bb | 0000 00e8 | 0500 0000 | e996 0000 | 0048 8d44 | 2408 4c89 | 6dc0 498b 
  0x0000019b0745d300: cfc5 f877 | 4989 afa8 | 0300 0049 | 8987 9803 | 0000 4883 | ec20 40f6 | c40f 0f84 | 1900 0000 
  0x0000019b0745d320: 4883 ec08 | 48b8 1074 | 6940 f97f | 0000 ffd0 | 4883 c408 | e90c 0000 | 0048 b810 | 7469 40f9 
  0x0000019b0745d340: 7f00 00ff | d048 83c4 | 2049 c787 | 9803 0000 | 0000 0000 | 49c7 87a8 | 0300 0000 | 0000 0049 
  0x0000019b0745d360: c787 a003 | 0000 0000 | 0000 c5f8 | 7749 837f | 0800 0f84 | 0500 0000 | e983 3bff | ff4c 8b6d 
  0x0000019b0745d380: c04c 8b75 | c84e 8d74 | f500 c348 | b9a0 36c6 | 40f9 7f00 | 0048 83e4 | f048 b850 | 248e 40f9 
  0x0000019b0745d3a0: 7f00 00ff | d0f4 4c89 | 6dc0 488d | 024c 8b4a | 0848 c742 | 0800 0000 | 004c 8b00 | 4d85 c00f 
  0x0000019b0745d3c0: 840b 0000 | 00f0 4d0f | b101 0f85 | 0c00 0000 | 49ff 8f48 | 0500 00e9 | 3e00 0000 | 4c89 4a08 
  0x0000019b0745d3e0: 488b ca48 | 83ec 2040 | f6c4 0f0f | 8419 0000 | 0048 83ec | 0848 b830 | 4769 40f9 | 7f00 00ff 
  0x0000019b0745d400: d048 83c4 | 08e9 0c00 | 0000 48b8 | 3047 6940 | f97f 0000 | ffd0 4883 | c420 4c8b | 6dc0 49ba 
  0x0000019b0745d420: e037 ee40 | f97f 0000 | 4180 3a00 | 0f84 3e00 | 0000 488b | 55e8 498b | cf48 83ec | 2040 f6c4 
  0x0000019b0745d440: 0f0f 8419 | 0000 0048 | 83ec 0848 | b830 019f | 40f9 7f00 | 00ff d048 | 83c4 08e9 | 0c00 0000 
  0x0000019b0745d460: 48b8 3001 | 9f40 f97f | 0000 ffd0 | 4883 c420 | 488b 0424 | 4883 c410 | c5fb 1004 | 2448 83c4 
  0x0000019b0745d480: 104c 8b5d | 1841 ffd3 | 4c8b 5df8 | c95f 498b | e3ff e7ba | 0000 0000 | e805 0000 | 00e9 9600 
  0x0000019b0745d4a0: 0000 488d | 4424 084c | 896d c049 | 8bcf c5f8 | 7749 89af | a803 0000 | 4989 8798 | 0300 0048 
  0x0000019b0745d4c0: 83ec 2040 | f6c4 0f0f | 8419 0000 | 0048 83ec | 0848 b8f0 | 3a69 40f9 | 7f00 00ff | d048 83c4 
  0x0000019b0745d4e0: 08e9 0c00 | 0000 48b8 | f03a 6940 | f97f 0000 | ffd0 4883 | c420 49c7 | 8798 0300 | 0000 0000 
  0x0000019b0745d500: 0049 c787 | a803 0000 | 0000 0000 | 49c7 87a0 | 0300 0000 | 0000 00c5 | f877 4983 | 7f08 000f 
  0x0000019b0745d520: 8405 0000 | 00e9 d639 | ffff 4c8b | 6dc0 4c8b | 75c8 4e8d | 74f5 00c3 | 488b 5de8 | e95b f6ff 
  0x0000019b0745d540: ff0f 1f80 | 0000 0000 
[/MachCode]

Compiled method (c2)   30326 1229       4       com.zlw.stroke.getexpression.H5ToBinaryConverter::readDatasetAsFloat (157 bytes)
 total in heap  [0x0000019b07c1c510,0x0000019b07c1d440] = 3888
 relocation     [0x0000019b07c1c668,0x0000019b07c1c700] = 152
 main code      [0x0000019b07c1c700,0x0000019b07c1d0b0] = 2480
 stub code      [0x0000019b07c1d0b0,0x0000019b07c1d0f8] = 72
 oops           [0x0000019b07c1d0f8,0x0000019b07c1d100] = 8
 metadata       [0x0000019b07c1d100,0x0000019b07c1d168] = 104
 scopes data    [0x0000019b07c1d168,0x0000019b07c1d280] = 280
 scopes pcs     [0x0000019b07c1d280,0x0000019b07c1d380] = 256
 dependencies   [0x0000019b07c1d380,0x0000019b07c1d398] = 24
 handler table  [0x0000019b07c1d398,0x0000019b07c1d428] = 144
 nul chk table  [0x0000019b07c1d428,0x0000019b07c1d440] = 24

[Constant Pool (empty)]

[MachCode]
[Verified Entry Point]
  # {method} {0x0000019b62409390} 'readDatasetAsFloat' '(Lio/jhdf/api/Dataset;)[F' in 'com/zlw/stroke/getexpression/H5ToBinaryConverter'
  # parm0:    rdx:rdx   = 'io/jhdf/api/Dataset'
  #           [sp+0x80]  (sp of caller)
  0x0000019b07c1c700: 8984 2400 | 80ff ff55 | 4883 ec70 | 4181 7f20 | 0900 0000 | 0f85 8a09 | 0000 448b 

  0x0000019b07c1c71c: ;   {metadata('io/jhdf/dataset/DatasetBase')}
  0x0000019b07c1c71c: 5208 49bb | 3867 0222 | 9b01 0000 | 49b8 0000 | 0021 9b01 | 0000 4d03 | c24d 8b50 | 404d 3bd3 
  0x0000019b07c1c73c: 0f85 7607 | 0000 6690 

  0x0000019b07c1c744: ;   {optimized virtual_call}
  0x0000019b07c1c744: c5f8 77e8 

  0x0000019b07c1c748: ; ImmutableOopMap {}
                      ;*invokeinterface getData {reexecute=0 rethrow=0 return_oop=1}
                      ; - com.zlw.stroke.getexpression.H5ToBinaryConverter::readDatasetAsFloat@1 (line 76)
  0x0000019b07c1c748: 6409 0000 

  0x0000019b07c1c74c: ;   {other}
  0x0000019b07c1c74c: 0f1f 8400 | 3c02 0000 

  0x0000019b07c1c754: ; implicit exception: dispatches to 0x0000019b07c1d050
  0x0000019b07c1c754: 448b 5808 

  0x0000019b07c1c758: ;   {metadata({type array float})}
  0x0000019b07c1c758: 4181 fb98 | 1e00 0075 | 16c5 f877 | 4883 c470 

  0x0000019b07c1c768: ;   {poll_return}
  0x0000019b07c1c768: 5d49 3ba7 | 4804 0000 | 0f87 1809 

  0x0000019b07c1c774: ;   {metadata({type array double})}
  0x0000019b07c1c774: 0000 c341 | 81fb 8020 | 0000 0f85 | 8807 0000 | 488b f08b | 6e0c 4c63 | dd81 fd00 | 0004 000f 
  0x0000019b07c1c794: 8794 0600 | 004d 8baf | b801 0000 | 4a8d 0c9d | 1700 0000 | 4c8b d149 | 83e2 f84d | 8bc5 4d03 
  0x0000019b07c1c7b4: c24d 3b87 | c801 0000 | 0f83 6b06 | 0000 4d89 | 87b8 0100 | 0049 8bfd | 4883 c710 | 49c7 4500 
  0x0000019b07c1c7d4: 0100 0000 | 410f 0d88 | c000 0000 

  0x0000019b07c1c7e0: ;   {metadata({type array float})}
  0x0000019b07c1c7e0: 41c7 4508 | 981e 0000 | 4189 6d0c | 410f 0d88 | 0001 0000 | 410f 0d88 | 4001 0000 | 410f 0d88 
  0x0000019b07c1c800: 8001 0000 | 48c1 e903 | 4883 c1fe | 4833 c048 | 83f9 087f | 1048 ffc9 | 784f 4889 | 04cf 48ff 
  0x0000019b07c1c820: c97d f7eb | 44c5 fdef | c0e9 0d00 | 0000 c5fe | 7f07 c5fe | 7f47 2048 | 83c7 4048 | 83e9 087d 
  0x0000019b07c1c840: ed48 83c1 | 047c 0cc5 | fe7f 0748 | 83c7 2048 | 83e9 0448 | 83c1 047e | 1048 ffc9 | c5f9 d607 
  0x0000019b07c1c860: 4883 c708 | 48ff c97d | f385 ed76 | 1981 fdc0 | bdf0 7f0f | 8fab 0600 | 0041 8bfd | c1ef 0283 
  0x0000019b07c1c880: e703 33c9 | eb5a 498b | c5e9 d3fe | ffff 488b | f1c4 a17b | 1044 c910 | c5fb 5ac0 | c481 7a11 
  0x0000019b07c1c8a0: 448d 1041 | ffc1 453b | c87c e34c | 8bdf 418b | fec5 f97e | c9c4 c179 | 7eda 4c69 | c36b ca5f 
  0x0000019b07c1c8c0: 6b49 c1f8 | 3645 8bc8 | 4569 c180 | 9698 0041 | 3bc8 0f84 | f401 0000 | 443b d57d 

  0x0000019b07c1c8dc: ;   {no_reloc}
  0x0000019b07c1c8dc: a941 8bca | 4863 d944 | 8d91 4042 | 0f00 443b | d545 8bc2 | 440f 4fc5 | 413b c87d | c13b cd0f 
  0x0000019b07c1c8fc: 83d6 0500 | 00c4 c179 | 6eda c5f9 | 6ec9 448b | f749 8bfb | 488b ce49 | 63f0 4c8d | 56ff 4d3b 
  0x0000019b07c1c91c: d30f 83ad | 0500 00c4 | c179 7eca | 41ff c245 | 03d6 41f7 | da41 b902 | 0000 00c4 | 42b0 f5d2 
  0x0000019b07c1c93c: 4d8d 541a | 014c 3bd6 | 4c8b de4d | 0f4c da41 | 8bd3 c4c1 | 797e c9c4 | a17b 1044 | c910 c5fb 
  0x0000019b07c1c95c: 5ac0 c481 | 7a11 448d | 1045 8d51 | 0144 3bd2 | 7d05 458b | caeb e04c | 8d5e e149 | 81fb 0000 
  0x0000019b07c1c97c: 0080 48c7 | c200 0000 | 804c 0f4c | da41 8bd3 | 443b d20f | 8d6f 0500 | 0041 ffc1 | 8bc2 412b 
  0x0000019b07c1c99c: c145 33d2 | 413b d141 | 0f4c c23d | 007d 0000 | 41bb 007d | 0000 410f | 47c3 4103 | c10f 1f80 
  0x0000019b07c1c9bc: 0000 0000 | c4a1 7e6f | 84c9 f000 | 0000 c4a1 | 7e6f b4c9 | d000 0000 | c421 7e6f | 84c9 b000 
  0x0000019b07c1c9dc: ;   {no_reloc}
  0x0000019b07c1c9dc: 0000 c421 | 7e6f 8cc9 | 9000 0000 | c421 7e6f | 54c9 70c4 | a17e 6f54 | c950 c4a1 | 7e6f 64c9 
  0x0000019b07c1c9fc: 30c4 a17e | 6f6c c910 | c5fd 5af8 | c5fd 5ac5 | c481 7a7f | 448d 10c5 | fd5a c4c4 | 817a 7f44 
  0x0000019b07c1ca1c: 8d20 c5fd | 5ac2 c481 | 7a7f 448d | 30c4 c17d | 5ac2 c481 | 7a7f 448d | 40c4 c17d | 5ac1 c481 
  0x0000019b07c1ca3c: 7a7f 448d | 50c4 c17d | 5ac0 c481 | 7a7f 448d | 60c5 fd5a | c6c4 817a | 7f44 8d70 | c481 7a7f 
  0x0000019b07c1ca5c: bc8d 8000 | 0000 4183 | c120 443b | c80f 8c51 | ffff ff4d | 8b97 5004 

  0x0000019b07c1ca74: ; ImmutableOopMap {rcx=Oop r13=Oop }
                      ;*goto {reexecute=1 rethrow=0 return_oop=0}
                      ; - (reexecute) com.zlw.stroke.getexpression.H5ToBinaryConverter::readDatasetAsFloat@85 (line 88)
                      ;   {poll}
  0x0000019b07c1ca74: 0000 4185 | 0244 3bca | 0f8c 16ff | ffff 4883 | c6fd 4881 | fe00 0000 | 8049 c7c2 | 0000 0080 
  0x0000019b07c1ca94: 490f 4cf2 | 448b de45 | 3bcb 7d1b | c4a1 7e6f | 44c9 10c5 | fd5a c0c4 | 817a 7f44 | 8d10 4183 
  0x0000019b07c1cab4: c104 453b | cb7c e545 | 3bc8 0f8c | cafd ffff | 488b f1e9 | dffd ffff | 8bd1 f7da | 41b9 0600 
  0x0000019b07c1cad4: 0000 41b8 | 0a00 0000 | 83fa f60f | 8f67 0400 | 0083 fa9c | 0f8f df04 | 0000 81fa | 18fc ffff 
  0x0000019b07c1caf4: 0f8f eb04 | 0000 81fa | f0d8 ffff | 0f8f ef04 | 0000 81fa | 6079 feff | 0f8f c204 | 0000 81fa 
  0x0000019b07c1cb14: c0bd f0ff | 0f8f 1405 | 0000 81fa | 8069 67ff | 0f8f c204 | 0000 81fa | 001f 0afa | 0f8f c604 
  0x0000019b07c1cb34: 0000 81fa | 0036 65c4 | 0f8f 9904 | 0000 4489 | 5424 4489 | 4c24 4089 | 7c24 2c4c | 896c 2438 
  0x0000019b07c1cb54: 4c89 5c24 | 3089 6c24 | 2848 8974 | 2420 bb0a | 0000 0041 | ba16 0000 | 0044 8954 | 2448 4c63 
  0x0000019b07c1cb74: ;   {no_reloc}
  0x0000019b07c1cb74: d34c 8954 | 2450 448b | 5424 2841 

  0x0000019b07c1cb80: ;   {oop(a 'java/lang/Class'{0x00000004003ce890} = 'java/lang/System')}
  0x0000019b07c1cb80: f7da 49bb | 90e8 3c00 | 0400 0000 | 418b 6b74 | 4183 faf6 | 0f8f aa03 | 0000 4183 | fa9c 0f8f 
  0x0000019b07c1cba0: 2104 0000 | 4181 fa18 | fcff ff0f | 8ff7 0300 | 0041 81fa | f0d8 ffff | 0f8f f503 | 0000 4181 
  0x0000019b07c1cbc0: fa60 79fe | ff0f 8fd1 | 0300 0041 | 81fa c0bd | f0ff 0f8f | e503 0000 | 4181 fa80 | 6967 ff0f 
  0x0000019b07c1cbe0: 8fc9 0300 | 0041 81fa | 001f 0afa | 0f8f c703 | 0000 4181 | fa00 3665 | c40f 8fa3 | 0300 004d 
  0x0000019b07c1cc00: 8b97 b801 | 0000 4d8b | da46 8d54 | 030d 4489 | 5424 4c4d | 63d0 4c8b | 4424 504f | 8d54 0224 
  0x0000019b07c1cc20: 4983 e2f8 | 4d8b c34d | 03c2 4d3b | 87c8 0100 | 000f 8359 | 0200 004d | 8987 b801 | 0000 410f 
  0x0000019b07c1cc40: 0d88 c000 | 0000 4d8b | d349 c702 | 0100 0000 | 410f 0d88 | 0001 0000 

  0x0000019b07c1cc58: ;   {metadata({type array byte})}
  0x0000019b07c1cc58: 41c7 4208 | 6822 0000 | 448b 5424 | 4c45 8953 | 0c41 0f0d | 8840 0100 | 0041 0f0d | 8880 0100 
  0x0000019b07c1cc78: 004d 8bd3 | 4c89 5424 | 5849 8bd2 | 4883 c210 

  0x0000019b07c1cc88: ;   {oop([B{0x0000000400060fa8})}
  0x0000019b07c1cc88: 48b9 a80f | 0600 0400 | 0000 4883 | c110 41b8 | 0c00 0000 | c5f8 7749 | bac0 2c48 | 079b 0100 
  0x0000019b07c1cca8: 0041 ffd2 

  0x0000019b07c1ccac: ;   {other}
  0x0000019b07c1ccac: 0f1f 8400 | 0000 0000 | 448b 5424 | 4045 33c9 | 452b ca45 | 0f4c caeb | 1b66 6666 | 0f1f 8400 
  0x0000019b07c1cccc: 0000 0000 | 448b 5c24 | 4841 ffcb | 4489 5c24 | 4844 8bc9 | 4d63 d145 | 8bc1 41c1 | f81f 4d69 
  0x0000019b07c1ccec: d267 6666 | 6649 c1fa | 2245 8bd2 | 418b ca41 | 2bc8 448d | 1ccd 0000 | 0000 458d | 1c4b 452b 
  0x0000019b07c1cd0c: cb41 83c1 | 304c 8b5c | 2458 8b5c | 2448 4588 | 4c1b 0f45 | 3bd0 75ac | 4d8b d34c | 8b5c 2450 
  0x0000019b07c1cd2c: 43c6 441a | 1c2f 448b | 5c24 28eb | 170f 1f80 | 0000 0000 | 448b 5c24 | 4c41 ffcb | 4489 5c24 
  0x0000019b07c1cd4c: 4c45 8bd8 | 4d63 d34d | 69d2 6766 | 6666 49c1 | fa22 458b | c246 8d14 | c500 0000 | 0047 8d14 
  0x0000019b07c1cd6c: 4245 2bda | 4183 c330 | 4c8b 5424 | 5844 8b4c | 244c 4788 | 5c0a 0f45 | 85c0 75b8 | 4d8b 87b8 
  0x0000019b07c1cd8c: 0100 004d | 8bd0 4983 | c218 4d3b | 97c8 0100 | 000f 83c9 | 0000 004d | 8997 b801 

  0x0000019b07c1cda8: ;   {no_reloc}
  0x0000019b07c1cda8: 0000 410f | 0d8a c000 | 0000 49c7 | 0001 0000 

  0x0000019b07c1cdb8: ;   {metadata('java/lang/String')}
  0x0000019b07c1cdb8: 0041 c740 | 0840 e700 | 0045 8960 | 0c4d 8960 | 104c 8b54 | 2458 4d8b | da49 c1eb | 0345 8958 
  0x0000019b07c1cdd8: 1485 ed0f | 84a0 0100 | 0049 8bd0 

  0x0000019b07c1cde4: ;   {static_call}
  0x0000019b07c1cde4: c5f8 77e8 

  0x0000019b07c1cde8: ; ImmutableOopMap {rbp=NarrowOop [32]=Oop [56]=Oop }
                      ;*invokestatic valueOf {reexecute=0 rethrow=0 return_oop=1}
                      ; - java.io.PrintStream::println@11 (line 1168)
                      ; - com.zlw.stroke.getexpression.H5ToBinaryConverter::readDatasetAsFloat@132 (line 92)
  0x0000019b07c1cde8: d302 0000 

  0x0000019b07c1cdec: ;   {other}
  0x0000019b07c1cdec: 0f1f 8400 | dc08 0002 | 498d 14ec | 4c8b c090 

  0x0000019b07c1cdfc: ;   {optimized virtual_call}
  0x0000019b07c1cdfc: c5f8 77e8 

  0x0000019b07c1ce00: ; ImmutableOopMap {[32]=Oop [56]=Oop }
                      ;*invokevirtual writeln {reexecute=0 rethrow=0 return_oop=0}
                      ; - java.io.PrintStream::println@14 (line 1168)
                      ; - com.zlw.stroke.getexpression.H5ToBinaryConverter::readDatasetAsFloat@132 (line 92)
  0x0000019b07c1ce00: ca02 0000 

  0x0000019b07c1ce04: ;   {other}
  0x0000019b07c1ce04: 0f1f 8400 | f408 0003 | 488b 7424 | 208b 6c24 | 284c 8b5c | 2430 4c8b | 6c24 388b | 7c24 2c44 
  0x0000019b07c1ce24: 8b54 2444 | e9ab faff | ff4c 895c | 2428 896c | 2420 488b 

  0x0000019b07c1ce38: ;   {metadata({type array float})}
  0x0000019b07c1ce38: ee48 ba98 | 1e00 219b | 0100 0044 | 8b44 2420 

  0x0000019b07c1ce48: ;   {runtime_call _new_array_Java}
  0x0000019b07c1ce48: c5f8 77e8 

  0x0000019b07c1ce4c: ; ImmutableOopMap {rbp=Oop }
                      ;*newarray {reexecute=0 rethrow=0 return_oop=1}
                      ; - com.zlw.stroke.getexpression.H5ToBinaryConverter::readDatasetAsFloat@33 (line 82)
  0x0000019b07c1ce4c: b055 95ff 

  0x0000019b07c1ce50: ;   {other}
  0x0000019b07c1ce50: 0f1f 8400 | 4009 0004 | 488b f58b | 6c24 204c | 8b5c 2428 | 4c8b e8e9 | fdf9 ffff 

  0x0000019b07c1ce6c: ;   {metadata('java/lang/String')}
  0x0000019b07c1ce6c: 48ba 40e7 | 0021 9b01 | 0000 6690 

  0x0000019b07c1ce78: ;   {runtime_call _new_instance_Java}
  0x0000019b07c1ce78: c5f8 77e8 

  0x0000019b07c1ce7c: ; ImmutableOopMap {rbp=NarrowOop [32]=Oop [56]=Oop [88]=Oop }
                      ;*new {reexecute=1 rethrow=0 return_oop=1}
                      ; - (reexecute) com.zlw.stroke.getexpression.H5ToBinaryConverter::readDatasetAsFloat@102 (line 92)
  0x0000019b07c1ce7c: 0008 95ff 

  0x0000019b07c1ce80: ;   {other}
  0x0000019b07c1ce80: 0f1f 8400 | 7009 0005 | 4c8b c0e9 | 39ff ffff 

  0x0000019b07c1ce90: ;   {metadata({type array byte})}
  0x0000019b07c1ce90: 48ba 6822 | 0021 9b01 | 0000 448b | 4424 4c90 

  0x0000019b07c1cea0: ;   {runtime_call _new_array_Java}
  0x0000019b07c1cea0: c5f8 77e8 

  0x0000019b07c1cea4: ; ImmutableOopMap {rbp=NarrowOop [32]=Oop [56]=Oop }
                      ;*new {reexecute=1 rethrow=0 return_oop=1}
                      ; - (reexecute) com.zlw.stroke.getexpression.H5ToBinaryConverter::readDatasetAsFloat@102 (line 92)
  0x0000019b07c1cea4: 5855 95ff 

  0x0000019b07c1cea8: ;   {other}
  0x0000019b07c1cea8: 0f1f 8400 | 9809 0006 | 4c8b d8e9 | c1fd ffff | 488b eaba | dfff ffff 

  0x0000019b07c1cec0: ;   {runtime_call UncommonTrapBlob}
  0x0000019b07c1cec0: c5f8 77e8 

  0x0000019b07c1cec4: ; ImmutableOopMap {rbp=Oop }
                      ;*invokeinterface getData {reexecute=0 rethrow=0 return_oop=0}
                      ; - com.zlw.stroke.getexpression.H5ToBinaryConverter::readDatasetAsFloat@1 (line 76)
  0x0000019b07c1cec4: 3877 88ff 

  0x0000019b07c1cec8: ;   {other}
  0x0000019b07c1cec8: 0f1f 8400 | b809 0007 | 488b f1c5 | f97e c9ba | 76ff ffff | 488b ee4c | 896c 2420 | 894c 2430 
  0x0000019b07c1cee8: 894c 2434 | 4489 4424 | 3866 6690 

  0x0000019b07c1cef4: ;   {runtime_call UncommonTrapBlob}
  0x0000019b07c1cef4: c5f8 77e8 

  0x0000019b07c1cef8: ; ImmutableOopMap {rbp=Oop [32]=Oop }
                      ;*if_icmpge {reexecute=1 rethrow=0 return_oop=0}
                      ; - (reexecute) com.zlw.stroke.getexpression.H5ToBinaryConverter::readDatasetAsFloat@70 (line 88)
  0x0000019b07c1cef8: 0477 88ff 

  0x0000019b07c1cefc: ;   {other}
  0x0000019b07c1cefc: 0f1f 8400 | ec09 0008 | 458b cae9 | affb ffff | bac5 0000 | 0066 6690 

  0x0000019b07c1cf14: ;   {runtime_call UncommonTrapBlob}
  0x0000019b07c1cf14: c5f8 77e8 

  0x0000019b07c1cf18: ; ImmutableOopMap {}
                      ;*new {reexecute=0 rethrow=0 return_oop=0}
                      ; - com.zlw.stroke.getexpression.H5ToBinaryConverter::readDatasetAsFloat@147 (line 97)
  0x0000019b07c1cf18: e476 88ff 

  0x0000019b07c1cf1c: ;   {other}
  0x0000019b07c1cf1c: 0f1f 8400 | 0c0a 0009 | ba6e ffff | ff48 8974 | 2420 4c89 | 6c24 2890 

  0x0000019b07c1cf34: ;   {runtime_call UncommonTrapBlob}
  0x0000019b07c1cf34: c5f8 77e8 

  0x0000019b07c1cf38: ; ImmutableOopMap {[32]=Oop [40]=Oop }
                      ;*if_icmpge {reexecute=1 rethrow=0 return_oop=0}
                      ; - (reexecute) com.zlw.stroke.getexpression.H5ToBinaryConverter::readDatasetAsFloat@47 (line 86)
  0x0000019b07c1cf38: c476 88ff 

  0x0000019b07c1cf3c: ;   {other}
  0x0000019b07c1cf3c: 0f1f 8400 | 2c0a 000a | 41b9 0100 | 0000 eb71 | 4489 5424 | 4489 4c24 | 4089 7c24 | 2c4c 896c 
  0x0000019b07c1cf5c: 2438 4c89 | 5c24 3089 | 6c24 2848 | 8974 2420 | bb01 0000 | 0041 bb0d | 0000 0044 | 895c 2448 
  0x0000019b07c1cf7c: e9f1 fbff | ffba f6ff | ffff 498b | e866 6690 

  0x0000019b07c1cf8c: ;   {runtime_call UncommonTrapBlob}
  0x0000019b07c1cf8c: c5f8 77e8 

  0x0000019b07c1cf90: ; ImmutableOopMap {rbp=Oop }
                      ;*invokevirtual println {reexecute=0 rethrow=0 return_oop=0}
                      ; - com.zlw.stroke.getexpression.H5ToBinaryConverter::readDatasetAsFloat@132 (line 92)
  0x0000019b07c1cf90: 6c76 88ff 

  0x0000019b07c1cf94: ;   {other}
  0x0000019b07c1cf94: 0f1f 8400 | 840a 000b | 41b9 0200 | 0000 4183 | c102 eb06 | 41b9 0200 | 0000 41ff | c1eb 0a41 
  0x0000019b07c1cfb4: b902 0000 | 0041 83c1 | 0245 8bc1 | e93a fcff | ff41 b902 | 0000 00eb | f0bb 0200 | 0000 eb30 
  0x0000019b07c1cfd4: bb02 0000 | 00eb 05bb | 0600 0000 | 83c3 02eb | 0cbb 0200 | 0000 eb05 | bb06 0000 | 00ff c3eb 
  0x0000019b07c1cff4: 0fbb 0200 | 0000 eb05 | bb06 0000 | 0083 c302 | 4489 5424 | 4489 4c24 | 4089 7c24 | 2c4c 896c 
  0x0000019b07c1d014: 2438 4c89 | 5c24 3089 | 6c24 2848 | 8974 2420 | 448d 530c | 4489 5424 | 48e9 40fb | ffff bb06 
  0x0000019b07c1d034: 0000 00eb | cbba f6ff | ffff 6690 

  0x0000019b07c1d040: ;   {runtime_call UncommonTrapBlob}
  0x0000019b07c1d040: c5f8 77e8 

  0x0000019b07c1d044: ; ImmutableOopMap {}
                      ;*invokeinterface getData {reexecute=0 rethrow=0 return_oop=0}
                      ; - com.zlw.stroke.getexpression.H5ToBinaryConverter::readDatasetAsFloat@1 (line 76)
  0x0000019b07c1d044: b875 88ff 

  0x0000019b07c1d048: ;   {other}
  0x0000019b07c1d048: 0f1f 8400 | 380b 000c | baf4 ffff | ff66 6690 

  0x0000019b07c1d058: ;   {runtime_call UncommonTrapBlob}
  0x0000019b07c1d058: c5f8 77e8 

  0x0000019b07c1d05c: ; ImmutableOopMap {}
                      ;*instanceof {reexecute=0 rethrow=0 return_oop=0}
                      ; - com.zlw.stroke.getexpression.H5ToBinaryConverter::readDatasetAsFloat@8 (line 78)
  0x0000019b07c1d05c: a075 88ff 

  0x0000019b07c1d060: ;   {other}
  0x0000019b07c1d060: 0f1f 8400 | 500b 000d | eb00 488b | d0eb 1248 | 8bd0 eb0d | 488b d0eb | 0848 8bd0 | eb03 488b 
  0x0000019b07c1d080: d0c5 f877 | 4883 c470 

  0x0000019b07c1d088: ;   {runtime_call _rethrow_Java}
  0x0000019b07c1d088: 5de9 72a8 

  0x0000019b07c1d08c: ;   {internal_word}
  0x0000019b07c1d08c: 95ff 49ba | 69c7 c107 | 9b01 0000 | 4d89 9760 

  0x0000019b07c1d09c: ;   {runtime_call SafepointBlob}
  0x0000019b07c1d09c: 0400 00e9 | 5c86 88ff 

  0x0000019b07c1d0a4: ;   {runtime_call StubRoutines (final stubs)}
  0x0000019b07c1d0a4: e8b7 7c86 | ffe9 6cf6 | ffff f4f4 
[Stub Code]
  0x0000019b07c1d0b0: ;   {no_reloc}
  0x0000019b07c1d0b0: 48bb 1888 | 4f62 9b01 

  0x0000019b07c1d0b8: ;   {runtime_call I2C/C2I adapters}
  0x0000019b07c1d0b8: 0000 e9a4 

  0x0000019b07c1d0bc: ;   {static_stub}
  0x0000019b07c1d0bc: 6388 ff48 | bbf8 a645 | 219b 0100 

  0x0000019b07c1d0c8: ;   {runtime_call I2C/C2I adapters}
  0x0000019b07c1d0c8: 00e9 9563 

  0x0000019b07c1d0cc: ;   {static_stub}
  0x0000019b07c1d0cc: 88ff 48bb | f844 4621 | 9b01 0000 

  0x0000019b07c1d0d8: ;   {runtime_call I2C/C2I adapters}
  0x0000019b07c1d0d8: e90a 7188 

  0x0000019b07c1d0dc: ;   {runtime_call ExceptionBlob}
  0x0000019b07c1d0dc: ffe9 1e0f | 95ff e800 | 0000 0048 | 832c 2405 

  0x0000019b07c1d0ec: ;   {runtime_call DeoptimizationBlob}
  0x0000019b07c1d0ec: e9af 7888 | fff4 f4f4 | f4f4 f4f4 
[/MachCode]


---------------  P R O C E S S  ---------------

Threads class SMR info:
_java_thread_list=0x0000019b667d3cd0, length=12, elements={
0x0000019b718347b0, 0x0000019b7fc8f650, 0x0000019b7fc921b0, 0x0000019b7fc97290,
0x0000019b7fc98070, 0x0000019b7fca2bc0, 0x0000019b7fcc4c70, 0x0000019b7fcc9300,
0x0000019b7fcca1b0, 0x0000019b7fdca9d0, 0x0000019b66371cd0, 0x0000019b66372740
}

Java Threads: ( => current thread )
=>0x0000019b718347b0 JavaThread "main"                              [_thread_in_vm, id=74640, stack(0x0000003753500000,0x0000003753600000) (1024K)]
  0x0000019b7fc8f650 JavaThread "Reference Handler"          daemon [_thread_blocked, id=93904, stack(0x0000003753d00000,0x0000003753e00000) (1024K)]
  0x0000019b7fc921b0 JavaThread "Finalizer"                  daemon [_thread_blocked, id=86376, stack(0x0000003753e00000,0x0000003753f00000) (1024K)]
  0x0000019b7fc97290 JavaThread "Signal Dispatcher"          daemon [_thread_blocked, id=91620, stack(0x0000003753f00000,0x0000003754000000) (1024K)]
  0x0000019b7fc98070 JavaThread "Attach Listener"            daemon [_thread_blocked, id=7684, stack(0x0000003754000000,0x0000003754100000) (1024K)]
  0x0000019b7fca2bc0 JavaThread "Service Thread"             daemon [_thread_blocked, id=67144, stack(0x0000003754100000,0x0000003754200000) (1024K)]
  0x0000019b7fcc4c70 JavaThread "Monitor Deflation Thread"   daemon [_thread_blocked, id=91872, stack(0x0000003754200000,0x0000003754300000) (1024K)]
  0x0000019b7fcc9300 JavaThread "C2 CompilerThread0"         daemon [_thread_blocked, id=88376, stack(0x0000003754300000,0x0000003754400000) (1024K)]
  0x0000019b7fcca1b0 JavaThread "C1 CompilerThread0"         daemon [_thread_blocked, id=88816, stack(0x0000003754400000,0x0000003754500000) (1024K)]
  0x0000019b7fdca9d0 JavaThread "Common-Cleaner"             daemon [_thread_blocked, id=89936, stack(0x0000003754500000,0x0000003754600000) (1024K)]
  0x0000019b66371cd0 JavaThread "Monitor Ctrl-Break"         daemon [_thread_in_native, id=88124, stack(0x0000003754b00000,0x0000003754c00000) (1024K)]
  0x0000019b66372740 JavaThread "Notification Thread"        daemon [_thread_blocked, id=16936, stack(0x0000003754c00000,0x0000003754d00000) (1024K)]
Total: 12

Other Threads:
  0x0000019b7fc6c2d0 VMThread "VM Thread"                           [id=87204, stack(0x0000003753c00000,0x0000003753d00000) (1024K)]
  0x0000019b7fc55780 WatcherThread "VM Periodic Task Thread"        [id=92412, stack(0x0000003753b00000,0x0000003753c00000) (1024K)]
  0x0000019b7e8b1120 WorkerThread "GC Thread#0"                     [id=89904, stack(0x0000003753600000,0x0000003753700000) (1024K)]
  0x0000019b6684b6b0 WorkerThread "GC Thread#1"                     [id=93908, stack(0x0000003754600000,0x0000003754700000) (1024K)]
  0x0000019b667fea60 WorkerThread "GC Thread#2"                     [id=87476, stack(0x0000003754700000,0x0000003754800000) (1024K)]
  0x0000019b667f4870 WorkerThread "GC Thread#3"                     [id=86244, stack(0x0000003754800000,0x0000003754900000) (1024K)]
  0x0000019b667f4c10 WorkerThread "GC Thread#4"                     [id=82748, stack(0x0000003754900000,0x0000003754a00000) (1024K)]
  0x0000019b667f4fb0 WorkerThread "GC Thread#5"                     [id=91104, stack(0x0000003754a00000,0x0000003754b00000) (1024K)]
  0x0000019b66674de0 WorkerThread "GC Thread#6"                     [id=75072, stack(0x0000003754d00000,0x0000003754e00000) (1024K)]
  0x0000019b66675180 WorkerThread "GC Thread#7"                     [id=92292, stack(0x0000003754e00000,0x0000003754f00000) (1024K)]
  0x0000019b66675520 WorkerThread "GC Thread#8"                     [id=93580, stack(0x0000003754f00000,0x0000003755000000) (1024K)]
  0x0000019b66895f70 WorkerThread "GC Thread#9"                     [id=93964, stack(0x0000003755000000,0x0000003755100000) (1024K)]
  0x0000019b667de650 WorkerThread "GC Thread#10"                    [id=80052, stack(0x0000003755100000,0x0000003755200000) (1024K)]
  0x0000019b667de2b0 WorkerThread "GC Thread#11"                    [id=13596, stack(0x0000003755200000,0x0000003755300000) (1024K)]
  0x0000019b667de9f0 WorkerThread "GC Thread#12"                    [id=85424, stack(0x0000003755300000,0x0000003755400000) (1024K)]
  0x0000019b667dd7d0 WorkerThread "GC Thread#13"                    [id=87188, stack(0x0000003755400000,0x0000003755500000) (1024K)]
  0x0000019b667dd430 WorkerThread "GC Thread#14"                    [id=92460, stack(0x0000003755500000,0x0000003755600000) (1024K)]
  0x0000019b7e8b5ea0 ConcurrentGCThread "G1 Main Marker"            [id=82036, stack(0x0000003753700000,0x0000003753800000) (1024K)]
  0x0000019b718ec620 WorkerThread "G1 Conc#0"                       [id=91980, stack(0x0000003753800000,0x0000003753900000) (1024K)]
  0x0000019b667ddb70 WorkerThread "G1 Conc#1"                       [id=76856, stack(0x0000003755900000,0x0000003755a00000) (1024K)]
  0x0000019b667ddf10 WorkerThread "G1 Conc#2"                       [id=92636, stack(0x0000003755a00000,0x0000003755b00000) (1024K)]
  0x0000019b667ded90 WorkerThread "G1 Conc#3"                       [id=76204, stack(0x0000003755b00000,0x0000003755c00000) (1024K)]
  0x0000019b7ea6d940 ConcurrentGCThread "G1 Refine#0"               [id=91292, stack(0x0000003753900000,0x0000003753a00000) (1024K)]
  0x0000019b7ea6e350 ConcurrentGCThread "G1 Service"                [id=90232, stack(0x0000003753a00000,0x0000003753b00000) (1024K)]
Total: 24

Threads with active compile tasks:
Total: 0

VM state: not at safepoint (normal execution)

VM Mutex/Monitor currently owned by a thread:  ([mutex/lock_event])
[0x00007ff940efbf98] Heap_lock - owner thread: 0x0000019b718347b0

Heap address: 0x0000000400000000, size: 16384 MB, Compressed Oops mode: Zero based, Oop shift amount: 3

CDS archive(s) mapped at: [0x0000019b21000000-0x0000019b21c90000-0x0000019b21c90000), size 13172736, SharedBaseAddress: 0x0000019b21000000, ArchiveRelocationMode: 1.
Compressed class space mapped at: 0x0000019b22000000-0x0000019b62000000, reserved size: 1073741824
Narrow klass base: 0x0000019b21000000, Narrow klass shift: 0, Narrow klass range: 0x100000000

GC Precious Log:
 CardTable entry size: 512
 Card Set container configuration: InlinePtr #cards 4 size 8 Array Of Cards #cards 64 size 144 Howl #buckets 8 coarsen threshold 14745 Howl Bitmap #cards 2048 size 272 coarsen threshold 1843 Card regions per heap region 1 cards per card region 16384
 CPUs: 20 total, 20 available
 Memory: 16108M
 Large Page Support: Disabled
 NUMA Support: Disabled
 Compressed Oops: Enabled (Zero based)
 Heap Region Size: 8M
 Heap Min Capacity: 4G
 Heap Initial Capacity: 4G
 Heap Max Capacity: 16G
 Pre-touch: Disabled
 Parallel Workers: 15
 Concurrent Workers: 4
 Concurrent Refinement Workers: 15
 Periodic GC: Disabled

Heap:
 garbage-first heap   total 10076160K, used 6025368K [0x0000000400000000, 0x0000000800000000)
  region size 8192K, 2 young (16384K), 1 survivors (8192K)
 Metaspace       used 4478K, committed 4736K, reserved 1114112K
  class space    used 387K, committed 512K, reserved 1048576K

Heap Regions: E=young(eden), S=young(survivor), O=old, HS=humongous(starts), HC=humongous(continues), CS=collection set, F=free, TAMS=top-at-mark-start, PB=parsable bottom
|   0|0x0000000400000000, 0x0000000400800000, 0x0000000400800000|100%| O|  |TAMS 0x0000000400000000| PB 0x0000000400000000| Untracked 
|   1|0x0000000400800000, 0x0000000400800000, 0x0000000401000000|  0%| F|  |TAMS 0x0000000400800000| PB 0x0000000400800000| Untracked 
|   2|0x0000000401000000, 0x0000000401000000, 0x0000000401800000|  0%| F|  |TAMS 0x0000000401000000| PB 0x0000000401000000| Untracked 
|   3|0x0000000401800000, 0x0000000401800000, 0x0000000402000000|  0%| F|  |TAMS 0x0000000401800000| PB 0x0000000401800000| Untracked 
|   4|0x0000000402000000, 0x0000000402000000, 0x0000000402800000|  0%| F|  |TAMS 0x0000000402000000| PB 0x0000000402000000| Untracked 
|   5|0x0000000402800000, 0x0000000402800000, 0x0000000403000000|  0%| F|  |TAMS 0x0000000402800000| PB 0x0000000402800000| Untracked 
|   6|0x0000000403000000, 0x0000000403000000, 0x0000000403800000|  0%| F|  |TAMS 0x0000000403000000| PB 0x0000000403000000| Untracked 
|   7|0x0000000403800000, 0x0000000403800000, 0x0000000404000000|  0%| F|  |TAMS 0x0000000403800000| PB 0x0000000403800000| Untracked 
|   8|0x0000000404000000, 0x0000000404000000, 0x0000000404800000|  0%| F|  |TAMS 0x0000000404000000| PB 0x0000000404000000| Untracked 
|   9|0x0000000404800000, 0x0000000404800000, 0x0000000405000000|  0%| F|  |TAMS 0x0000000404800000| PB 0x0000000404800000| Untracked 
|  10|0x0000000405000000, 0x0000000405000000, 0x0000000405800000|  0%| F|  |TAMS 0x0000000405000000| PB 0x0000000405000000| Untracked 
|  11|0x0000000405800000, 0x0000000405800000, 0x0000000406000000|  0%| F|  |TAMS 0x0000000405800000| PB 0x0000000405800000| Untracked 
|  12|0x0000000406000000, 0x0000000406800000, 0x0000000406800000|100%| O|  |TAMS 0x0000000406000000| PB 0x0000000406000000| Untracked 
|  13|0x0000000406800000, 0x0000000407000000, 0x0000000407000000|100%| O|  |TAMS 0x0000000406800000| PB 0x0000000406800000| Untracked 
|  14|0x0000000407000000, 0x0000000407800000, 0x0000000407800000|100%| O|  |TAMS 0x0000000407000000| PB 0x0000000407000000| Untracked 
|  15|0x0000000407800000, 0x0000000408000000, 0x0000000408000000|100%| O|Cm|TAMS 0x0000000407800000| PB 0x0000000407800000| Complete 
|  16|0x0000000408000000, 0x0000000408000000, 0x0000000408800000|  0%| F|  |TAMS 0x0000000408000000| PB 0x0000000408000000| Untracked 
|  17|0x0000000408800000, 0x0000000408800000, 0x0000000409000000|  0%| F|  |TAMS 0x0000000408800000| PB 0x0000000408800000| Untracked 
|  18|0x0000000409000000, 0x0000000409000000, 0x0000000409800000|  0%| F|  |TAMS 0x0000000409000000| PB 0x0000000409000000| Untracked 
|  19|0x0000000409800000, 0x0000000409800000, 0x000000040a000000|  0%| F|  |TAMS 0x0000000409800000| PB 0x0000000409800000| Untracked 
|  20|0x000000040a000000, 0x000000040a000000, 0x000000040a800000|  0%| F|  |TAMS 0x000000040a000000| PB 0x000000040a000000| Untracked 
|  21|0x000000040a800000, 0x000000040a800000, 0x000000040b000000|  0%| F|  |TAMS 0x000000040a800000| PB 0x000000040a800000| Untracked 
|  22|0x000000040b000000, 0x000000040b000000, 0x000000040b800000|  0%| F|  |TAMS 0x000000040b000000| PB 0x000000040b000000| Untracked 
|  23|0x000000040b800000, 0x000000040b800000, 0x000000040c000000|  0%| F|  |TAMS 0x000000040b800000| PB 0x000000040b800000| Untracked 
|  24|0x000000040c000000, 0x000000040c000000, 0x000000040c800000|  0%| F|  |TAMS 0x000000040c000000| PB 0x000000040c000000| Untracked 
|  25|0x000000040c800000, 0x000000040c800000, 0x000000040d000000|  0%| F|  |TAMS 0x000000040c800000| PB 0x000000040c800000| Untracked 
|  26|0x000000040d000000, 0x000000040d000000, 0x000000040d800000|  0%| F|  |TAMS 0x000000040d000000| PB 0x000000040d000000| Untracked 
|  27|0x000000040d800000, 0x000000040d800000, 0x000000040e000000|  0%| F|  |TAMS 0x000000040d800000| PB 0x000000040d800000| Untracked 
|  28|0x000000040e000000, 0x000000040e000000, 0x000000040e800000|  0%| F|  |TAMS 0x000000040e000000| PB 0x000000040e000000| Untracked 
|  29|0x000000040e800000, 0x000000040e800000, 0x000000040f000000|  0%| F|  |TAMS 0x000000040e800000| PB 0x000000040e800000| Untracked 
|  30|0x000000040f000000, 0x000000040f000000, 0x000000040f800000|  0%| F|  |TAMS 0x000000040f000000| PB 0x000000040f000000| Untracked 
|  31|0x000000040f800000, 0x000000040f800000, 0x0000000410000000|  0%| F|  |TAMS 0x000000040f800000| PB 0x000000040f800000| Untracked 
|  32|0x0000000410000000, 0x0000000410000000, 0x0000000410800000|  0%| F|  |TAMS 0x0000000410000000| PB 0x0000000410000000| Untracked 
|  33|0x0000000410800000, 0x0000000410800000, 0x0000000411000000|  0%| F|  |TAMS 0x0000000410800000| PB 0x0000000410800000| Untracked 
|  34|0x0000000411000000, 0x0000000411000000, 0x0000000411800000|  0%| F|  |TAMS 0x0000000411000000| PB 0x0000000411000000| Untracked 
|  35|0x0000000411800000, 0x0000000411800000, 0x0000000412000000|  0%| F|  |TAMS 0x0000000411800000| PB 0x0000000411800000| Untracked 
|  36|0x0000000412000000, 0x0000000412000000, 0x0000000412800000|  0%| F|  |TAMS 0x0000000412000000| PB 0x0000000412000000| Untracked 
|  37|0x0000000412800000, 0x0000000412800000, 0x0000000413000000|  0%| F|  |TAMS 0x0000000412800000| PB 0x0000000412800000| Untracked 
|  38|0x0000000413000000, 0x0000000413000000, 0x0000000413800000|  0%| F|  |TAMS 0x0000000413000000| PB 0x0000000413000000| Untracked 
|  39|0x0000000413800000, 0x0000000413800000, 0x0000000414000000|  0%| F|  |TAMS 0x0000000413800000| PB 0x0000000413800000| Untracked 
|  40|0x0000000414000000, 0x0000000414000000, 0x0000000414800000|  0%| F|  |TAMS 0x0000000414000000| PB 0x0000000414000000| Untracked 
|  41|0x0000000414800000, 0x0000000414800000, 0x0000000415000000|  0%| F|  |TAMS 0x0000000414800000| PB 0x0000000414800000| Untracked 
|  42|0x0000000415000000, 0x0000000415000000, 0x0000000415800000|  0%| F|  |TAMS 0x0000000415000000| PB 0x0000000415000000| Untracked 
|  43|0x0000000415800000, 0x0000000415800000, 0x0000000416000000|  0%| F|  |TAMS 0x0000000415800000| PB 0x0000000415800000| Untracked 
|  44|0x0000000416000000, 0x0000000416000000, 0x0000000416800000|  0%| F|  |TAMS 0x0000000416000000| PB 0x0000000416000000| Untracked 
|  45|0x0000000416800000, 0x0000000416800000, 0x0000000417000000|  0%| F|  |TAMS 0x0000000416800000| PB 0x0000000416800000| Untracked 
|  46|0x0000000417000000, 0x0000000417000000, 0x0000000417800000|  0%| F|  |TAMS 0x0000000417000000| PB 0x0000000417000000| Untracked 
|  47|0x0000000417800000, 0x0000000417800000, 0x0000000418000000|  0%| F|  |TAMS 0x0000000417800000| PB 0x0000000417800000| Untracked 
|  48|0x0000000418000000, 0x0000000418000000, 0x0000000418800000|  0%| F|  |TAMS 0x0000000418000000| PB 0x0000000418000000| Untracked 
|  49|0x0000000418800000, 0x0000000418800000, 0x0000000419000000|  0%| F|  |TAMS 0x0000000418800000| PB 0x0000000418800000| Untracked 
|  50|0x0000000419000000, 0x0000000419000000, 0x0000000419800000|  0%| F|  |TAMS 0x0000000419000000| PB 0x0000000419000000| Untracked 
|  51|0x0000000419800000, 0x0000000419800000, 0x000000041a000000|  0%| F|  |TAMS 0x0000000419800000| PB 0x0000000419800000| Untracked 
|  52|0x000000041a000000, 0x000000041a000000, 0x000000041a800000|  0%| F|  |TAMS 0x000000041a000000| PB 0x000000041a000000| Untracked 
|  53|0x000000041a800000, 0x000000041a800000, 0x000000041b000000|  0%| F|  |TAMS 0x000000041a800000| PB 0x000000041a800000| Untracked 
|  54|0x000000041b000000, 0x000000041b800000, 0x000000041b800000|100%| O|  |TAMS 0x000000041b000000| PB 0x000000041b000000| Untracked 
|  55|0x000000041b800000, 0x000000041c000000, 0x000000041c000000|100%| O|  |TAMS 0x000000041b800000| PB 0x000000041b800000| Untracked 
|  56|0x000000041c000000, 0x000000041c800000, 0x000000041c800000|100%| O|  |TAMS 0x000000041c000000| PB 0x000000041c000000| Untracked 
|  57|0x000000041c800000, 0x000000041c800000, 0x000000041d000000|  0%| F|  |TAMS 0x000000041c800000| PB 0x000000041c800000| Untracked 
|  58|0x000000041d000000, 0x000000041d800000, 0x000000041d800000|100%| O|  |TAMS 0x000000041d000000| PB 0x000000041d000000| Untracked 
|  59|0x000000041d800000, 0x000000041e000000, 0x000000041e000000|100%| O|  |TAMS 0x000000041d800000| PB 0x000000041d800000| Untracked 
|  60|0x000000041e000000, 0x000000041e000000, 0x000000041e800000|  0%| F|  |TAMS 0x000000041e000000| PB 0x000000041e000000| Untracked 
|  61|0x000000041e800000, 0x000000041e800000, 0x000000041f000000|  0%| F|  |TAMS 0x000000041e800000| PB 0x000000041e800000| Untracked 
|  62|0x000000041f000000, 0x000000041f000000, 0x000000041f800000|  0%| F|  |TAMS 0x000000041f000000| PB 0x000000041f000000| Untracked 
|  63|0x000000041f800000, 0x000000041f800000, 0x0000000420000000|  0%| F|  |TAMS 0x000000041f800000| PB 0x000000041f800000| Untracked 
|  64|0x0000000420000000, 0x0000000420000000, 0x0000000420800000|  0%| F|  |TAMS 0x0000000420000000| PB 0x0000000420000000| Untracked 
|  65|0x0000000420800000, 0x0000000420800000, 0x0000000421000000|  0%| F|  |TAMS 0x0000000420800000| PB 0x0000000420800000| Untracked 
|  66|0x0000000421000000, 0x0000000421800000, 0x0000000421800000|100%| O|  |TAMS 0x0000000421000000| PB 0x0000000421000000| Untracked 
|  67|0x0000000421800000, 0x0000000422000000, 0x0000000422000000|100%| O|  |TAMS 0x0000000421800000| PB 0x0000000421800000| Untracked 
|  68|0x0000000422000000, 0x0000000422000000, 0x0000000422800000|  0%| F|  |TAMS 0x0000000422000000| PB 0x0000000422000000| Untracked 
|  69|0x0000000422800000, 0x0000000422800000, 0x0000000423000000|  0%| F|  |TAMS 0x0000000422800000| PB 0x0000000422800000| Untracked 
|  70|0x0000000423000000, 0x0000000423000000, 0x0000000423800000|  0%| F|  |TAMS 0x0000000423000000| PB 0x0000000423000000| Untracked 
|  71|0x0000000423800000, 0x0000000423800000, 0x0000000424000000|  0%| F|  |TAMS 0x0000000423800000| PB 0x0000000423800000| Untracked 
|  72|0x0000000424000000, 0x0000000424000000, 0x0000000424800000|  0%| F|  |TAMS 0x0000000424000000| PB 0x0000000424000000| Untracked 
|  73|0x0000000424800000, 0x0000000424800000, 0x0000000425000000|  0%| F|  |TAMS 0x0000000424800000| PB 0x0000000424800000| Untracked 
|  74|0x0000000425000000, 0x0000000425000000, 0x0000000425800000|  0%| F|  |TAMS 0x0000000425000000| PB 0x0000000425000000| Untracked 
|  75|0x0000000425800000, 0x0000000425800000, 0x0000000426000000|  0%| F|  |TAMS 0x0000000425800000| PB 0x0000000425800000| Untracked 
|  76|0x0000000426000000, 0x0000000426000000, 0x0000000426800000|  0%| F|  |TAMS 0x0000000426000000| PB 0x0000000426000000| Untracked 
|  77|0x0000000426800000, 0x0000000426800000, 0x0000000427000000|  0%| F|  |TAMS 0x0000000426800000| PB 0x0000000426800000| Untracked 
|  78|0x0000000427000000, 0x0000000427800000, 0x0000000427800000|100%| O|  |TAMS 0x0000000427000000| PB 0x0000000427000000| Untracked 
|  79|0x0000000427800000, 0x0000000427800000, 0x0000000428000000|  0%| F|  |TAMS 0x0000000427800000| PB 0x0000000427800000| Untracked 
|  80|0x0000000428000000, 0x0000000428000000, 0x0000000428800000|  0%| F|  |TAMS 0x0000000428000000| PB 0x0000000428000000| Untracked 
|  81|0x0000000428800000, 0x0000000428800000, 0x0000000429000000|  0%| F|  |TAMS 0x0000000428800000| PB 0x0000000428800000| Untracked 
|  82|0x0000000429000000, 0x0000000429000000, 0x0000000429800000|  0%| F|  |TAMS 0x0000000429000000| PB 0x0000000429000000| Untracked 
|  83|0x0000000429800000, 0x0000000429800000, 0x000000042a000000|  0%| F|  |TAMS 0x0000000429800000| PB 0x0000000429800000| Untracked 
|  84|0x000000042a000000, 0x000000042a000000, 0x000000042a800000|  0%| F|  |TAMS 0x000000042a000000| PB 0x000000042a000000| Untracked 
|  85|0x000000042a800000, 0x000000042a800000, 0x000000042b000000|  0%| F|  |TAMS 0x000000042a800000| PB 0x000000042a800000| Untracked 
|  86|0x000000042b000000, 0x000000042b000000, 0x000000042b800000|  0%| F|  |TAMS 0x000000042b000000| PB 0x000000042b000000| Untracked 
|  87|0x000000042b800000, 0x000000042b800000, 0x000000042c000000|  0%| F|  |TAMS 0x000000042b800000| PB 0x000000042b800000| Untracked 
|  88|0x000000042c000000, 0x000000042c000000, 0x000000042c800000|  0%| F|  |TAMS 0x000000042c000000| PB 0x000000042c000000| Untracked 
|  89|0x000000042c800000, 0x000000042c800000, 0x000000042d000000|  0%| F|  |TAMS 0x000000042c800000| PB 0x000000042c800000| Untracked 
|  90|0x000000042d000000, 0x000000042d000000, 0x000000042d800000|  0%| F|  |TAMS 0x000000042d000000| PB 0x000000042d000000| Untracked 
|  91|0x000000042d800000, 0x000000042d800000, 0x000000042e000000|  0%| F|  |TAMS 0x000000042d800000| PB 0x000000042d800000| Untracked 
|  92|0x000000042e000000, 0x000000042e000000, 0x000000042e800000|  0%| F|  |TAMS 0x000000042e000000| PB 0x000000042e000000| Untracked 
|  93|0x000000042e800000, 0x000000042e800000, 0x000000042f000000|  0%| F|  |TAMS 0x000000042e800000| PB 0x000000042e800000| Untracked 
|  94|0x000000042f000000, 0x000000042f000000, 0x000000042f800000|  0%| F|  |TAMS 0x000000042f000000| PB 0x000000042f000000| Untracked 
|  95|0x000000042f800000, 0x000000042f800000, 0x0000000430000000|  0%| F|  |TAMS 0x000000042f800000| PB 0x000000042f800000| Untracked 
|  96|0x0000000430000000, 0x0000000430000000, 0x0000000430800000|  0%| F|  |TAMS 0x0000000430000000| PB 0x0000000430000000| Untracked 
|  97|0x0000000430800000, 0x0000000430800000, 0x0000000431000000|  0%| F|  |TAMS 0x0000000430800000| PB 0x0000000430800000| Untracked 
|  98|0x0000000431000000, 0x0000000431000000, 0x0000000431800000|  0%| F|  |TAMS 0x0000000431000000| PB 0x0000000431000000| Untracked 
|  99|0x0000000431800000, 0x0000000431800000, 0x0000000432000000|  0%| F|  |TAMS 0x0000000431800000| PB 0x0000000431800000| Untracked 
| 100|0x0000000432000000, 0x0000000432000000, 0x0000000432800000|  0%| F|  |TAMS 0x0000000432000000| PB 0x0000000432000000| Untracked 
| 101|0x0000000432800000, 0x0000000432800000, 0x0000000433000000|  0%| F|  |TAMS 0x0000000432800000| PB 0x0000000432800000| Untracked 
| 102|0x0000000433000000, 0x0000000433000000, 0x0000000433800000|  0%| F|  |TAMS 0x0000000433000000| PB 0x0000000433000000| Untracked 
| 103|0x0000000433800000, 0x0000000433800000, 0x0000000434000000|  0%| F|  |TAMS 0x0000000433800000| PB 0x0000000433800000| Untracked 
| 104|0x0000000434000000, 0x0000000434000000, 0x0000000434800000|  0%| F|  |TAMS 0x0000000434000000| PB 0x0000000434000000| Untracked 
| 105|0x0000000434800000, 0x0000000434800000, 0x0000000435000000|  0%| F|  |TAMS 0x0000000434800000| PB 0x0000000434800000| Untracked 
| 106|0x0000000435000000, 0x0000000435000000, 0x0000000435800000|  0%| F|  |TAMS 0x0000000435000000| PB 0x0000000435000000| Untracked 
| 107|0x0000000435800000, 0x0000000435800000, 0x0000000436000000|  0%| F|  |TAMS 0x0000000435800000| PB 0x0000000435800000| Untracked 
| 108|0x0000000436000000, 0x0000000436000000, 0x0000000436800000|  0%| F|  |TAMS 0x0000000436000000| PB 0x0000000436000000| Untracked 
| 109|0x0000000436800000, 0x0000000436800000, 0x0000000437000000|  0%| F|  |TAMS 0x0000000436800000| PB 0x0000000436800000| Untracked 
| 110|0x0000000437000000, 0x0000000437000000, 0x0000000437800000|  0%| F|  |TAMS 0x0000000437000000| PB 0x0000000437000000| Untracked 
| 111|0x0000000437800000, 0x0000000437800000, 0x0000000438000000|  0%| F|  |TAMS 0x0000000437800000| PB 0x0000000437800000| Untracked 
| 112|0x0000000438000000, 0x0000000438000000, 0x0000000438800000|  0%| F|  |TAMS 0x0000000438000000| PB 0x0000000438000000| Untracked 
| 113|0x0000000438800000, 0x0000000438800000, 0x0000000439000000|  0%| F|  |TAMS 0x0000000438800000| PB 0x0000000438800000| Untracked 
| 114|0x0000000439000000, 0x0000000439000000, 0x0000000439800000|  0%| F|  |TAMS 0x0000000439000000| PB 0x0000000439000000| Untracked 
| 115|0x0000000439800000, 0x0000000439800000, 0x000000043a000000|  0%| F|  |TAMS 0x0000000439800000| PB 0x0000000439800000| Untracked 
| 116|0x000000043a000000, 0x000000043a000000, 0x000000043a800000|  0%| F|  |TAMS 0x000000043a000000| PB 0x000000043a000000| Untracked 
| 117|0x000000043a800000, 0x000000043a800000, 0x000000043b000000|  0%| F|  |TAMS 0x000000043a800000| PB 0x000000043a800000| Untracked 
| 118|0x000000043b000000, 0x000000043b000000, 0x000000043b800000|  0%| F|  |TAMS 0x000000043b000000| PB 0x000000043b000000| Untracked 
| 119|0x000000043b800000, 0x000000043b800000, 0x000000043c000000|  0%| F|  |TAMS 0x000000043b800000| PB 0x000000043b800000| Untracked 
| 120|0x000000043c000000, 0x000000043c000000, 0x000000043c800000|  0%| F|  |TAMS 0x000000043c000000| PB 0x000000043c000000| Untracked 
| 121|0x000000043c800000, 0x000000043c800000, 0x000000043d000000|  0%| F|  |TAMS 0x000000043c800000| PB 0x000000043c800000| Untracked 
| 122|0x000000043d000000, 0x000000043d000000, 0x000000043d800000|  0%| F|  |TAMS 0x000000043d000000| PB 0x000000043d000000| Untracked 
| 123|0x000000043d800000, 0x000000043e000000, 0x000000043e000000|100%| O|  |TAMS 0x000000043d800000| PB 0x000000043d800000| Untracked 
| 124|0x000000043e000000, 0x000000043e800000, 0x000000043e800000|100%| O|  |TAMS 0x000000043e000000| PB 0x000000043e000000| Untracked 
| 125|0x000000043e800000, 0x000000043e800000, 0x000000043f000000|  0%| F|  |TAMS 0x000000043e800000| PB 0x000000043e800000| Untracked 
| 126|0x000000043f000000, 0x000000043f000000, 0x000000043f800000|  0%| F|  |TAMS 0x000000043f000000| PB 0x000000043f000000| Untracked 
| 127|0x000000043f800000, 0x000000043f800000, 0x0000000440000000|  0%| F|  |TAMS 0x000000043f800000| PB 0x000000043f800000| Untracked 
| 128|0x0000000440000000, 0x0000000440000000, 0x0000000440800000|  0%| F|  |TAMS 0x0000000440000000| PB 0x0000000440000000| Untracked 
| 129|0x0000000440800000, 0x0000000440800000, 0x0000000441000000|  0%| F|  |TAMS 0x0000000440800000| PB 0x0000000440800000| Untracked 
| 130|0x0000000441000000, 0x0000000441000000, 0x0000000441800000|  0%| F|  |TAMS 0x0000000441000000| PB 0x0000000441000000| Untracked 
| 131|0x0000000441800000, 0x0000000441800000, 0x0000000442000000|  0%| F|  |TAMS 0x0000000441800000| PB 0x0000000441800000| Untracked 
| 132|0x0000000442000000, 0x0000000442000000, 0x0000000442800000|  0%| F|  |TAMS 0x0000000442000000| PB 0x0000000442000000| Untracked 
| 133|0x0000000442800000, 0x0000000442800000, 0x0000000443000000|  0%| F|  |TAMS 0x0000000442800000| PB 0x0000000442800000| Untracked 
| 134|0x0000000443000000, 0x0000000443000000, 0x0000000443800000|  0%| F|  |TAMS 0x0000000443000000| PB 0x0000000443000000| Untracked 
| 135|0x0000000443800000, 0x0000000443800000, 0x0000000444000000|  0%| F|  |TAMS 0x0000000443800000| PB 0x0000000443800000| Untracked 
| 136|0x0000000444000000, 0x0000000444000000, 0x0000000444800000|  0%| F|  |TAMS 0x0000000444000000| PB 0x0000000444000000| Untracked 
| 137|0x0000000444800000, 0x0000000444800000, 0x0000000445000000|  0%| F|  |TAMS 0x0000000444800000| PB 0x0000000444800000| Untracked 
| 138|0x0000000445000000, 0x0000000445800000, 0x0000000445800000|100%| O|  |TAMS 0x0000000445000000| PB 0x0000000445000000| Untracked 
| 139|0x0000000445800000, 0x0000000446000000, 0x0000000446000000|100%| O|Cm|TAMS 0x0000000445800000| PB 0x0000000445800000| Complete 
| 140|0x0000000446000000, 0x0000000446000000, 0x0000000446800000|  0%| F|  |TAMS 0x0000000446000000| PB 0x0000000446000000| Untracked 
| 141|0x0000000446800000, 0x0000000446800000, 0x0000000447000000|  0%| F|  |TAMS 0x0000000446800000| PB 0x0000000446800000| Untracked 
| 142|0x0000000447000000, 0x0000000447000000, 0x0000000447800000|  0%| F|  |TAMS 0x0000000447000000| PB 0x0000000447000000| Untracked 
| 143|0x0000000447800000, 0x0000000447800000, 0x0000000448000000|  0%| F|  |TAMS 0x0000000447800000| PB 0x0000000447800000| Untracked 
| 144|0x0000000448000000, 0x0000000448000000, 0x0000000448800000|  0%| F|  |TAMS 0x0000000448000000| PB 0x0000000448000000| Untracked 
| 145|0x0000000448800000, 0x0000000448800000, 0x0000000449000000|  0%| F|  |TAMS 0x0000000448800000| PB 0x0000000448800000| Untracked 
| 146|0x0000000449000000, 0x0000000449000000, 0x0000000449800000|  0%| F|  |TAMS 0x0000000449000000| PB 0x0000000449000000| Untracked 
| 147|0x0000000449800000, 0x0000000449800000, 0x000000044a000000|  0%| F|  |TAMS 0x0000000449800000| PB 0x0000000449800000| Untracked 
| 148|0x000000044a000000, 0x000000044a000000, 0x000000044a800000|  0%| F|  |TAMS 0x000000044a000000| PB 0x000000044a000000| Untracked 
| 149|0x000000044a800000, 0x000000044a800000, 0x000000044b000000|  0%| F|  |TAMS 0x000000044a800000| PB 0x000000044a800000| Untracked 
| 150|0x000000044b000000, 0x000000044b000000, 0x000000044b800000|  0%| F|  |TAMS 0x000000044b000000| PB 0x000000044b000000| Untracked 
| 151|0x000000044b800000, 0x000000044b800000, 0x000000044c000000|  0%| F|  |TAMS 0x000000044b800000| PB 0x000000044b800000| Untracked 
| 152|0x000000044c000000, 0x000000044c000000, 0x000000044c800000|  0%| F|  |TAMS 0x000000044c000000| PB 0x000000044c000000| Untracked 
| 153|0x000000044c800000, 0x000000044c800000, 0x000000044d000000|  0%| F|  |TAMS 0x000000044c800000| PB 0x000000044c800000| Untracked 
| 154|0x000000044d000000, 0x000000044d000000, 0x000000044d800000|  0%| F|  |TAMS 0x000000044d000000| PB 0x000000044d000000| Untracked 
| 155|0x000000044d800000, 0x000000044d800000, 0x000000044e000000|  0%| F|  |TAMS 0x000000044d800000| PB 0x000000044d800000| Untracked 
| 156|0x000000044e000000, 0x000000044e000000, 0x000000044e800000|  0%| F|  |TAMS 0x000000044e000000| PB 0x000000044e000000| Untracked 
| 157|0x000000044e800000, 0x000000044e800000, 0x000000044f000000|  0%| F|  |TAMS 0x000000044e800000| PB 0x000000044e800000| Untracked 
| 158|0x000000044f000000, 0x000000044f000000, 0x000000044f800000|  0%| F|  |TAMS 0x000000044f000000| PB 0x000000044f000000| Untracked 
| 159|0x000000044f800000, 0x000000044f800000, 0x0000000450000000|  0%| F|  |TAMS 0x000000044f800000| PB 0x000000044f800000| Untracked 
| 160|0x0000000450000000, 0x0000000450000000, 0x0000000450800000|  0%| F|  |TAMS 0x0000000450000000| PB 0x0000000450000000| Untracked 
| 161|0x0000000450800000, 0x0000000450800000, 0x0000000451000000|  0%| F|  |TAMS 0x0000000450800000| PB 0x0000000450800000| Untracked 
| 162|0x0000000451000000, 0x0000000451000000, 0x0000000451800000|  0%| F|  |TAMS 0x0000000451000000| PB 0x0000000451000000| Untracked 
| 163|0x0000000451800000, 0x0000000451800000, 0x0000000452000000|  0%| F|  |TAMS 0x0000000451800000| PB 0x0000000451800000| Untracked 
| 164|0x0000000452000000, 0x0000000452000000, 0x0000000452800000|  0%| F|  |TAMS 0x0000000452000000| PB 0x0000000452000000| Untracked 
| 165|0x0000000452800000, 0x0000000452800000, 0x0000000453000000|  0%| F|  |TAMS 0x0000000452800000| PB 0x0000000452800000| Untracked 
| 166|0x0000000453000000, 0x0000000453000000, 0x0000000453800000|  0%| F|  |TAMS 0x0000000453000000| PB 0x0000000453000000| Untracked 
| 167|0x0000000453800000, 0x0000000453800000, 0x0000000454000000|  0%| F|  |TAMS 0x0000000453800000| PB 0x0000000453800000| Untracked 
| 168|0x0000000454000000, 0x0000000454000000, 0x0000000454800000|  0%| F|  |TAMS 0x0000000454000000| PB 0x0000000454000000| Untracked 
| 169|0x0000000454800000, 0x0000000454800000, 0x0000000455000000|  0%| F|  |TAMS 0x0000000454800000| PB 0x0000000454800000| Untracked 
| 170|0x0000000455000000, 0x0000000455000000, 0x0000000455800000|  0%| F|  |TAMS 0x0000000455000000| PB 0x0000000455000000| Untracked 
| 171|0x0000000455800000, 0x0000000455800000, 0x0000000456000000|  0%| F|  |TAMS 0x0000000455800000| PB 0x0000000455800000| Untracked 
| 172|0x0000000456000000, 0x0000000456000000, 0x0000000456800000|  0%| F|  |TAMS 0x0000000456000000| PB 0x0000000456000000| Untracked 
| 173|0x0000000456800000, 0x0000000456800000, 0x0000000457000000|  0%| F|  |TAMS 0x0000000456800000| PB 0x0000000456800000| Untracked 
| 174|0x0000000457000000, 0x0000000457000000, 0x0000000457800000|  0%| F|  |TAMS 0x0000000457000000| PB 0x0000000457000000| Untracked 
| 175|0x0000000457800000, 0x0000000457800000, 0x0000000458000000|  0%| F|  |TAMS 0x0000000457800000| PB 0x0000000457800000| Untracked 
| 176|0x0000000458000000, 0x0000000458000000, 0x0000000458800000|  0%| F|  |TAMS 0x0000000458000000| PB 0x0000000458000000| Untracked 
| 177|0x0000000458800000, 0x0000000458800000, 0x0000000459000000|  0%| F|  |TAMS 0x0000000458800000| PB 0x0000000458800000| Untracked 
| 178|0x0000000459000000, 0x0000000459000000, 0x0000000459800000|  0%| F|  |TAMS 0x0000000459000000| PB 0x0000000459000000| Untracked 
| 179|0x0000000459800000, 0x0000000459800000, 0x000000045a000000|  0%| F|  |TAMS 0x0000000459800000| PB 0x0000000459800000| Untracked 
| 180|0x000000045a000000, 0x000000045a000000, 0x000000045a800000|  0%| F|  |TAMS 0x000000045a000000| PB 0x000000045a000000| Untracked 
| 181|0x000000045a800000, 0x000000045a800000, 0x000000045b000000|  0%| F|  |TAMS 0x000000045a800000| PB 0x000000045a800000| Untracked 
| 182|0x000000045b000000, 0x000000045b800000, 0x000000045b800000|100%| O|  |TAMS 0x000000045b000000| PB 0x000000045b000000| Untracked 
| 183|0x000000045b800000, 0x000000045c000000, 0x000000045c000000|100%| O|  |TAMS 0x000000045b800000| PB 0x000000045b800000| Untracked 
| 184|0x000000045c000000, 0x000000045c800000, 0x000000045c800000|100%| O|  |TAMS 0x000000045c000000| PB 0x000000045c000000| Untracked 
| 185|0x000000045c800000, 0x000000045d000000, 0x000000045d000000|100%| O|  |TAMS 0x000000045c800000| PB 0x000000045c800000| Untracked 
| 186|0x000000045d000000, 0x000000045d800000, 0x000000045d800000|100%| O|  |TAMS 0x000000045d000000| PB 0x000000045d000000| Untracked 
| 187|0x000000045d800000, 0x000000045e000000, 0x000000045e000000|100%| O|  |TAMS 0x000000045d800000| PB 0x000000045d800000| Untracked 
| 188|0x000000045e000000, 0x000000045e800000, 0x000000045e800000|100%| O|  |TAMS 0x000000045e000000| PB 0x000000045e000000| Untracked 
| 189|0x000000045e800000, 0x000000045e800000, 0x000000045f000000|  0%| F|  |TAMS 0x000000045e800000| PB 0x000000045e800000| Untracked 
| 190|0x000000045f000000, 0x000000045f000000, 0x000000045f800000|  0%| F|  |TAMS 0x000000045f000000| PB 0x000000045f000000| Untracked 
| 191|0x000000045f800000, 0x000000045f800000, 0x0000000460000000|  0%| F|  |TAMS 0x000000045f800000| PB 0x000000045f800000| Untracked 
| 192|0x0000000460000000, 0x0000000460000000, 0x0000000460800000|  0%| F|  |TAMS 0x0000000460000000| PB 0x0000000460000000| Untracked 
| 193|0x0000000460800000, 0x0000000460800000, 0x0000000461000000|  0%| F|  |TAMS 0x0000000460800000| PB 0x0000000460800000| Untracked 
| 194|0x0000000461000000, 0x0000000461000000, 0x0000000461800000|  0%| F|  |TAMS 0x0000000461000000| PB 0x0000000461000000| Untracked 
| 195|0x0000000461800000, 0x0000000461800000, 0x0000000462000000|  0%| F|  |TAMS 0x0000000461800000| PB 0x0000000461800000| Untracked 
| 196|0x0000000462000000, 0x0000000462000000, 0x0000000462800000|  0%| F|  |TAMS 0x0000000462000000| PB 0x0000000462000000| Untracked 
| 197|0x0000000462800000, 0x0000000462800000, 0x0000000463000000|  0%| F|  |TAMS 0x0000000462800000| PB 0x0000000462800000| Untracked 
| 198|0x0000000463000000, 0x0000000463000000, 0x0000000463800000|  0%| F|  |TAMS 0x0000000463000000| PB 0x0000000463000000| Untracked 
| 199|0x0000000463800000, 0x0000000463800000, 0x0000000464000000|  0%| F|  |TAMS 0x0000000463800000| PB 0x0000000463800000| Untracked 
| 200|0x0000000464000000, 0x0000000464000000, 0x0000000464800000|  0%| F|  |TAMS 0x0000000464000000| PB 0x0000000464000000| Untracked 
| 201|0x0000000464800000, 0x0000000464800000, 0x0000000465000000|  0%| F|  |TAMS 0x0000000464800000| PB 0x0000000464800000| Untracked 
| 202|0x0000000465000000, 0x0000000465000000, 0x0000000465800000|  0%| F|  |TAMS 0x0000000465000000| PB 0x0000000465000000| Untracked 
| 203|0x0000000465800000, 0x0000000465800000, 0x0000000466000000|  0%| F|  |TAMS 0x0000000465800000| PB 0x0000000465800000| Untracked 
| 204|0x0000000466000000, 0x0000000466000000, 0x0000000466800000|  0%| F|  |TAMS 0x0000000466000000| PB 0x0000000466000000| Untracked 
| 205|0x0000000466800000, 0x0000000466800000, 0x0000000467000000|  0%| F|  |TAMS 0x0000000466800000| PB 0x0000000466800000| Untracked 
| 206|0x0000000467000000, 0x0000000467000000, 0x0000000467800000|  0%| F|  |TAMS 0x0000000467000000| PB 0x0000000467000000| Untracked 
| 207|0x0000000467800000, 0x0000000467800000, 0x0000000468000000|  0%| F|  |TAMS 0x0000000467800000| PB 0x0000000467800000| Untracked 
| 208|0x0000000468000000, 0x0000000468000000, 0x0000000468800000|  0%| F|  |TAMS 0x0000000468000000| PB 0x0000000468000000| Untracked 
| 209|0x0000000468800000, 0x0000000468800000, 0x0000000469000000|  0%| F|  |TAMS 0x0000000468800000| PB 0x0000000468800000| Untracked 
| 210|0x0000000469000000, 0x0000000469000000, 0x0000000469800000|  0%| F|  |TAMS 0x0000000469000000| PB 0x0000000469000000| Untracked 
| 211|0x0000000469800000, 0x0000000469800000, 0x000000046a000000|  0%| F|  |TAMS 0x0000000469800000| PB 0x0000000469800000| Untracked 
| 212|0x000000046a000000, 0x000000046a000000, 0x000000046a800000|  0%| F|  |TAMS 0x000000046a000000| PB 0x000000046a000000| Untracked 
| 213|0x000000046a800000, 0x000000046a800000, 0x000000046b000000|  0%| F|  |TAMS 0x000000046a800000| PB 0x000000046a800000| Untracked 
| 214|0x000000046b000000, 0x000000046b800000, 0x000000046b800000|100%| O|  |TAMS 0x000000046b000000| PB 0x000000046b000000| Untracked 
| 215|0x000000046b800000, 0x000000046b800000, 0x000000046c000000|  0%| F|  |TAMS 0x000000046b800000| PB 0x000000046b800000| Untracked 
| 216|0x000000046c000000, 0x000000046c000000, 0x000000046c800000|  0%| F|  |TAMS 0x000000046c000000| PB 0x000000046c000000| Untracked 
| 217|0x000000046c800000, 0x000000046c800000, 0x000000046d000000|  0%| F|  |TAMS 0x000000046c800000| PB 0x000000046c800000| Untracked 
| 218|0x000000046d000000, 0x000000046d000000, 0x000000046d800000|  0%| F|  |TAMS 0x000000046d000000| PB 0x000000046d000000| Untracked 
| 219|0x000000046d800000, 0x000000046d800000, 0x000000046e000000|  0%| F|  |TAMS 0x000000046d800000| PB 0x000000046d800000| Untracked 
| 220|0x000000046e000000, 0x000000046e000000, 0x000000046e800000|  0%| F|  |TAMS 0x000000046e000000| PB 0x000000046e000000| Untracked 
| 221|0x000000046e800000, 0x000000046e800000, 0x000000046f000000|  0%| F|  |TAMS 0x000000046e800000| PB 0x000000046e800000| Untracked 
| 222|0x000000046f000000, 0x000000046f000000, 0x000000046f800000|  0%| F|  |TAMS 0x000000046f000000| PB 0x000000046f000000| Untracked 
| 223|0x000000046f800000, 0x000000046f800000, 0x0000000470000000|  0%| F|  |TAMS 0x000000046f800000| PB 0x000000046f800000| Untracked 
| 224|0x0000000470000000, 0x0000000470000000, 0x0000000470800000|  0%| F|  |TAMS 0x0000000470000000| PB 0x0000000470000000| Untracked 
| 225|0x0000000470800000, 0x0000000470800000, 0x0000000471000000|  0%| F|  |TAMS 0x0000000470800000| PB 0x0000000470800000| Untracked 
| 226|0x0000000471000000, 0x0000000471000000, 0x0000000471800000|  0%| F|  |TAMS 0x0000000471000000| PB 0x0000000471000000| Untracked 
| 227|0x0000000471800000, 0x0000000471800000, 0x0000000472000000|  0%| F|  |TAMS 0x0000000471800000| PB 0x0000000471800000| Untracked 
| 228|0x0000000472000000, 0x0000000472000000, 0x0000000472800000|  0%| F|  |TAMS 0x0000000472000000| PB 0x0000000472000000| Untracked 
| 229|0x0000000472800000, 0x0000000472800000, 0x0000000473000000|  0%| F|  |TAMS 0x0000000472800000| PB 0x0000000472800000| Untracked 
| 230|0x0000000473000000, 0x0000000473000000, 0x0000000473800000|  0%| F|  |TAMS 0x0000000473000000| PB 0x0000000473000000| Untracked 
| 231|0x0000000473800000, 0x0000000473800000, 0x0000000474000000|  0%| F|  |TAMS 0x0000000473800000| PB 0x0000000473800000| Untracked 
| 232|0x0000000474000000, 0x0000000474000000, 0x0000000474800000|  0%| F|  |TAMS 0x0000000474000000| PB 0x0000000474000000| Untracked 
| 233|0x0000000474800000, 0x0000000474800000, 0x0000000475000000|  0%| F|  |TAMS 0x0000000474800000| PB 0x0000000474800000| Untracked 
| 234|0x0000000475000000, 0x0000000475800000, 0x0000000475800000|100%| O|Cm|TAMS 0x0000000475000000| PB 0x0000000475000000| Complete 
| 235|0x0000000475800000, 0x0000000476000000, 0x0000000476000000|100%| O|Cm|TAMS 0x0000000475800000| PB 0x0000000475800000| Complete 
| 236|0x0000000476000000, 0x0000000476800000, 0x0000000476800000|100%| O|  |TAMS 0x0000000476000000| PB 0x0000000476000000| Untracked 
| 237|0x0000000476800000, 0x0000000476800000, 0x0000000477000000|  0%| F|  |TAMS 0x0000000476800000| PB 0x0000000476800000| Untracked 
| 238|0x0000000477000000, 0x0000000477000000, 0x0000000477800000|  0%| F|  |TAMS 0x0000000477000000| PB 0x0000000477000000| Untracked 
| 239|0x0000000477800000, 0x0000000477800000, 0x0000000478000000|  0%| F|  |TAMS 0x0000000477800000| PB 0x0000000477800000| Untracked 
| 240|0x0000000478000000, 0x0000000478000000, 0x0000000478800000|  0%| F|  |TAMS 0x0000000478000000| PB 0x0000000478000000| Untracked 
| 241|0x0000000478800000, 0x0000000478800000, 0x0000000479000000|  0%| F|  |TAMS 0x0000000478800000| PB 0x0000000478800000| Untracked 
| 242|0x0000000479000000, 0x0000000479000000, 0x0000000479800000|  0%| F|  |TAMS 0x0000000479000000| PB 0x0000000479000000| Untracked 
| 243|0x0000000479800000, 0x0000000479800000, 0x000000047a000000|  0%| F|  |TAMS 0x0000000479800000| PB 0x0000000479800000| Untracked 
| 244|0x000000047a000000, 0x000000047a000000, 0x000000047a800000|  0%| F|  |TAMS 0x000000047a000000| PB 0x000000047a000000| Untracked 
| 245|0x000000047a800000, 0x000000047a800000, 0x000000047b000000|  0%| F|  |TAMS 0x000000047a800000| PB 0x000000047a800000| Untracked 
| 246|0x000000047b000000, 0x000000047b000000, 0x000000047b800000|  0%| F|  |TAMS 0x000000047b000000| PB 0x000000047b000000| Untracked 
| 247|0x000000047b800000, 0x000000047b800000, 0x000000047c000000|  0%| F|  |TAMS 0x000000047b800000| PB 0x000000047b800000| Untracked 
| 248|0x000000047c000000, 0x000000047c000000, 0x000000047c800000|  0%| F|  |TAMS 0x000000047c000000| PB 0x000000047c000000| Untracked 
| 249|0x000000047c800000, 0x000000047c800000, 0x000000047d000000|  0%| F|  |TAMS 0x000000047c800000| PB 0x000000047c800000| Untracked 
| 250|0x000000047d000000, 0x000000047d000000, 0x000000047d800000|  0%| F|  |TAMS 0x000000047d000000| PB 0x000000047d000000| Untracked 
| 251|0x000000047d800000, 0x000000047d800000, 0x000000047e000000|  0%| F|  |TAMS 0x000000047d800000| PB 0x000000047d800000| Untracked 
| 252|0x000000047e000000, 0x000000047e000000, 0x000000047e800000|  0%| F|  |TAMS 0x000000047e000000| PB 0x000000047e000000| Untracked 
| 253|0x000000047e800000, 0x000000047e800000, 0x000000047f000000|  0%| F|  |TAMS 0x000000047e800000| PB 0x000000047e800000| Untracked 
| 254|0x000000047f000000, 0x000000047f000000, 0x000000047f800000|  0%| F|  |TAMS 0x000000047f000000| PB 0x000000047f000000| Untracked 
| 255|0x000000047f800000, 0x000000047f800000, 0x0000000480000000|  0%| F|  |TAMS 0x000000047f800000| PB 0x000000047f800000| Untracked 
| 256|0x0000000480000000, 0x0000000480000000, 0x0000000480800000|  0%| F|  |TAMS 0x0000000480000000| PB 0x0000000480000000| Untracked 
| 257|0x0000000480800000, 0x0000000480800000, 0x0000000481000000|  0%| F|  |TAMS 0x0000000480800000| PB 0x0000000480800000| Untracked 
| 258|0x0000000481000000, 0x0000000481000000, 0x0000000481800000|  0%| F|  |TAMS 0x0000000481000000| PB 0x0000000481000000| Untracked 
| 259|0x0000000481800000, 0x0000000481800000, 0x0000000482000000|  0%| F|  |TAMS 0x0000000481800000| PB 0x0000000481800000| Untracked 
| 260|0x0000000482000000, 0x0000000482000000, 0x0000000482800000|  0%| F|  |TAMS 0x0000000482000000| PB 0x0000000482000000| Untracked 
| 261|0x0000000482800000, 0x0000000482800000, 0x0000000483000000|  0%| F|  |TAMS 0x0000000482800000| PB 0x0000000482800000| Untracked 
| 262|0x0000000483000000, 0x0000000483000000, 0x0000000483800000|  0%| F|  |TAMS 0x0000000483000000| PB 0x0000000483000000| Untracked 
| 263|0x0000000483800000, 0x0000000483800000, 0x0000000484000000|  0%| F|  |TAMS 0x0000000483800000| PB 0x0000000483800000| Untracked 
| 264|0x0000000484000000, 0x0000000484000000, 0x0000000484800000|  0%| F|  |TAMS 0x0000000484000000| PB 0x0000000484000000| Untracked 
| 265|0x0000000484800000, 0x0000000484800000, 0x0000000485000000|  0%| F|  |TAMS 0x0000000484800000| PB 0x0000000484800000| Untracked 
| 266|0x0000000485000000, 0x0000000485000000, 0x0000000485800000|  0%| F|  |TAMS 0x0000000485000000| PB 0x0000000485000000| Untracked 
| 267|0x0000000485800000, 0x0000000485800000, 0x0000000486000000|  0%| F|  |TAMS 0x0000000485800000| PB 0x0000000485800000| Untracked 
| 268|0x0000000486000000, 0x0000000486000000, 0x0000000486800000|  0%| F|  |TAMS 0x0000000486000000| PB 0x0000000486000000| Untracked 
| 269|0x0000000486800000, 0x0000000486800000, 0x0000000487000000|  0%| F|  |TAMS 0x0000000486800000| PB 0x0000000486800000| Untracked 
| 270|0x0000000487000000, 0x0000000487000000, 0x0000000487800000|  0%| F|  |TAMS 0x0000000487000000| PB 0x0000000487000000| Untracked 
| 271|0x0000000487800000, 0x0000000487800000, 0x0000000488000000|  0%| F|  |TAMS 0x0000000487800000| PB 0x0000000487800000| Untracked 
| 272|0x0000000488000000, 0x0000000488000000, 0x0000000488800000|  0%| F|  |TAMS 0x0000000488000000| PB 0x0000000488000000| Untracked 
| 273|0x0000000488800000, 0x0000000488800000, 0x0000000489000000|  0%| F|  |TAMS 0x0000000488800000| PB 0x0000000488800000| Untracked 
| 274|0x0000000489000000, 0x0000000489000000, 0x0000000489800000|  0%| F|  |TAMS 0x0000000489000000| PB 0x0000000489000000| Untracked 
| 275|0x0000000489800000, 0x0000000489800000, 0x000000048a000000|  0%| F|  |TAMS 0x0000000489800000| PB 0x0000000489800000| Untracked 
| 276|0x000000048a000000, 0x000000048a000000, 0x000000048a800000|  0%| F|  |TAMS 0x000000048a000000| PB 0x000000048a000000| Untracked 
| 277|0x000000048a800000, 0x000000048a800000, 0x000000048b000000|  0%| F|  |TAMS 0x000000048a800000| PB 0x000000048a800000| Untracked 
| 278|0x000000048b000000, 0x000000048b000000, 0x000000048b800000|  0%| F|  |TAMS 0x000000048b000000| PB 0x000000048b000000| Untracked 
| 279|0x000000048b800000, 0x000000048b800000, 0x000000048c000000|  0%| F|  |TAMS 0x000000048b800000| PB 0x000000048b800000| Untracked 
| 280|0x000000048c000000, 0x000000048c000000, 0x000000048c800000|  0%| F|  |TAMS 0x000000048c000000| PB 0x000000048c000000| Untracked 
| 281|0x000000048c800000, 0x000000048c800000, 0x000000048d000000|  0%| F|  |TAMS 0x000000048c800000| PB 0x000000048c800000| Untracked 
| 282|0x000000048d000000, 0x000000048d000000, 0x000000048d800000|  0%| F|  |TAMS 0x000000048d000000| PB 0x000000048d000000| Untracked 
| 283|0x000000048d800000, 0x000000048d800000, 0x000000048e000000|  0%| F|  |TAMS 0x000000048d800000| PB 0x000000048d800000| Untracked 
| 284|0x000000048e000000, 0x000000048e000000, 0x000000048e800000|  0%| F|  |TAMS 0x000000048e000000| PB 0x000000048e000000| Untracked 
| 285|0x000000048e800000, 0x000000048e800000, 0x000000048f000000|  0%| F|  |TAMS 0x000000048e800000| PB 0x000000048e800000| Untracked 
| 286|0x000000048f000000, 0x000000048f000000, 0x000000048f800000|  0%| F|  |TAMS 0x000000048f000000| PB 0x000000048f000000| Untracked 
| 287|0x000000048f800000, 0x000000048f800000, 0x0000000490000000|  0%| F|  |TAMS 0x000000048f800000| PB 0x000000048f800000| Untracked 
| 288|0x0000000490000000, 0x0000000490000000, 0x0000000490800000|  0%| F|  |TAMS 0x0000000490000000| PB 0x0000000490000000| Untracked 
| 289|0x0000000490800000, 0x0000000490800000, 0x0000000491000000|  0%| F|  |TAMS 0x0000000490800000| PB 0x0000000490800000| Untracked 
| 290|0x0000000491000000, 0x0000000491000000, 0x0000000491800000|  0%| F|  |TAMS 0x0000000491000000| PB 0x0000000491000000| Untracked 
| 291|0x0000000491800000, 0x0000000491800000, 0x0000000492000000|  0%| F|  |TAMS 0x0000000491800000| PB 0x0000000491800000| Untracked 
| 292|0x0000000492000000, 0x0000000492000000, 0x0000000492800000|  0%| F|  |TAMS 0x0000000492000000| PB 0x0000000492000000| Untracked 
| 293|0x0000000492800000, 0x0000000492800000, 0x0000000493000000|  0%| F|  |TAMS 0x0000000492800000| PB 0x0000000492800000| Untracked 
| 294|0x0000000493000000, 0x0000000493000000, 0x0000000493800000|  0%| F|  |TAMS 0x0000000493000000| PB 0x0000000493000000| Untracked 
| 295|0x0000000493800000, 0x0000000493800000, 0x0000000494000000|  0%| F|  |TAMS 0x0000000493800000| PB 0x0000000493800000| Untracked 
| 296|0x0000000494000000, 0x0000000494000000, 0x0000000494800000|  0%| F|  |TAMS 0x0000000494000000| PB 0x0000000494000000| Untracked 
| 297|0x0000000494800000, 0x0000000494800000, 0x0000000495000000|  0%| F|  |TAMS 0x0000000494800000| PB 0x0000000494800000| Untracked 
| 298|0x0000000495000000, 0x0000000495000000, 0x0000000495800000|  0%| F|  |TAMS 0x0000000495000000| PB 0x0000000495000000| Untracked 
| 299|0x0000000495800000, 0x0000000495800000, 0x0000000496000000|  0%| F|  |TAMS 0x0000000495800000| PB 0x0000000495800000| Untracked 
| 300|0x0000000496000000, 0x0000000496000000, 0x0000000496800000|  0%| F|  |TAMS 0x0000000496000000| PB 0x0000000496000000| Untracked 
| 301|0x0000000496800000, 0x0000000496800000, 0x0000000497000000|  0%| F|  |TAMS 0x0000000496800000| PB 0x0000000496800000| Untracked 
| 302|0x0000000497000000, 0x0000000497000000, 0x0000000497800000|  0%| F|  |TAMS 0x0000000497000000| PB 0x0000000497000000| Untracked 
| 303|0x0000000497800000, 0x0000000497800000, 0x0000000498000000|  0%| F|  |TAMS 0x0000000497800000| PB 0x0000000497800000| Untracked 
| 304|0x0000000498000000, 0x0000000498000000, 0x0000000498800000|  0%| F|  |TAMS 0x0000000498000000| PB 0x0000000498000000| Untracked 
| 305|0x0000000498800000, 0x0000000498800000, 0x0000000499000000|  0%| F|  |TAMS 0x0000000498800000| PB 0x0000000498800000| Untracked 
| 306|0x0000000499000000, 0x0000000499000000, 0x0000000499800000|  0%| F|  |TAMS 0x0000000499000000| PB 0x0000000499000000| Untracked 
| 307|0x0000000499800000, 0x0000000499800000, 0x000000049a000000|  0%| F|  |TAMS 0x0000000499800000| PB 0x0000000499800000| Untracked 
| 308|0x000000049a000000, 0x000000049a000000, 0x000000049a800000|  0%| F|  |TAMS 0x000000049a000000| PB 0x000000049a000000| Untracked 
| 309|0x000000049a800000, 0x000000049a800000, 0x000000049b000000|  0%| F|  |TAMS 0x000000049a800000| PB 0x000000049a800000| Untracked 
| 310|0x000000049b000000, 0x000000049b000000, 0x000000049b800000|  0%| F|  |TAMS 0x000000049b000000| PB 0x000000049b000000| Untracked 
| 311|0x000000049b800000, 0x000000049b800000, 0x000000049c000000|  0%| F|  |TAMS 0x000000049b800000| PB 0x000000049b800000| Untracked 
| 312|0x000000049c000000, 0x000000049c000000, 0x000000049c800000|  0%| F|  |TAMS 0x000000049c000000| PB 0x000000049c000000| Untracked 
| 313|0x000000049c800000, 0x000000049c800000, 0x000000049d000000|  0%| F|  |TAMS 0x000000049c800000| PB 0x000000049c800000| Untracked 
| 314|0x000000049d000000, 0x000000049d000000, 0x000000049d800000|  0%| F|  |TAMS 0x000000049d000000| PB 0x000000049d000000| Untracked 
| 315|0x000000049d800000, 0x000000049d800000, 0x000000049e000000|  0%| F|  |TAMS 0x000000049d800000| PB 0x000000049d800000| Untracked 
| 316|0x000000049e000000, 0x000000049e000000, 0x000000049e800000|  0%| F|  |TAMS 0x000000049e000000| PB 0x000000049e000000| Untracked 
| 317|0x000000049e800000, 0x000000049e800000, 0x000000049f000000|  0%| F|  |TAMS 0x000000049e800000| PB 0x000000049e800000| Untracked 
| 318|0x000000049f000000, 0x000000049f000000, 0x000000049f800000|  0%| F|  |TAMS 0x000000049f000000| PB 0x000000049f000000| Untracked 
| 319|0x000000049f800000, 0x000000049f800000, 0x00000004a0000000|  0%| F|  |TAMS 0x000000049f800000| PB 0x000000049f800000| Untracked 
| 320|0x00000004a0000000, 0x00000004a0000000, 0x00000004a0800000|  0%| F|  |TAMS 0x00000004a0000000| PB 0x00000004a0000000| Untracked 
| 321|0x00000004a0800000, 0x00000004a0800000, 0x00000004a1000000|  0%| F|  |TAMS 0x00000004a0800000| PB 0x00000004a0800000| Untracked 
| 322|0x00000004a1000000, 0x00000004a1000000, 0x00000004a1800000|  0%| F|  |TAMS 0x00000004a1000000| PB 0x00000004a1000000| Untracked 
| 323|0x00000004a1800000, 0x00000004a1800000, 0x00000004a2000000|  0%| F|  |TAMS 0x00000004a1800000| PB 0x00000004a1800000| Untracked 
| 324|0x00000004a2000000, 0x00000004a2000000, 0x00000004a2800000|  0%| F|  |TAMS 0x00000004a2000000| PB 0x00000004a2000000| Untracked 
| 325|0x00000004a2800000, 0x00000004a2800000, 0x00000004a3000000|  0%| F|  |TAMS 0x00000004a2800000| PB 0x00000004a2800000| Untracked 
| 326|0x00000004a3000000, 0x00000004a3000000, 0x00000004a3800000|  0%| F|  |TAMS 0x00000004a3000000| PB 0x00000004a3000000| Untracked 
| 327|0x00000004a3800000, 0x00000004a3800000, 0x00000004a4000000|  0%| F|  |TAMS 0x00000004a3800000| PB 0x00000004a3800000| Untracked 
| 328|0x00000004a4000000, 0x00000004a4000000, 0x00000004a4800000|  0%| F|  |TAMS 0x00000004a4000000| PB 0x00000004a4000000| Untracked 
| 329|0x00000004a4800000, 0x00000004a4800000, 0x00000004a5000000|  0%| F|  |TAMS 0x00000004a4800000| PB 0x00000004a4800000| Untracked 
| 330|0x00000004a5000000, 0x00000004a5000000, 0x00000004a5800000|  0%| F|  |TAMS 0x00000004a5000000| PB 0x00000004a5000000| Untracked 
| 331|0x00000004a5800000, 0x00000004a5800000, 0x00000004a6000000|  0%| F|  |TAMS 0x00000004a5800000| PB 0x00000004a5800000| Untracked 
| 332|0x00000004a6000000, 0x00000004a6000000, 0x00000004a6800000|  0%| F|  |TAMS 0x00000004a6000000| PB 0x00000004a6000000| Untracked 
| 333|0x00000004a6800000, 0x00000004a6800000, 0x00000004a7000000|  0%| F|  |TAMS 0x00000004a6800000| PB 0x00000004a6800000| Untracked 
| 334|0x00000004a7000000, 0x00000004a7000000, 0x00000004a7800000|  0%| F|  |TAMS 0x00000004a7000000| PB 0x00000004a7000000| Untracked 
| 335|0x00000004a7800000, 0x00000004a7800000, 0x00000004a8000000|  0%| F|  |TAMS 0x00000004a7800000| PB 0x00000004a7800000| Untracked 
| 336|0x00000004a8000000, 0x00000004a8000000, 0x00000004a8800000|  0%| F|  |TAMS 0x00000004a8000000| PB 0x00000004a8000000| Untracked 
| 337|0x00000004a8800000, 0x00000004a8800000, 0x00000004a9000000|  0%| F|  |TAMS 0x00000004a8800000| PB 0x00000004a8800000| Untracked 
| 338|0x00000004a9000000, 0x00000004a9000000, 0x00000004a9800000|  0%| F|  |TAMS 0x00000004a9000000| PB 0x00000004a9000000| Untracked 
| 339|0x00000004a9800000, 0x00000004a9800000, 0x00000004aa000000|  0%| F|  |TAMS 0x00000004a9800000| PB 0x00000004a9800000| Untracked 
| 340|0x00000004aa000000, 0x00000004aa000000, 0x00000004aa800000|  0%| F|  |TAMS 0x00000004aa000000| PB 0x00000004aa000000| Untracked 
| 341|0x00000004aa800000, 0x00000004aa800000, 0x00000004ab000000|  0%| F|  |TAMS 0x00000004aa800000| PB 0x00000004aa800000| Untracked 
| 342|0x00000004ab000000, 0x00000004ab000000, 0x00000004ab800000|  0%| F|  |TAMS 0x00000004ab000000| PB 0x00000004ab000000| Untracked 
| 343|0x00000004ab800000, 0x00000004ab800000, 0x00000004ac000000|  0%| F|  |TAMS 0x00000004ab800000| PB 0x00000004ab800000| Untracked 
| 344|0x00000004ac000000, 0x00000004ac000000, 0x00000004ac800000|  0%| F|  |TAMS 0x00000004ac000000| PB 0x00000004ac000000| Untracked 
| 345|0x00000004ac800000, 0x00000004ac800000, 0x00000004ad000000|  0%| F|  |TAMS 0x00000004ac800000| PB 0x00000004ac800000| Untracked 
| 346|0x00000004ad000000, 0x00000004ad000000, 0x00000004ad800000|  0%| F|  |TAMS 0x00000004ad000000| PB 0x00000004ad000000| Untracked 
| 347|0x00000004ad800000, 0x00000004ad800000, 0x00000004ae000000|  0%| F|  |TAMS 0x00000004ad800000| PB 0x00000004ad800000| Untracked 
| 348|0x00000004ae000000, 0x00000004ae000000, 0x00000004ae800000|  0%| F|  |TAMS 0x00000004ae000000| PB 0x00000004ae000000| Untracked 
| 349|0x00000004ae800000, 0x00000004ae800000, 0x00000004af000000|  0%| F|  |TAMS 0x00000004ae800000| PB 0x00000004ae800000| Untracked 
| 350|0x00000004af000000, 0x00000004af000000, 0x00000004af800000|  0%| F|  |TAMS 0x00000004af000000| PB 0x00000004af000000| Untracked 
| 351|0x00000004af800000, 0x00000004af800000, 0x00000004b0000000|  0%| F|  |TAMS 0x00000004af800000| PB 0x00000004af800000| Untracked 
| 352|0x00000004b0000000, 0x00000004b0000000, 0x00000004b0800000|  0%| F|  |TAMS 0x00000004b0000000| PB 0x00000004b0000000| Untracked 
| 353|0x00000004b0800000, 0x00000004b0800000, 0x00000004b1000000|  0%| F|  |TAMS 0x00000004b0800000| PB 0x00000004b0800000| Untracked 
| 354|0x00000004b1000000, 0x00000004b1000000, 0x00000004b1800000|  0%| F|  |TAMS 0x00000004b1000000| PB 0x00000004b1000000| Untracked 
| 355|0x00000004b1800000, 0x00000004b1800000, 0x00000004b2000000|  0%| F|  |TAMS 0x00000004b1800000| PB 0x00000004b1800000| Untracked 
| 356|0x00000004b2000000, 0x00000004b2000000, 0x00000004b2800000|  0%| F|  |TAMS 0x00000004b2000000| PB 0x00000004b2000000| Untracked 
| 357|0x00000004b2800000, 0x00000004b2800000, 0x00000004b3000000|  0%| F|  |TAMS 0x00000004b2800000| PB 0x00000004b2800000| Untracked 
| 358|0x00000004b3000000, 0x00000004b3000000, 0x00000004b3800000|  0%| F|  |TAMS 0x00000004b3000000| PB 0x00000004b3000000| Untracked 
| 359|0x00000004b3800000, 0x00000004b3800000, 0x00000004b4000000|  0%| F|  |TAMS 0x00000004b3800000| PB 0x00000004b3800000| Untracked 
| 360|0x00000004b4000000, 0x00000004b4000000, 0x00000004b4800000|  0%| F|  |TAMS 0x00000004b4000000| PB 0x00000004b4000000| Untracked 
| 361|0x00000004b4800000, 0x00000004b5000000, 0x00000004b5000000|100%|HS|  |TAMS 0x00000004b4800000| PB 0x00000004b4800000| Complete 
| 362|0x00000004b5000000, 0x00000004b5800000, 0x00000004b5800000|100%|HC|  |TAMS 0x00000004b5000000| PB 0x00000004b5000000| Complete 
| 363|0x00000004b5800000, 0x00000004b6000000, 0x00000004b6000000|100%|HC|  |TAMS 0x00000004b5800000| PB 0x00000004b5800000| Complete 
| 364|0x00000004b6000000, 0x00000004b6800000, 0x00000004b6800000|100%|HC|  |TAMS 0x00000004b6000000| PB 0x00000004b6000000| Complete 
| 365|0x00000004b6800000, 0x00000004b7000000, 0x00000004b7000000|100%|HC|  |TAMS 0x00000004b6800000| PB 0x00000004b6800000| Complete 
| 366|0x00000004b7000000, 0x00000004b7800000, 0x00000004b7800000|100%|HC|  |TAMS 0x00000004b7000000| PB 0x00000004b7000000| Complete 
| 367|0x00000004b7800000, 0x00000004b8000000, 0x00000004b8000000|100%|HC|  |TAMS 0x00000004b7800000| PB 0x00000004b7800000| Complete 
| 368|0x00000004b8000000, 0x00000004b8800000, 0x00000004b8800000|100%|HC|  |TAMS 0x00000004b8000000| PB 0x00000004b8000000| Complete 
| 369|0x00000004b8800000, 0x00000004b9000000, 0x00000004b9000000|100%|HC|  |TAMS 0x00000004b8800000| PB 0x00000004b8800000| Complete 
| 370|0x00000004b9000000, 0x00000004b9800000, 0x00000004b9800000|100%|HC|  |TAMS 0x00000004b9000000| PB 0x00000004b9000000| Complete 
| 371|0x00000004b9800000, 0x00000004ba000000, 0x00000004ba000000|100%|HC|  |TAMS 0x00000004b9800000| PB 0x00000004b9800000| Complete 
| 372|0x00000004ba000000, 0x00000004ba800000, 0x00000004ba800000|100%|HC|  |TAMS 0x00000004ba000000| PB 0x00000004ba000000| Complete 
| 373|0x00000004ba800000, 0x00000004bb000000, 0x00000004bb000000|100%|HC|  |TAMS 0x00000004ba800000| PB 0x00000004ba800000| Complete 
| 374|0x00000004bb000000, 0x00000004bb800000, 0x00000004bb800000|100%|HC|  |TAMS 0x00000004bb000000| PB 0x00000004bb000000| Complete 
| 375|0x00000004bb800000, 0x00000004bc000000, 0x00000004bc000000|100%|HC|  |TAMS 0x00000004bb800000| PB 0x00000004bb800000| Complete 
| 376|0x00000004bc000000, 0x00000004bc800000, 0x00000004bc800000|100%|HC|  |TAMS 0x00000004bc000000| PB 0x00000004bc000000| Complete 
| 377|0x00000004bc800000, 0x00000004bd000000, 0x00000004bd000000|100%|HC|  |TAMS 0x00000004bc800000| PB 0x00000004bc800000| Complete 
| 378|0x00000004bd000000, 0x00000004bd800000, 0x00000004bd800000|100%|HC|  |TAMS 0x00000004bd000000| PB 0x00000004bd000000| Complete 
| 379|0x00000004bd800000, 0x00000004be000000, 0x00000004be000000|100%|HC|  |TAMS 0x00000004bd800000| PB 0x00000004bd800000| Complete 
| 380|0x00000004be000000, 0x00000004be800000, 0x00000004be800000|100%|HC|  |TAMS 0x00000004be000000| PB 0x00000004be000000| Complete 
| 381|0x00000004be800000, 0x00000004bf000000, 0x00000004bf000000|100%|HC|  |TAMS 0x00000004be800000| PB 0x00000004be800000| Complete 
| 382|0x00000004bf000000, 0x00000004bf800000, 0x00000004bf800000|100%|HC|  |TAMS 0x00000004bf000000| PB 0x00000004bf000000| Complete 
| 383|0x00000004bf800000, 0x00000004c0000000, 0x00000004c0000000|100%|HC|  |TAMS 0x00000004bf800000| PB 0x00000004bf800000| Complete 
| 384|0x00000004c0000000, 0x00000004c0800000, 0x00000004c0800000|100%|HC|  |TAMS 0x00000004c0000000| PB 0x00000004c0000000| Complete 
| 385|0x00000004c0800000, 0x00000004c1000000, 0x00000004c1000000|100%|HC|  |TAMS 0x00000004c0800000| PB 0x00000004c0800000| Complete 
| 386|0x00000004c1000000, 0x00000004c1800000, 0x00000004c1800000|100%|HC|  |TAMS 0x00000004c1000000| PB 0x00000004c1000000| Complete 
| 387|0x00000004c1800000, 0x00000004c2000000, 0x00000004c2000000|100%|HC|  |TAMS 0x00000004c1800000| PB 0x00000004c1800000| Complete 
| 388|0x00000004c2000000, 0x00000004c2800000, 0x00000004c2800000|100%|HC|  |TAMS 0x00000004c2000000| PB 0x00000004c2000000| Complete 
| 389|0x00000004c2800000, 0x00000004c3000000, 0x00000004c3000000|100%|HC|  |TAMS 0x00000004c2800000| PB 0x00000004c2800000| Complete 
| 390|0x00000004c3000000, 0x00000004c3800000, 0x00000004c3800000|100%|HC|  |TAMS 0x00000004c3000000| PB 0x00000004c3000000| Complete 
| 391|0x00000004c3800000, 0x00000004c4000000, 0x00000004c4000000|100%|HC|  |TAMS 0x00000004c3800000| PB 0x00000004c3800000| Complete 
| 392|0x00000004c4000000, 0x00000004c4800000, 0x00000004c4800000|100%|HC|  |TAMS 0x00000004c4000000| PB 0x00000004c4000000| Complete 
| 393|0x00000004c4800000, 0x00000004c5000000, 0x00000004c5000000|100%|HC|  |TAMS 0x00000004c4800000| PB 0x00000004c4800000| Complete 
| 394|0x00000004c5000000, 0x00000004c5800000, 0x00000004c5800000|100%|HC|  |TAMS 0x00000004c5000000| PB 0x00000004c5000000| Complete 
| 395|0x00000004c5800000, 0x00000004c6000000, 0x00000004c6000000|100%|HC|  |TAMS 0x00000004c5800000| PB 0x00000004c5800000| Complete 
| 396|0x00000004c6000000, 0x00000004c6800000, 0x00000004c6800000|100%|HC|  |TAMS 0x00000004c6000000| PB 0x00000004c6000000| Complete 
| 397|0x00000004c6800000, 0x00000004c7000000, 0x00000004c7000000|100%|HC|  |TAMS 0x00000004c6800000| PB 0x00000004c6800000| Complete 
| 398|0x00000004c7000000, 0x00000004c7800000, 0x00000004c7800000|100%|HC|  |TAMS 0x00000004c7000000| PB 0x00000004c7000000| Complete 
| 399|0x00000004c7800000, 0x00000004c8000000, 0x00000004c8000000|100%|HC|  |TAMS 0x00000004c7800000| PB 0x00000004c7800000| Complete 
| 400|0x00000004c8000000, 0x00000004c8800000, 0x00000004c8800000|100%|HC|  |TAMS 0x00000004c8000000| PB 0x00000004c8000000| Complete 
| 401|0x00000004c8800000, 0x00000004c9000000, 0x00000004c9000000|100%|HC|  |TAMS 0x00000004c8800000| PB 0x00000004c8800000| Complete 
| 402|0x00000004c9000000, 0x00000004c9800000, 0x00000004c9800000|100%|HC|  |TAMS 0x00000004c9000000| PB 0x00000004c9000000| Complete 
| 403|0x00000004c9800000, 0x00000004ca000000, 0x00000004ca000000|100%|HC|  |TAMS 0x00000004c9800000| PB 0x00000004c9800000| Complete 
| 404|0x00000004ca000000, 0x00000004ca800000, 0x00000004ca800000|100%|HC|  |TAMS 0x00000004ca000000| PB 0x00000004ca000000| Complete 
| 405|0x00000004ca800000, 0x00000004cb000000, 0x00000004cb000000|100%|HC|  |TAMS 0x00000004ca800000| PB 0x00000004ca800000| Complete 
| 406|0x00000004cb000000, 0x00000004cb800000, 0x00000004cb800000|100%|HC|  |TAMS 0x00000004cb000000| PB 0x00000004cb000000| Complete 
| 407|0x00000004cb800000, 0x00000004cc000000, 0x00000004cc000000|100%|HC|  |TAMS 0x00000004cb800000| PB 0x00000004cb800000| Complete 
| 408|0x00000004cc000000, 0x00000004cc800000, 0x00000004cc800000|100%|HC|  |TAMS 0x00000004cc000000| PB 0x00000004cc000000| Complete 
| 409|0x00000004cc800000, 0x00000004cd000000, 0x00000004cd000000|100%|HC|  |TAMS 0x00000004cc800000| PB 0x00000004cc800000| Complete 
| 410|0x00000004cd000000, 0x00000004cd800000, 0x00000004cd800000|100%|HC|  |TAMS 0x00000004cd000000| PB 0x00000004cd000000| Complete 
| 411|0x00000004cd800000, 0x00000004ce000000, 0x00000004ce000000|100%|HC|  |TAMS 0x00000004cd800000| PB 0x00000004cd800000| Complete 
| 412|0x00000004ce000000, 0x00000004ce800000, 0x00000004ce800000|100%|HC|  |TAMS 0x00000004ce000000| PB 0x00000004ce000000| Complete 
| 413|0x00000004ce800000, 0x00000004cf000000, 0x00000004cf000000|100%|HC|  |TAMS 0x00000004ce800000| PB 0x00000004ce800000| Complete 
| 414|0x00000004cf000000, 0x00000004cf800000, 0x00000004cf800000|100%|HC|  |TAMS 0x00000004cf000000| PB 0x00000004cf000000| Complete 
| 415|0x00000004cf800000, 0x00000004d0000000, 0x00000004d0000000|100%|HC|  |TAMS 0x00000004cf800000| PB 0x00000004cf800000| Complete 
| 416|0x00000004d0000000, 0x00000004d0800000, 0x00000004d0800000|100%|HC|  |TAMS 0x00000004d0000000| PB 0x00000004d0000000| Complete 
| 417|0x00000004d0800000, 0x00000004d1000000, 0x00000004d1000000|100%|HC|  |TAMS 0x00000004d0800000| PB 0x00000004d0800000| Complete 
| 418|0x00000004d1000000, 0x00000004d1800000, 0x00000004d1800000|100%|HC|  |TAMS 0x00000004d1000000| PB 0x00000004d1000000| Complete 
| 419|0x00000004d1800000, 0x00000004d2000000, 0x00000004d2000000|100%|HC|  |TAMS 0x00000004d1800000| PB 0x00000004d1800000| Complete 
| 420|0x00000004d2000000, 0x00000004d2800000, 0x00000004d2800000|100%|HC|  |TAMS 0x00000004d2000000| PB 0x00000004d2000000| Complete 
| 421|0x00000004d2800000, 0x00000004d3000000, 0x00000004d3000000|100%|HC|  |TAMS 0x00000004d2800000| PB 0x00000004d2800000| Complete 
| 422|0x00000004d3000000, 0x00000004d3800000, 0x00000004d3800000|100%|HC|  |TAMS 0x00000004d3000000| PB 0x00000004d3000000| Complete 
| 423|0x00000004d3800000, 0x00000004d4000000, 0x00000004d4000000|100%|HC|  |TAMS 0x00000004d3800000| PB 0x00000004d3800000| Complete 
| 424|0x00000004d4000000, 0x00000004d4800000, 0x00000004d4800000|100%|HC|  |TAMS 0x00000004d4000000| PB 0x00000004d4000000| Complete 
| 425|0x00000004d4800000, 0x00000004d5000000, 0x00000004d5000000|100%|HC|  |TAMS 0x00000004d4800000| PB 0x00000004d4800000| Complete 
| 426|0x00000004d5000000, 0x00000004d5800000, 0x00000004d5800000|100%|HC|  |TAMS 0x00000004d5000000| PB 0x00000004d5000000| Complete 
| 427|0x00000004d5800000, 0x00000004d6000000, 0x00000004d6000000|100%|HC|  |TAMS 0x00000004d5800000| PB 0x00000004d5800000| Complete 
| 428|0x00000004d6000000, 0x00000004d6800000, 0x00000004d6800000|100%|HC|  |TAMS 0x00000004d6000000| PB 0x00000004d6000000| Complete 
| 429|0x00000004d6800000, 0x00000004d7000000, 0x00000004d7000000|100%|HC|  |TAMS 0x00000004d6800000| PB 0x00000004d6800000| Complete 
| 430|0x00000004d7000000, 0x00000004d7800000, 0x00000004d7800000|100%|HS|  |TAMS 0x00000004d7000000| PB 0x00000004d7000000| Complete 
| 431|0x00000004d7800000, 0x00000004d8000000, 0x00000004d8000000|100%|HC|  |TAMS 0x00000004d7800000| PB 0x00000004d7800000| Complete 
| 432|0x00000004d8000000, 0x00000004d8800000, 0x00000004d8800000|100%|HC|  |TAMS 0x00000004d8000000| PB 0x00000004d8000000| Complete 
| 433|0x00000004d8800000, 0x00000004d9000000, 0x00000004d9000000|100%|HC|  |TAMS 0x00000004d8800000| PB 0x00000004d8800000| Complete 
| 434|0x00000004d9000000, 0x00000004d9800000, 0x00000004d9800000|100%|HC|  |TAMS 0x00000004d9000000| PB 0x00000004d9000000| Complete 
| 435|0x00000004d9800000, 0x00000004da000000, 0x00000004da000000|100%|HC|  |TAMS 0x00000004d9800000| PB 0x00000004d9800000| Complete 
| 436|0x00000004da000000, 0x00000004da800000, 0x00000004da800000|100%|HC|  |TAMS 0x00000004da000000| PB 0x00000004da000000| Complete 
| 437|0x00000004da800000, 0x00000004db000000, 0x00000004db000000|100%|HC|  |TAMS 0x00000004da800000| PB 0x00000004da800000| Complete 
| 438|0x00000004db000000, 0x00000004db800000, 0x00000004db800000|100%|HC|  |TAMS 0x00000004db000000| PB 0x00000004db000000| Complete 
| 439|0x00000004db800000, 0x00000004dc000000, 0x00000004dc000000|100%|HC|  |TAMS 0x00000004db800000| PB 0x00000004db800000| Complete 
| 440|0x00000004dc000000, 0x00000004dc800000, 0x00000004dc800000|100%|HC|  |TAMS 0x00000004dc000000| PB 0x00000004dc000000| Complete 
| 441|0x00000004dc800000, 0x00000004dd000000, 0x00000004dd000000|100%|HC|  |TAMS 0x00000004dc800000| PB 0x00000004dc800000| Complete 
| 442|0x00000004dd000000, 0x00000004dd800000, 0x00000004dd800000|100%|HC|  |TAMS 0x00000004dd000000| PB 0x00000004dd000000| Complete 
| 443|0x00000004dd800000, 0x00000004de000000, 0x00000004de000000|100%|HC|  |TAMS 0x00000004dd800000| PB 0x00000004dd800000| Complete 
| 444|0x00000004de000000, 0x00000004de800000, 0x00000004de800000|100%|HC|  |TAMS 0x00000004de000000| PB 0x00000004de000000| Complete 
| 445|0x00000004de800000, 0x00000004df000000, 0x00000004df000000|100%|HC|  |TAMS 0x00000004de800000| PB 0x00000004de800000| Complete 
| 446|0x00000004df000000, 0x00000004df800000, 0x00000004df800000|100%|HC|  |TAMS 0x00000004df000000| PB 0x00000004df000000| Complete 
| 447|0x00000004df800000, 0x00000004e0000000, 0x00000004e0000000|100%|HC|  |TAMS 0x00000004df800000| PB 0x00000004df800000| Complete 
| 448|0x00000004e0000000, 0x00000004e0800000, 0x00000004e0800000|100%|HC|  |TAMS 0x00000004e0000000| PB 0x00000004e0000000| Complete 
| 449|0x00000004e0800000, 0x00000004e1000000, 0x00000004e1000000|100%|HC|  |TAMS 0x00000004e0800000| PB 0x00000004e0800000| Complete 
| 450|0x00000004e1000000, 0x00000004e1800000, 0x00000004e1800000|100%|HC|  |TAMS 0x00000004e1000000| PB 0x00000004e1000000| Complete 
| 451|0x00000004e1800000, 0x00000004e2000000, 0x00000004e2000000|100%|HC|  |TAMS 0x00000004e1800000| PB 0x00000004e1800000| Complete 
| 452|0x00000004e2000000, 0x00000004e2800000, 0x00000004e2800000|100%|HC|  |TAMS 0x00000004e2000000| PB 0x00000004e2000000| Complete 
| 453|0x00000004e2800000, 0x00000004e3000000, 0x00000004e3000000|100%|HC|  |TAMS 0x00000004e2800000| PB 0x00000004e2800000| Complete 
| 454|0x00000004e3000000, 0x00000004e3800000, 0x00000004e3800000|100%|HC|  |TAMS 0x00000004e3000000| PB 0x00000004e3000000| Complete 
| 455|0x00000004e3800000, 0x00000004e4000000, 0x00000004e4000000|100%|HC|  |TAMS 0x00000004e3800000| PB 0x00000004e3800000| Complete 
| 456|0x00000004e4000000, 0x00000004e4800000, 0x00000004e4800000|100%|HC|  |TAMS 0x00000004e4000000| PB 0x00000004e4000000| Complete 
| 457|0x00000004e4800000, 0x00000004e5000000, 0x00000004e5000000|100%|HC|  |TAMS 0x00000004e4800000| PB 0x00000004e4800000| Complete 
| 458|0x00000004e5000000, 0x00000004e5800000, 0x00000004e5800000|100%|HC|  |TAMS 0x00000004e5000000| PB 0x00000004e5000000| Complete 
| 459|0x00000004e5800000, 0x00000004e6000000, 0x00000004e6000000|100%|HC|  |TAMS 0x00000004e5800000| PB 0x00000004e5800000| Complete 
| 460|0x00000004e6000000, 0x00000004e6800000, 0x00000004e6800000|100%|HC|  |TAMS 0x00000004e6000000| PB 0x00000004e6000000| Complete 
| 461|0x00000004e6800000, 0x00000004e7000000, 0x00000004e7000000|100%|HC|  |TAMS 0x00000004e6800000| PB 0x00000004e6800000| Complete 
| 462|0x00000004e7000000, 0x00000004e7800000, 0x00000004e7800000|100%|HC|  |TAMS 0x00000004e7000000| PB 0x00000004e7000000| Complete 
| 463|0x00000004e7800000, 0x00000004e8000000, 0x00000004e8000000|100%|HC|  |TAMS 0x00000004e7800000| PB 0x00000004e7800000| Complete 
| 464|0x00000004e8000000, 0x00000004e8800000, 0x00000004e8800000|100%|HC|  |TAMS 0x00000004e8000000| PB 0x00000004e8000000| Complete 
| 465|0x00000004e8800000, 0x00000004e9000000, 0x00000004e9000000|100%|HC|  |TAMS 0x00000004e8800000| PB 0x00000004e8800000| Complete 
| 466|0x00000004e9000000, 0x00000004e9800000, 0x00000004e9800000|100%|HC|  |TAMS 0x00000004e9000000| PB 0x00000004e9000000| Complete 
| 467|0x00000004e9800000, 0x00000004ea000000, 0x00000004ea000000|100%|HC|  |TAMS 0x00000004e9800000| PB 0x00000004e9800000| Complete 
| 468|0x00000004ea000000, 0x00000004ea800000, 0x00000004ea800000|100%|HC|  |TAMS 0x00000004ea000000| PB 0x00000004ea000000| Complete 
| 469|0x00000004ea800000, 0x00000004eb000000, 0x00000004eb000000|100%|HC|  |TAMS 0x00000004ea800000| PB 0x00000004ea800000| Complete 
| 470|0x00000004eb000000, 0x00000004eb800000, 0x00000004eb800000|100%|HC|  |TAMS 0x00000004eb000000| PB 0x00000004eb000000| Complete 
| 471|0x00000004eb800000, 0x00000004ec000000, 0x00000004ec000000|100%|HC|  |TAMS 0x00000004eb800000| PB 0x00000004eb800000| Complete 
| 472|0x00000004ec000000, 0x00000004ec800000, 0x00000004ec800000|100%|HC|  |TAMS 0x00000004ec000000| PB 0x00000004ec000000| Complete 
| 473|0x00000004ec800000, 0x00000004ed000000, 0x00000004ed000000|100%|HC|  |TAMS 0x00000004ec800000| PB 0x00000004ec800000| Complete 
| 474|0x00000004ed000000, 0x00000004ed800000, 0x00000004ed800000|100%|HC|  |TAMS 0x00000004ed000000| PB 0x00000004ed000000| Complete 
| 475|0x00000004ed800000, 0x00000004ee000000, 0x00000004ee000000|100%|HC|  |TAMS 0x00000004ed800000| PB 0x00000004ed800000| Complete 
| 476|0x00000004ee000000, 0x00000004ee800000, 0x00000004ee800000|100%|HC|  |TAMS 0x00000004ee000000| PB 0x00000004ee000000| Complete 
| 477|0x00000004ee800000, 0x00000004ef000000, 0x00000004ef000000|100%|HC|  |TAMS 0x00000004ee800000| PB 0x00000004ee800000| Complete 
| 478|0x00000004ef000000, 0x00000004ef800000, 0x00000004ef800000|100%|HC|  |TAMS 0x00000004ef000000| PB 0x00000004ef000000| Complete 
| 479|0x00000004ef800000, 0x00000004f0000000, 0x00000004f0000000|100%|HC|  |TAMS 0x00000004ef800000| PB 0x00000004ef800000| Complete 
| 480|0x00000004f0000000, 0x00000004f0800000, 0x00000004f0800000|100%|HC|  |TAMS 0x00000004f0000000| PB 0x00000004f0000000| Complete 
| 481|0x00000004f0800000, 0x00000004f1000000, 0x00000004f1000000|100%|HC|  |TAMS 0x00000004f0800000| PB 0x00000004f0800000| Complete 
| 482|0x00000004f1000000, 0x00000004f1800000, 0x00000004f1800000|100%|HC|  |TAMS 0x00000004f1000000| PB 0x00000004f1000000| Complete 
| 483|0x00000004f1800000, 0x00000004f2000000, 0x00000004f2000000|100%|HC|  |TAMS 0x00000004f1800000| PB 0x00000004f1800000| Complete 
| 484|0x00000004f2000000, 0x00000004f2800000, 0x00000004f2800000|100%|HC|  |TAMS 0x00000004f2000000| PB 0x00000004f2000000| Complete 
| 485|0x00000004f2800000, 0x00000004f3000000, 0x00000004f3000000|100%|HC|  |TAMS 0x00000004f2800000| PB 0x00000004f2800000| Complete 
| 486|0x00000004f3000000, 0x00000004f3800000, 0x00000004f3800000|100%|HC|  |TAMS 0x00000004f3000000| PB 0x00000004f3000000| Complete 
| 487|0x00000004f3800000, 0x00000004f4000000, 0x00000004f4000000|100%|HC|  |TAMS 0x00000004f3800000| PB 0x00000004f3800000| Complete 
| 488|0x00000004f4000000, 0x00000004f4800000, 0x00000004f4800000|100%|HC|  |TAMS 0x00000004f4000000| PB 0x00000004f4000000| Complete 
| 489|0x00000004f4800000, 0x00000004f5000000, 0x00000004f5000000|100%|HC|  |TAMS 0x00000004f4800000| PB 0x00000004f4800000| Complete 
| 490|0x00000004f5000000, 0x00000004f5800000, 0x00000004f5800000|100%|HC|  |TAMS 0x00000004f5000000| PB 0x00000004f5000000| Complete 
| 491|0x00000004f5800000, 0x00000004f6000000, 0x00000004f6000000|100%|HC|  |TAMS 0x00000004f5800000| PB 0x00000004f5800000| Complete 
| 492|0x00000004f6000000, 0x00000004f6800000, 0x00000004f6800000|100%|HC|  |TAMS 0x00000004f6000000| PB 0x00000004f6000000| Complete 
| 493|0x00000004f6800000, 0x00000004f7000000, 0x00000004f7000000|100%|HC|  |TAMS 0x00000004f6800000| PB 0x00000004f6800000| Complete 
| 494|0x00000004f7000000, 0x00000004f7800000, 0x00000004f7800000|100%|HC|  |TAMS 0x00000004f7000000| PB 0x00000004f7000000| Complete 
| 495|0x00000004f7800000, 0x00000004f8000000, 0x00000004f8000000|100%|HC|  |TAMS 0x00000004f7800000| PB 0x00000004f7800000| Complete 
| 496|0x00000004f8000000, 0x00000004f8800000, 0x00000004f8800000|100%|HC|  |TAMS 0x00000004f8000000| PB 0x00000004f8000000| Complete 
| 497|0x00000004f8800000, 0x00000004f9000000, 0x00000004f9000000|100%|HC|  |TAMS 0x00000004f8800000| PB 0x00000004f8800000| Complete 
| 498|0x00000004f9000000, 0x00000004f9800000, 0x00000004f9800000|100%|HC|  |TAMS 0x00000004f9000000| PB 0x00000004f9000000| Complete 
| 499|0x00000004f9800000, 0x00000004fa000000, 0x00000004fa000000|100%|HC|  |TAMS 0x00000004f9800000| PB 0x00000004f9800000| Complete 
| 500|0x00000004fa000000, 0x00000004fa800000, 0x00000004fa800000|100%|HC|  |TAMS 0x00000004fa000000| PB 0x00000004fa000000| Complete 
| 501|0x00000004fa800000, 0x00000004fb000000, 0x00000004fb000000|100%|HC|  |TAMS 0x00000004fa800000| PB 0x00000004fa800000| Complete 
| 502|0x00000004fb000000, 0x00000004fb800000, 0x00000004fb800000|100%|HC|  |TAMS 0x00000004fb000000| PB 0x00000004fb000000| Complete 
| 503|0x00000004fb800000, 0x00000004fc000000, 0x00000004fc000000|100%|HC|  |TAMS 0x00000004fb800000| PB 0x00000004fb800000| Complete 
| 504|0x00000004fc000000, 0x00000004fc800000, 0x00000004fc800000|100%|HC|  |TAMS 0x00000004fc000000| PB 0x00000004fc000000| Complete 
| 505|0x00000004fc800000, 0x00000004fd000000, 0x00000004fd000000|100%|HC|  |TAMS 0x00000004fc800000| PB 0x00000004fc800000| Complete 
| 506|0x00000004fd000000, 0x00000004fd800000, 0x00000004fd800000|100%|HC|  |TAMS 0x00000004fd000000| PB 0x00000004fd000000| Complete 
| 507|0x00000004fd800000, 0x00000004fe000000, 0x00000004fe000000|100%|HC|  |TAMS 0x00000004fd800000| PB 0x00000004fd800000| Complete 
| 508|0x00000004fe000000, 0x00000004fe800000, 0x00000004fe800000|100%|HC|  |TAMS 0x00000004fe000000| PB 0x00000004fe000000| Complete 
| 509|0x00000004fe800000, 0x00000004ff000000, 0x00000004ff000000|100%|HC|  |TAMS 0x00000004fe800000| PB 0x00000004fe800000| Complete 
| 510|0x00000004ff000000, 0x00000004ff800000, 0x00000004ff800000|100%|HC|  |TAMS 0x00000004ff000000| PB 0x00000004ff000000| Complete 
| 511|0x00000004ff800000, 0x0000000500000000, 0x0000000500000000|100%|HC|  |TAMS 0x00000004ff800000| PB 0x00000004ff800000| Complete 
| 512|0x0000000500000000, 0x0000000500800000, 0x0000000500800000|100%|HC|  |TAMS 0x0000000500000000| PB 0x0000000500000000| Complete 
| 513|0x0000000500800000, 0x0000000501000000, 0x0000000501000000|100%|HC|  |TAMS 0x0000000500800000| PB 0x0000000500800000| Complete 
| 514|0x0000000501000000, 0x0000000501800000, 0x0000000501800000|100%|HC|  |TAMS 0x0000000501000000| PB 0x0000000501000000| Complete 
| 515|0x0000000501800000, 0x0000000502000000, 0x0000000502000000|100%|HC|  |TAMS 0x0000000501800000| PB 0x0000000501800000| Complete 
| 516|0x0000000502000000, 0x0000000502800000, 0x0000000502800000|100%|HC|  |TAMS 0x0000000502000000| PB 0x0000000502000000| Complete 
| 517|0x0000000502800000, 0x0000000503000000, 0x0000000503000000|100%|HC|  |TAMS 0x0000000502800000| PB 0x0000000502800000| Complete 
| 518|0x0000000503000000, 0x0000000503800000, 0x0000000503800000|100%|HC|  |TAMS 0x0000000503000000| PB 0x0000000503000000| Complete 
| 519|0x0000000503800000, 0x0000000504000000, 0x0000000504000000|100%|HC|  |TAMS 0x0000000503800000| PB 0x0000000503800000| Complete 
| 520|0x0000000504000000, 0x0000000504800000, 0x0000000504800000|100%|HC|  |TAMS 0x0000000504000000| PB 0x0000000504000000| Complete 
| 521|0x0000000504800000, 0x0000000505000000, 0x0000000505000000|100%|HC|  |TAMS 0x0000000504800000| PB 0x0000000504800000| Complete 
| 522|0x0000000505000000, 0x0000000505800000, 0x0000000505800000|100%|HC|  |TAMS 0x0000000505000000| PB 0x0000000505000000| Complete 
| 523|0x0000000505800000, 0x0000000506000000, 0x0000000506000000|100%|HC|  |TAMS 0x0000000505800000| PB 0x0000000505800000| Complete 
| 524|0x0000000506000000, 0x0000000506800000, 0x0000000506800000|100%|HC|  |TAMS 0x0000000506000000| PB 0x0000000506000000| Complete 
| 525|0x0000000506800000, 0x0000000507000000, 0x0000000507000000|100%|HC|  |TAMS 0x0000000506800000| PB 0x0000000506800000| Complete 
| 526|0x0000000507000000, 0x0000000507800000, 0x0000000507800000|100%|HC|  |TAMS 0x0000000507000000| PB 0x0000000507000000| Complete 
| 527|0x0000000507800000, 0x0000000508000000, 0x0000000508000000|100%|HC|  |TAMS 0x0000000507800000| PB 0x0000000507800000| Complete 
| 528|0x0000000508000000, 0x0000000508800000, 0x0000000508800000|100%|HC|  |TAMS 0x0000000508000000| PB 0x0000000508000000| Complete 
| 529|0x0000000508800000, 0x0000000509000000, 0x0000000509000000|100%|HC|  |TAMS 0x0000000508800000| PB 0x0000000508800000| Complete 
| 530|0x0000000509000000, 0x0000000509800000, 0x0000000509800000|100%|HC|  |TAMS 0x0000000509000000| PB 0x0000000509000000| Complete 
| 531|0x0000000509800000, 0x000000050a000000, 0x000000050a000000|100%|HC|  |TAMS 0x0000000509800000| PB 0x0000000509800000| Complete 
| 532|0x000000050a000000, 0x000000050a800000, 0x000000050a800000|100%|HC|  |TAMS 0x000000050a000000| PB 0x000000050a000000| Complete 
| 533|0x000000050a800000, 0x000000050b000000, 0x000000050b000000|100%|HC|  |TAMS 0x000000050a800000| PB 0x000000050a800000| Complete 
| 534|0x000000050b000000, 0x000000050b800000, 0x000000050b800000|100%|HC|  |TAMS 0x000000050b000000| PB 0x000000050b000000| Complete 
| 535|0x000000050b800000, 0x000000050c000000, 0x000000050c000000|100%|HC|  |TAMS 0x000000050b800000| PB 0x000000050b800000| Complete 
| 536|0x000000050c000000, 0x000000050c800000, 0x000000050c800000|100%|HC|  |TAMS 0x000000050c000000| PB 0x000000050c000000| Complete 
| 537|0x000000050c800000, 0x000000050d000000, 0x000000050d000000|100%|HC|  |TAMS 0x000000050c800000| PB 0x000000050c800000| Complete 
| 538|0x000000050d000000, 0x000000050d800000, 0x000000050d800000|100%|HC|  |TAMS 0x000000050d000000| PB 0x000000050d000000| Complete 
| 539|0x000000050d800000, 0x000000050e000000, 0x000000050e000000|100%|HC|  |TAMS 0x000000050d800000| PB 0x000000050d800000| Complete 
| 540|0x000000050e000000, 0x000000050e800000, 0x000000050e800000|100%|HC|  |TAMS 0x000000050e000000| PB 0x000000050e000000| Complete 
| 541|0x000000050e800000, 0x000000050f000000, 0x000000050f000000|100%|HC|  |TAMS 0x000000050e800000| PB 0x000000050e800000| Complete 
| 542|0x000000050f000000, 0x000000050f800000, 0x000000050f800000|100%|HC|  |TAMS 0x000000050f000000| PB 0x000000050f000000| Complete 
| 543|0x000000050f800000, 0x0000000510000000, 0x0000000510000000|100%|HC|  |TAMS 0x000000050f800000| PB 0x000000050f800000| Complete 
| 544|0x0000000510000000, 0x0000000510800000, 0x0000000510800000|100%|HC|  |TAMS 0x0000000510000000| PB 0x0000000510000000| Complete 
| 545|0x0000000510800000, 0x0000000511000000, 0x0000000511000000|100%|HC|  |TAMS 0x0000000510800000| PB 0x0000000510800000| Complete 
| 546|0x0000000511000000, 0x0000000511800000, 0x0000000511800000|100%|HC|  |TAMS 0x0000000511000000| PB 0x0000000511000000| Complete 
| 547|0x0000000511800000, 0x0000000512000000, 0x0000000512000000|100%|HC|  |TAMS 0x0000000511800000| PB 0x0000000511800000| Complete 
| 548|0x0000000512000000, 0x0000000512800000, 0x0000000512800000|100%|HC|  |TAMS 0x0000000512000000| PB 0x0000000512000000| Complete 
| 549|0x0000000512800000, 0x0000000513000000, 0x0000000513000000|100%|HC|  |TAMS 0x0000000512800000| PB 0x0000000512800000| Complete 
| 550|0x0000000513000000, 0x0000000513800000, 0x0000000513800000|100%|HC|  |TAMS 0x0000000513000000| PB 0x0000000513000000| Complete 
| 551|0x0000000513800000, 0x0000000514000000, 0x0000000514000000|100%|HC|  |TAMS 0x0000000513800000| PB 0x0000000513800000| Complete 
| 552|0x0000000514000000, 0x0000000514800000, 0x0000000514800000|100%|HC|  |TAMS 0x0000000514000000| PB 0x0000000514000000| Complete 
| 553|0x0000000514800000, 0x0000000515000000, 0x0000000515000000|100%|HC|  |TAMS 0x0000000514800000| PB 0x0000000514800000| Complete 
| 554|0x0000000515000000, 0x0000000515800000, 0x0000000515800000|100%|HC|  |TAMS 0x0000000515000000| PB 0x0000000515000000| Complete 
| 555|0x0000000515800000, 0x0000000516000000, 0x0000000516000000|100%|HC|  |TAMS 0x0000000515800000| PB 0x0000000515800000| Complete 
| 556|0x0000000516000000, 0x0000000516800000, 0x0000000516800000|100%|HC|  |TAMS 0x0000000516000000| PB 0x0000000516000000| Complete 
| 557|0x0000000516800000, 0x0000000517000000, 0x0000000517000000|100%|HC|  |TAMS 0x0000000516800000| PB 0x0000000516800000| Complete 
| 558|0x0000000517000000, 0x0000000517800000, 0x0000000517800000|100%|HC|  |TAMS 0x0000000517000000| PB 0x0000000517000000| Complete 
| 559|0x0000000517800000, 0x0000000518000000, 0x0000000518000000|100%|HC|  |TAMS 0x0000000517800000| PB 0x0000000517800000| Complete 
| 560|0x0000000518000000, 0x0000000518800000, 0x0000000518800000|100%|HC|  |TAMS 0x0000000518000000| PB 0x0000000518000000| Complete 
| 561|0x0000000518800000, 0x0000000519000000, 0x0000000519000000|100%|HC|  |TAMS 0x0000000518800000| PB 0x0000000518800000| Complete 
| 562|0x0000000519000000, 0x0000000519800000, 0x0000000519800000|100%|HC|  |TAMS 0x0000000519000000| PB 0x0000000519000000| Complete 
| 563|0x0000000519800000, 0x000000051a000000, 0x000000051a000000|100%|HC|  |TAMS 0x0000000519800000| PB 0x0000000519800000| Complete 
| 564|0x000000051a000000, 0x000000051a800000, 0x000000051a800000|100%|HC|  |TAMS 0x000000051a000000| PB 0x000000051a000000| Complete 
| 565|0x000000051a800000, 0x000000051b000000, 0x000000051b000000|100%|HC|  |TAMS 0x000000051a800000| PB 0x000000051a800000| Complete 
| 566|0x000000051b000000, 0x000000051b800000, 0x000000051b800000|100%|HC|  |TAMS 0x000000051b000000| PB 0x000000051b000000| Complete 
| 567|0x000000051b800000, 0x000000051c000000, 0x000000051c000000|100%|HS|  |TAMS 0x000000051b800000| PB 0x000000051b800000| Complete 
| 568|0x000000051c000000, 0x000000051c800000, 0x000000051c800000|100%|HC|  |TAMS 0x000000051c000000| PB 0x000000051c000000| Complete 
| 569|0x000000051c800000, 0x000000051d000000, 0x000000051d000000|100%|HC|  |TAMS 0x000000051c800000| PB 0x000000051c800000| Complete 
| 570|0x000000051d000000, 0x000000051d800000, 0x000000051d800000|100%|HC|  |TAMS 0x000000051d000000| PB 0x000000051d000000| Complete 
| 571|0x000000051d800000, 0x000000051e000000, 0x000000051e000000|100%|HC|  |TAMS 0x000000051d800000| PB 0x000000051d800000| Complete 
| 572|0x000000051e000000, 0x000000051e800000, 0x000000051e800000|100%|HC|  |TAMS 0x000000051e000000| PB 0x000000051e000000| Complete 
| 573|0x000000051e800000, 0x000000051f000000, 0x000000051f000000|100%|HC|  |TAMS 0x000000051e800000| PB 0x000000051e800000| Complete 
| 574|0x000000051f000000, 0x000000051f800000, 0x000000051f800000|100%|HC|  |TAMS 0x000000051f000000| PB 0x000000051f000000| Complete 
| 575|0x000000051f800000, 0x0000000520000000, 0x0000000520000000|100%|HC|  |TAMS 0x000000051f800000| PB 0x000000051f800000| Complete 
| 576|0x0000000520000000, 0x0000000520800000, 0x0000000520800000|100%|HC|  |TAMS 0x0000000520000000| PB 0x0000000520000000| Complete 
| 577|0x0000000520800000, 0x0000000521000000, 0x0000000521000000|100%|HC|  |TAMS 0x0000000520800000| PB 0x0000000520800000| Complete 
| 578|0x0000000521000000, 0x0000000521800000, 0x0000000521800000|100%|HC|  |TAMS 0x0000000521000000| PB 0x0000000521000000| Complete 
| 579|0x0000000521800000, 0x0000000522000000, 0x0000000522000000|100%|HC|  |TAMS 0x0000000521800000| PB 0x0000000521800000| Complete 
| 580|0x0000000522000000, 0x0000000522800000, 0x0000000522800000|100%|HC|  |TAMS 0x0000000522000000| PB 0x0000000522000000| Complete 
| 581|0x0000000522800000, 0x0000000523000000, 0x0000000523000000|100%|HC|  |TAMS 0x0000000522800000| PB 0x0000000522800000| Complete 
| 582|0x0000000523000000, 0x0000000523800000, 0x0000000523800000|100%|HC|  |TAMS 0x0000000523000000| PB 0x0000000523000000| Complete 
| 583|0x0000000523800000, 0x0000000524000000, 0x0000000524000000|100%|HC|  |TAMS 0x0000000523800000| PB 0x0000000523800000| Complete 
| 584|0x0000000524000000, 0x0000000524800000, 0x0000000524800000|100%|HC|  |TAMS 0x0000000524000000| PB 0x0000000524000000| Complete 
| 585|0x0000000524800000, 0x0000000525000000, 0x0000000525000000|100%|HC|  |TAMS 0x0000000524800000| PB 0x0000000524800000| Complete 
| 586|0x0000000525000000, 0x0000000525800000, 0x0000000525800000|100%|HC|  |TAMS 0x0000000525000000| PB 0x0000000525000000| Complete 
| 587|0x0000000525800000, 0x0000000526000000, 0x0000000526000000|100%|HC|  |TAMS 0x0000000525800000| PB 0x0000000525800000| Complete 
| 588|0x0000000526000000, 0x0000000526800000, 0x0000000526800000|100%|HC|  |TAMS 0x0000000526000000| PB 0x0000000526000000| Complete 
| 589|0x0000000526800000, 0x0000000527000000, 0x0000000527000000|100%|HC|  |TAMS 0x0000000526800000| PB 0x0000000526800000| Complete 
| 590|0x0000000527000000, 0x0000000527800000, 0x0000000527800000|100%|HC|  |TAMS 0x0000000527000000| PB 0x0000000527000000| Complete 
| 591|0x0000000527800000, 0x0000000528000000, 0x0000000528000000|100%|HC|  |TAMS 0x0000000527800000| PB 0x0000000527800000| Complete 
| 592|0x0000000528000000, 0x0000000528800000, 0x0000000528800000|100%|HC|  |TAMS 0x0000000528000000| PB 0x0000000528000000| Complete 
| 593|0x0000000528800000, 0x0000000529000000, 0x0000000529000000|100%|HC|  |TAMS 0x0000000528800000| PB 0x0000000528800000| Complete 
| 594|0x0000000529000000, 0x0000000529800000, 0x0000000529800000|100%|HC|  |TAMS 0x0000000529000000| PB 0x0000000529000000| Complete 
| 595|0x0000000529800000, 0x000000052a000000, 0x000000052a000000|100%|HC|  |TAMS 0x0000000529800000| PB 0x0000000529800000| Complete 
| 596|0x000000052a000000, 0x000000052a800000, 0x000000052a800000|100%|HC|  |TAMS 0x000000052a000000| PB 0x000000052a000000| Complete 
| 597|0x000000052a800000, 0x000000052b000000, 0x000000052b000000|100%|HC|  |TAMS 0x000000052a800000| PB 0x000000052a800000| Complete 
| 598|0x000000052b000000, 0x000000052b800000, 0x000000052b800000|100%|HC|  |TAMS 0x000000052b000000| PB 0x000000052b000000| Complete 
| 599|0x000000052b800000, 0x000000052c000000, 0x000000052c000000|100%|HC|  |TAMS 0x000000052b800000| PB 0x000000052b800000| Complete 
| 600|0x000000052c000000, 0x000000052c800000, 0x000000052c800000|100%|HC|  |TAMS 0x000000052c000000| PB 0x000000052c000000| Complete 
| 601|0x000000052c800000, 0x000000052d000000, 0x000000052d000000|100%|HC|  |TAMS 0x000000052c800000| PB 0x000000052c800000| Complete 
| 602|0x000000052d000000, 0x000000052d800000, 0x000000052d800000|100%|HC|  |TAMS 0x000000052d000000| PB 0x000000052d000000| Complete 
| 603|0x000000052d800000, 0x000000052e000000, 0x000000052e000000|100%|HC|  |TAMS 0x000000052d800000| PB 0x000000052d800000| Complete 
| 604|0x000000052e000000, 0x000000052e800000, 0x000000052e800000|100%|HC|  |TAMS 0x000000052e000000| PB 0x000000052e000000| Complete 
| 605|0x000000052e800000, 0x000000052f000000, 0x000000052f000000|100%|HC|  |TAMS 0x000000052e800000| PB 0x000000052e800000| Complete 
| 606|0x000000052f000000, 0x000000052f800000, 0x000000052f800000|100%|HC|  |TAMS 0x000000052f000000| PB 0x000000052f000000| Complete 
| 607|0x000000052f800000, 0x0000000530000000, 0x0000000530000000|100%|HC|  |TAMS 0x000000052f800000| PB 0x000000052f800000| Complete 
| 608|0x0000000530000000, 0x0000000530800000, 0x0000000530800000|100%|HC|  |TAMS 0x0000000530000000| PB 0x0000000530000000| Complete 
| 609|0x0000000530800000, 0x0000000531000000, 0x0000000531000000|100%|HC|  |TAMS 0x0000000530800000| PB 0x0000000530800000| Complete 
| 610|0x0000000531000000, 0x0000000531800000, 0x0000000531800000|100%|HC|  |TAMS 0x0000000531000000| PB 0x0000000531000000| Complete 
| 611|0x0000000531800000, 0x0000000532000000, 0x0000000532000000|100%|HC|  |TAMS 0x0000000531800000| PB 0x0000000531800000| Complete 
| 612|0x0000000532000000, 0x0000000532800000, 0x0000000532800000|100%|HC|  |TAMS 0x0000000532000000| PB 0x0000000532000000| Complete 
| 613|0x0000000532800000, 0x0000000533000000, 0x0000000533000000|100%|HC|  |TAMS 0x0000000532800000| PB 0x0000000532800000| Complete 
| 614|0x0000000533000000, 0x0000000533800000, 0x0000000533800000|100%|HC|  |TAMS 0x0000000533000000| PB 0x0000000533000000| Complete 
| 615|0x0000000533800000, 0x0000000534000000, 0x0000000534000000|100%|HC|  |TAMS 0x0000000533800000| PB 0x0000000533800000| Complete 
| 616|0x0000000534000000, 0x0000000534800000, 0x0000000534800000|100%|HC|  |TAMS 0x0000000534000000| PB 0x0000000534000000| Complete 
| 617|0x0000000534800000, 0x0000000535000000, 0x0000000535000000|100%|HC|  |TAMS 0x0000000534800000| PB 0x0000000534800000| Complete 
| 618|0x0000000535000000, 0x0000000535800000, 0x0000000535800000|100%|HC|  |TAMS 0x0000000535000000| PB 0x0000000535000000| Complete 
| 619|0x0000000535800000, 0x0000000536000000, 0x0000000536000000|100%|HC|  |TAMS 0x0000000535800000| PB 0x0000000535800000| Complete 
| 620|0x0000000536000000, 0x0000000536800000, 0x0000000536800000|100%|HC|  |TAMS 0x0000000536000000| PB 0x0000000536000000| Complete 
| 621|0x0000000536800000, 0x0000000537000000, 0x0000000537000000|100%|HC|  |TAMS 0x0000000536800000| PB 0x0000000536800000| Complete 
| 622|0x0000000537000000, 0x0000000537800000, 0x0000000537800000|100%|HC|  |TAMS 0x0000000537000000| PB 0x0000000537000000| Complete 
| 623|0x0000000537800000, 0x0000000538000000, 0x0000000538000000|100%|HC|  |TAMS 0x0000000537800000| PB 0x0000000537800000| Complete 
| 624|0x0000000538000000, 0x0000000538800000, 0x0000000538800000|100%|HS|  |TAMS 0x0000000538000000| PB 0x0000000538000000| Complete 
| 625|0x0000000538800000, 0x0000000539000000, 0x0000000539000000|100%|HC|  |TAMS 0x0000000538800000| PB 0x0000000538800000| Complete 
| 626|0x0000000539000000, 0x0000000539800000, 0x0000000539800000|100%|HC|  |TAMS 0x0000000539000000| PB 0x0000000539000000| Complete 
| 627|0x0000000539800000, 0x000000053a000000, 0x000000053a000000|100%|HC|  |TAMS 0x0000000539800000| PB 0x0000000539800000| Complete 
| 628|0x000000053a000000, 0x000000053a800000, 0x000000053a800000|100%|HC|  |TAMS 0x000000053a000000| PB 0x000000053a000000| Complete 
| 629|0x000000053a800000, 0x000000053b000000, 0x000000053b000000|100%|HC|  |TAMS 0x000000053a800000| PB 0x000000053a800000| Complete 
| 630|0x000000053b000000, 0x000000053b800000, 0x000000053b800000|100%|HC|  |TAMS 0x000000053b000000| PB 0x000000053b000000| Complete 
| 631|0x000000053b800000, 0x000000053c000000, 0x000000053c000000|100%|HC|  |TAMS 0x000000053b800000| PB 0x000000053b800000| Complete 
| 632|0x000000053c000000, 0x000000053c800000, 0x000000053c800000|100%|HC|  |TAMS 0x000000053c000000| PB 0x000000053c000000| Complete 
| 633|0x000000053c800000, 0x000000053d000000, 0x000000053d000000|100%|HC|  |TAMS 0x000000053c800000| PB 0x000000053c800000| Complete 
| 634|0x000000053d000000, 0x000000053d800000, 0x000000053d800000|100%|HC|  |TAMS 0x000000053d000000| PB 0x000000053d000000| Complete 
| 635|0x000000053d800000, 0x000000053e000000, 0x000000053e000000|100%|HC|  |TAMS 0x000000053d800000| PB 0x000000053d800000| Complete 
| 636|0x000000053e000000, 0x000000053e800000, 0x000000053e800000|100%|HC|  |TAMS 0x000000053e000000| PB 0x000000053e000000| Complete 
| 637|0x000000053e800000, 0x000000053f000000, 0x000000053f000000|100%|HC|  |TAMS 0x000000053e800000| PB 0x000000053e800000| Complete 
| 638|0x000000053f000000, 0x000000053f800000, 0x000000053f800000|100%|HC|  |TAMS 0x000000053f000000| PB 0x000000053f000000| Complete 
| 639|0x000000053f800000, 0x0000000540000000, 0x0000000540000000|100%|HC|  |TAMS 0x000000053f800000| PB 0x000000053f800000| Complete 
| 640|0x0000000540000000, 0x0000000540800000, 0x0000000540800000|100%|HC|  |TAMS 0x0000000540000000| PB 0x0000000540000000| Complete 
| 641|0x0000000540800000, 0x0000000541000000, 0x0000000541000000|100%|HC|  |TAMS 0x0000000540800000| PB 0x0000000540800000| Complete 
| 642|0x0000000541000000, 0x0000000541800000, 0x0000000541800000|100%|HC|  |TAMS 0x0000000541000000| PB 0x0000000541000000| Complete 
| 643|0x0000000541800000, 0x0000000542000000, 0x0000000542000000|100%|HC|  |TAMS 0x0000000541800000| PB 0x0000000541800000| Complete 
| 644|0x0000000542000000, 0x0000000542800000, 0x0000000542800000|100%|HC|  |TAMS 0x0000000542000000| PB 0x0000000542000000| Complete 
| 645|0x0000000542800000, 0x0000000543000000, 0x0000000543000000|100%|HC|  |TAMS 0x0000000542800000| PB 0x0000000542800000| Complete 
| 646|0x0000000543000000, 0x0000000543800000, 0x0000000543800000|100%|HC|  |TAMS 0x0000000543000000| PB 0x0000000543000000| Complete 
| 647|0x0000000543800000, 0x0000000544000000, 0x0000000544000000|100%|HC|  |TAMS 0x0000000543800000| PB 0x0000000543800000| Complete 
| 648|0x0000000544000000, 0x0000000544800000, 0x0000000544800000|100%|HC|  |TAMS 0x0000000544000000| PB 0x0000000544000000| Complete 
| 649|0x0000000544800000, 0x0000000545000000, 0x0000000545000000|100%|HC|  |TAMS 0x0000000544800000| PB 0x0000000544800000| Complete 
| 650|0x0000000545000000, 0x0000000545800000, 0x0000000545800000|100%|HC|  |TAMS 0x0000000545000000| PB 0x0000000545000000| Complete 
| 651|0x0000000545800000, 0x0000000546000000, 0x0000000546000000|100%|HC|  |TAMS 0x0000000545800000| PB 0x0000000545800000| Complete 
| 652|0x0000000546000000, 0x0000000546800000, 0x0000000546800000|100%|HC|  |TAMS 0x0000000546000000| PB 0x0000000546000000| Complete 
| 653|0x0000000546800000, 0x0000000547000000, 0x0000000547000000|100%|HC|  |TAMS 0x0000000546800000| PB 0x0000000546800000| Complete 
| 654|0x0000000547000000, 0x0000000547800000, 0x0000000547800000|100%|HC|  |TAMS 0x0000000547000000| PB 0x0000000547000000| Complete 
| 655|0x0000000547800000, 0x0000000548000000, 0x0000000548000000|100%|HC|  |TAMS 0x0000000547800000| PB 0x0000000547800000| Complete 
| 656|0x0000000548000000, 0x0000000548800000, 0x0000000548800000|100%|HC|  |TAMS 0x0000000548000000| PB 0x0000000548000000| Complete 
| 657|0x0000000548800000, 0x0000000549000000, 0x0000000549000000|100%|HC|  |TAMS 0x0000000548800000| PB 0x0000000548800000| Complete 
| 658|0x0000000549000000, 0x0000000549800000, 0x0000000549800000|100%|HC|  |TAMS 0x0000000549000000| PB 0x0000000549000000| Complete 
| 659|0x0000000549800000, 0x000000054a000000, 0x000000054a000000|100%|HC|  |TAMS 0x0000000549800000| PB 0x0000000549800000| Complete 
| 660|0x000000054a000000, 0x000000054a800000, 0x000000054a800000|100%|HC|  |TAMS 0x000000054a000000| PB 0x000000054a000000| Complete 
| 661|0x000000054a800000, 0x000000054b000000, 0x000000054b000000|100%|HC|  |TAMS 0x000000054a800000| PB 0x000000054a800000| Complete 
| 662|0x000000054b000000, 0x000000054b800000, 0x000000054b800000|100%|HC|  |TAMS 0x000000054b000000| PB 0x000000054b000000| Complete 
| 663|0x000000054b800000, 0x000000054c000000, 0x000000054c000000|100%|HC|  |TAMS 0x000000054b800000| PB 0x000000054b800000| Complete 
| 664|0x000000054c000000, 0x000000054c800000, 0x000000054c800000|100%|HC|  |TAMS 0x000000054c000000| PB 0x000000054c000000| Complete 
| 665|0x000000054c800000, 0x000000054d000000, 0x000000054d000000|100%|HC|  |TAMS 0x000000054c800000| PB 0x000000054c800000| Complete 
| 666|0x000000054d000000, 0x000000054d800000, 0x000000054d800000|100%|HC|  |TAMS 0x000000054d000000| PB 0x000000054d000000| Complete 
| 667|0x000000054d800000, 0x000000054e000000, 0x000000054e000000|100%|HC|  |TAMS 0x000000054d800000| PB 0x000000054d800000| Complete 
| 668|0x000000054e000000, 0x000000054e800000, 0x000000054e800000|100%|HC|  |TAMS 0x000000054e000000| PB 0x000000054e000000| Complete 
| 669|0x000000054e800000, 0x000000054f000000, 0x000000054f000000|100%|HC|  |TAMS 0x000000054e800000| PB 0x000000054e800000| Complete 
| 670|0x000000054f000000, 0x000000054f800000, 0x000000054f800000|100%|HC|  |TAMS 0x000000054f000000| PB 0x000000054f000000| Complete 
| 671|0x000000054f800000, 0x0000000550000000, 0x0000000550000000|100%|HC|  |TAMS 0x000000054f800000| PB 0x000000054f800000| Complete 
| 672|0x0000000550000000, 0x0000000550800000, 0x0000000550800000|100%|HC|  |TAMS 0x0000000550000000| PB 0x0000000550000000| Complete 
| 673|0x0000000550800000, 0x0000000551000000, 0x0000000551000000|100%|HC|  |TAMS 0x0000000550800000| PB 0x0000000550800000| Complete 
| 674|0x0000000551000000, 0x0000000551800000, 0x0000000551800000|100%|HC|  |TAMS 0x0000000551000000| PB 0x0000000551000000| Complete 
| 675|0x0000000551800000, 0x0000000552000000, 0x0000000552000000|100%|HC|  |TAMS 0x0000000551800000| PB 0x0000000551800000| Complete 
| 676|0x0000000552000000, 0x0000000552800000, 0x0000000552800000|100%|HC|  |TAMS 0x0000000552000000| PB 0x0000000552000000| Complete 
| 677|0x0000000552800000, 0x0000000553000000, 0x0000000553000000|100%|HC|  |TAMS 0x0000000552800000| PB 0x0000000552800000| Complete 
| 678|0x0000000553000000, 0x0000000553800000, 0x0000000553800000|100%|HC|  |TAMS 0x0000000553000000| PB 0x0000000553000000| Complete 
| 679|0x0000000553800000, 0x0000000554000000, 0x0000000554000000|100%|HC|  |TAMS 0x0000000553800000| PB 0x0000000553800000| Complete 
| 680|0x0000000554000000, 0x0000000554800000, 0x0000000554800000|100%|HC|  |TAMS 0x0000000554000000| PB 0x0000000554000000| Complete 
| 681|0x0000000554800000, 0x0000000555000000, 0x0000000555000000|100%|HC|  |TAMS 0x0000000554800000| PB 0x0000000554800000| Complete 
| 682|0x0000000555000000, 0x0000000555800000, 0x0000000555800000|100%|HC|  |TAMS 0x0000000555000000| PB 0x0000000555000000| Complete 
| 683|0x0000000555800000, 0x0000000556000000, 0x0000000556000000|100%|HC|  |TAMS 0x0000000555800000| PB 0x0000000555800000| Complete 
| 684|0x0000000556000000, 0x0000000556800000, 0x0000000556800000|100%|HC|  |TAMS 0x0000000556000000| PB 0x0000000556000000| Complete 
| 685|0x0000000556800000, 0x0000000557000000, 0x0000000557000000|100%|HC|  |TAMS 0x0000000556800000| PB 0x0000000556800000| Complete 
| 686|0x0000000557000000, 0x0000000557800000, 0x0000000557800000|100%|HC|  |TAMS 0x0000000557000000| PB 0x0000000557000000| Complete 
| 687|0x0000000557800000, 0x0000000558000000, 0x0000000558000000|100%|HC|  |TAMS 0x0000000557800000| PB 0x0000000557800000| Complete 
| 688|0x0000000558000000, 0x0000000558800000, 0x0000000558800000|100%|HC|  |TAMS 0x0000000558000000| PB 0x0000000558000000| Complete 
| 689|0x0000000558800000, 0x0000000559000000, 0x0000000559000000|100%|HC|  |TAMS 0x0000000558800000| PB 0x0000000558800000| Complete 
| 690|0x0000000559000000, 0x0000000559800000, 0x0000000559800000|100%|HC|  |TAMS 0x0000000559000000| PB 0x0000000559000000| Complete 
| 691|0x0000000559800000, 0x000000055a000000, 0x000000055a000000|100%|HC|  |TAMS 0x0000000559800000| PB 0x0000000559800000| Complete 
| 692|0x000000055a000000, 0x000000055a800000, 0x000000055a800000|100%|HC|  |TAMS 0x000000055a000000| PB 0x000000055a000000| Complete 
| 693|0x000000055a800000, 0x000000055b000000, 0x000000055b000000|100%|HC|  |TAMS 0x000000055a800000| PB 0x000000055a800000| Complete 
| 694|0x000000055b000000, 0x000000055b800000, 0x000000055b800000|100%|HC|  |TAMS 0x000000055b000000| PB 0x000000055b000000| Complete 
| 695|0x000000055b800000, 0x000000055c000000, 0x000000055c000000|100%|HC|  |TAMS 0x000000055b800000| PB 0x000000055b800000| Complete 
| 696|0x000000055c000000, 0x000000055c800000, 0x000000055c800000|100%|HC|  |TAMS 0x000000055c000000| PB 0x000000055c000000| Complete 
| 697|0x000000055c800000, 0x000000055d000000, 0x000000055d000000|100%|HC|  |TAMS 0x000000055c800000| PB 0x000000055c800000| Complete 
| 698|0x000000055d000000, 0x000000055d800000, 0x000000055d800000|100%|HC|  |TAMS 0x000000055d000000| PB 0x000000055d000000| Complete 
| 699|0x000000055d800000, 0x000000055e000000, 0x000000055e000000|100%|HC|  |TAMS 0x000000055d800000| PB 0x000000055d800000| Complete 
| 700|0x000000055e000000, 0x000000055e800000, 0x000000055e800000|100%|HC|  |TAMS 0x000000055e000000| PB 0x000000055e000000| Complete 
| 701|0x000000055e800000, 0x000000055f000000, 0x000000055f000000|100%|HC|  |TAMS 0x000000055e800000| PB 0x000000055e800000| Complete 
| 702|0x000000055f000000, 0x000000055f800000, 0x000000055f800000|100%|HC|  |TAMS 0x000000055f000000| PB 0x000000055f000000| Complete 
| 703|0x000000055f800000, 0x0000000560000000, 0x0000000560000000|100%|HC|  |TAMS 0x000000055f800000| PB 0x000000055f800000| Complete 
| 704|0x0000000560000000, 0x0000000560800000, 0x0000000560800000|100%|HC|  |TAMS 0x0000000560000000| PB 0x0000000560000000| Complete 
| 705|0x0000000560800000, 0x0000000561000000, 0x0000000561000000|100%|HC|  |TAMS 0x0000000560800000| PB 0x0000000560800000| Complete 
| 706|0x0000000561000000, 0x0000000561800000, 0x0000000561800000|100%|HC|  |TAMS 0x0000000561000000| PB 0x0000000561000000| Complete 
| 707|0x0000000561800000, 0x0000000562000000, 0x0000000562000000|100%|HC|  |TAMS 0x0000000561800000| PB 0x0000000561800000| Complete 
| 708|0x0000000562000000, 0x0000000562800000, 0x0000000562800000|100%|HC|  |TAMS 0x0000000562000000| PB 0x0000000562000000| Complete 
| 709|0x0000000562800000, 0x0000000563000000, 0x0000000563000000|100%|HC|  |TAMS 0x0000000562800000| PB 0x0000000562800000| Complete 
| 710|0x0000000563000000, 0x0000000563800000, 0x0000000563800000|100%|HC|  |TAMS 0x0000000563000000| PB 0x0000000563000000| Complete 
| 711|0x0000000563800000, 0x0000000564000000, 0x0000000564000000|100%|HC|  |TAMS 0x0000000563800000| PB 0x0000000563800000| Complete 
| 712|0x0000000564000000, 0x0000000564800000, 0x0000000564800000|100%|HC|  |TAMS 0x0000000564000000| PB 0x0000000564000000| Complete 
| 713|0x0000000564800000, 0x0000000565000000, 0x0000000565000000|100%|HC|  |TAMS 0x0000000564800000| PB 0x0000000564800000| Complete 
| 714|0x0000000565000000, 0x0000000565800000, 0x0000000565800000|100%|HC|  |TAMS 0x0000000565000000| PB 0x0000000565000000| Complete 
| 715|0x0000000565800000, 0x0000000566000000, 0x0000000566000000|100%|HC|  |TAMS 0x0000000565800000| PB 0x0000000565800000| Complete 
| 716|0x0000000566000000, 0x0000000566800000, 0x0000000566800000|100%|HC|  |TAMS 0x0000000566000000| PB 0x0000000566000000| Complete 
| 717|0x0000000566800000, 0x0000000567000000, 0x0000000567000000|100%|HC|  |TAMS 0x0000000566800000| PB 0x0000000566800000| Complete 
| 718|0x0000000567000000, 0x0000000567800000, 0x0000000567800000|100%|HC|  |TAMS 0x0000000567000000| PB 0x0000000567000000| Complete 
| 719|0x0000000567800000, 0x0000000568000000, 0x0000000568000000|100%|HC|  |TAMS 0x0000000567800000| PB 0x0000000567800000| Complete 
| 720|0x0000000568000000, 0x0000000568800000, 0x0000000568800000|100%|HC|  |TAMS 0x0000000568000000| PB 0x0000000568000000| Complete 
| 721|0x0000000568800000, 0x0000000569000000, 0x0000000569000000|100%|HC|  |TAMS 0x0000000568800000| PB 0x0000000568800000| Complete 
| 722|0x0000000569000000, 0x0000000569800000, 0x0000000569800000|100%|HC|  |TAMS 0x0000000569000000| PB 0x0000000569000000| Complete 
| 723|0x0000000569800000, 0x000000056a000000, 0x000000056a000000|100%|HC|  |TAMS 0x0000000569800000| PB 0x0000000569800000| Complete 
| 724|0x000000056a000000, 0x000000056a800000, 0x000000056a800000|100%|HC|  |TAMS 0x000000056a000000| PB 0x000000056a000000| Complete 
| 725|0x000000056a800000, 0x000000056b000000, 0x000000056b000000|100%|HC|  |TAMS 0x000000056a800000| PB 0x000000056a800000| Complete 
| 726|0x000000056b000000, 0x000000056b800000, 0x000000056b800000|100%|HC|  |TAMS 0x000000056b000000| PB 0x000000056b000000| Complete 
| 727|0x000000056b800000, 0x000000056c000000, 0x000000056c000000|100%|HC|  |TAMS 0x000000056b800000| PB 0x000000056b800000| Complete 
| 728|0x000000056c000000, 0x000000056c800000, 0x000000056c800000|100%|HC|  |TAMS 0x000000056c000000| PB 0x000000056c000000| Complete 
| 729|0x000000056c800000, 0x000000056d000000, 0x000000056d000000|100%|HC|  |TAMS 0x000000056c800000| PB 0x000000056c800000| Complete 
| 730|0x000000056d000000, 0x000000056d800000, 0x000000056d800000|100%|HC|  |TAMS 0x000000056d000000| PB 0x000000056d000000| Complete 
| 731|0x000000056d800000, 0x000000056e000000, 0x000000056e000000|100%|HC|  |TAMS 0x000000056d800000| PB 0x000000056d800000| Complete 
| 732|0x000000056e000000, 0x000000056e800000, 0x000000056e800000|100%|HC|  |TAMS 0x000000056e000000| PB 0x000000056e000000| Complete 
| 733|0x000000056e800000, 0x000000056f000000, 0x000000056f000000|100%|HC|  |TAMS 0x000000056e800000| PB 0x000000056e800000| Complete 
| 734|0x000000056f000000, 0x000000056f800000, 0x000000056f800000|100%|HC|  |TAMS 0x000000056f000000| PB 0x000000056f000000| Complete 
| 735|0x000000056f800000, 0x0000000570000000, 0x0000000570000000|100%|HC|  |TAMS 0x000000056f800000| PB 0x000000056f800000| Complete 
| 736|0x0000000570000000, 0x0000000570800000, 0x0000000570800000|100%|HC|  |TAMS 0x0000000570000000| PB 0x0000000570000000| Complete 
| 737|0x0000000570800000, 0x0000000571000000, 0x0000000571000000|100%|HC|  |TAMS 0x0000000570800000| PB 0x0000000570800000| Complete 
| 738|0x0000000571000000, 0x0000000571800000, 0x0000000571800000|100%|HC|  |TAMS 0x0000000571000000| PB 0x0000000571000000| Complete 
| 739|0x0000000571800000, 0x0000000572000000, 0x0000000572000000|100%|HC|  |TAMS 0x0000000571800000| PB 0x0000000571800000| Complete 
| 740|0x0000000572000000, 0x0000000572800000, 0x0000000572800000|100%|HC|  |TAMS 0x0000000572000000| PB 0x0000000572000000| Complete 
| 741|0x0000000572800000, 0x0000000573000000, 0x0000000573000000|100%|HC|  |TAMS 0x0000000572800000| PB 0x0000000572800000| Complete 
| 742|0x0000000573000000, 0x0000000573800000, 0x0000000573800000|100%|HC|  |TAMS 0x0000000573000000| PB 0x0000000573000000| Complete 
| 743|0x0000000573800000, 0x0000000574000000, 0x0000000574000000|100%|HC|  |TAMS 0x0000000573800000| PB 0x0000000573800000| Complete 
| 744|0x0000000574000000, 0x0000000574800000, 0x0000000574800000|100%|HC|  |TAMS 0x0000000574000000| PB 0x0000000574000000| Complete 
| 745|0x0000000574800000, 0x0000000575000000, 0x0000000575000000|100%|HC|  |TAMS 0x0000000574800000| PB 0x0000000574800000| Complete 
| 746|0x0000000575000000, 0x0000000575800000, 0x0000000575800000|100%|HC|  |TAMS 0x0000000575000000| PB 0x0000000575000000| Complete 
| 747|0x0000000575800000, 0x0000000576000000, 0x0000000576000000|100%|HC|  |TAMS 0x0000000575800000| PB 0x0000000575800000| Complete 
| 748|0x0000000576000000, 0x0000000576800000, 0x0000000576800000|100%|HC|  |TAMS 0x0000000576000000| PB 0x0000000576000000| Complete 
| 749|0x0000000576800000, 0x0000000577000000, 0x0000000577000000|100%|HC|  |TAMS 0x0000000576800000| PB 0x0000000576800000| Complete 
| 750|0x0000000577000000, 0x0000000577800000, 0x0000000577800000|100%|HC|  |TAMS 0x0000000577000000| PB 0x0000000577000000| Complete 
| 751|0x0000000577800000, 0x0000000578000000, 0x0000000578000000|100%|HC|  |TAMS 0x0000000577800000| PB 0x0000000577800000| Complete 
| 752|0x0000000578000000, 0x0000000578800000, 0x0000000578800000|100%|HC|  |TAMS 0x0000000578000000| PB 0x0000000578000000| Complete 
| 753|0x0000000578800000, 0x0000000579000000, 0x0000000579000000|100%|HC|  |TAMS 0x0000000578800000| PB 0x0000000578800000| Complete 
| 754|0x0000000579000000, 0x0000000579800000, 0x0000000579800000|100%|HC|  |TAMS 0x0000000579000000| PB 0x0000000579000000| Complete 
| 755|0x0000000579800000, 0x000000057a000000, 0x000000057a000000|100%|HC|  |TAMS 0x0000000579800000| PB 0x0000000579800000| Complete 
| 756|0x000000057a000000, 0x000000057a800000, 0x000000057a800000|100%|HC|  |TAMS 0x000000057a000000| PB 0x000000057a000000| Complete 
| 757|0x000000057a800000, 0x000000057b000000, 0x000000057b000000|100%|HC|  |TAMS 0x000000057a800000| PB 0x000000057a800000| Complete 
| 758|0x000000057b000000, 0x000000057b800000, 0x000000057b800000|100%|HC|  |TAMS 0x000000057b000000| PB 0x000000057b000000| Complete 
| 759|0x000000057b800000, 0x000000057c000000, 0x000000057c000000|100%|HC|  |TAMS 0x000000057b800000| PB 0x000000057b800000| Complete 
| 760|0x000000057c000000, 0x000000057c800000, 0x000000057c800000|100%|HC|  |TAMS 0x000000057c000000| PB 0x000000057c000000| Complete 
| 761|0x000000057c800000, 0x000000057d000000, 0x000000057d000000|100%|HC|  |TAMS 0x000000057c800000| PB 0x000000057c800000| Complete 
| 762|0x000000057d000000, 0x000000057d800000, 0x000000057d800000|100%|HC|  |TAMS 0x000000057d000000| PB 0x000000057d000000| Complete 
| 763|0x000000057d800000, 0x000000057e000000, 0x000000057e000000|100%|HC|  |TAMS 0x000000057d800000| PB 0x000000057d800000| Complete 
| 764|0x000000057e000000, 0x000000057e800000, 0x000000057e800000|100%|HC|  |TAMS 0x000000057e000000| PB 0x000000057e000000| Complete 
| 765|0x000000057e800000, 0x000000057f000000, 0x000000057f000000|100%|HC|  |TAMS 0x000000057e800000| PB 0x000000057e800000| Complete 
| 766|0x000000057f000000, 0x000000057f800000, 0x000000057f800000|100%|HC|  |TAMS 0x000000057f000000| PB 0x000000057f000000| Complete 
| 767|0x000000057f800000, 0x0000000580000000, 0x0000000580000000|100%|HC|  |TAMS 0x000000057f800000| PB 0x000000057f800000| Complete 
| 768|0x0000000580000000, 0x0000000580800000, 0x0000000580800000|100%|HC|  |TAMS 0x0000000580000000| PB 0x0000000580000000| Complete 
| 769|0x0000000580800000, 0x0000000581000000, 0x0000000581000000|100%|HC|  |TAMS 0x0000000580800000| PB 0x0000000580800000| Complete 
| 770|0x0000000581000000, 0x0000000581800000, 0x0000000581800000|100%|HC|  |TAMS 0x0000000581000000| PB 0x0000000581000000| Complete 
| 771|0x0000000581800000, 0x0000000582000000, 0x0000000582000000|100%|HC|  |TAMS 0x0000000581800000| PB 0x0000000581800000| Complete 
| 772|0x0000000582000000, 0x0000000582800000, 0x0000000582800000|100%|HC|  |TAMS 0x0000000582000000| PB 0x0000000582000000| Complete 
| 773|0x0000000582800000, 0x0000000583000000, 0x0000000583000000|100%|HC|  |TAMS 0x0000000582800000| PB 0x0000000582800000| Complete 
| 774|0x0000000583000000, 0x0000000583800000, 0x0000000583800000|100%|HC|  |TAMS 0x0000000583000000| PB 0x0000000583000000| Complete 
| 775|0x0000000583800000, 0x0000000584000000, 0x0000000584000000|100%|HC|  |TAMS 0x0000000583800000| PB 0x0000000583800000| Complete 
| 776|0x0000000584000000, 0x0000000584800000, 0x0000000584800000|100%|HC|  |TAMS 0x0000000584000000| PB 0x0000000584000000| Complete 
| 777|0x0000000584800000, 0x0000000585000000, 0x0000000585000000|100%|HC|  |TAMS 0x0000000584800000| PB 0x0000000584800000| Complete 
| 778|0x0000000585000000, 0x0000000585800000, 0x0000000585800000|100%|HC|  |TAMS 0x0000000585000000| PB 0x0000000585000000| Complete 
| 779|0x0000000585800000, 0x0000000586000000, 0x0000000586000000|100%|HC|  |TAMS 0x0000000585800000| PB 0x0000000585800000| Complete 
| 780|0x0000000586000000, 0x0000000586800000, 0x0000000586800000|100%|HC|  |TAMS 0x0000000586000000| PB 0x0000000586000000| Complete 
| 781|0x0000000586800000, 0x0000000587000000, 0x0000000587000000|100%|HC|  |TAMS 0x0000000586800000| PB 0x0000000586800000| Complete 
| 782|0x0000000587000000, 0x0000000587800000, 0x0000000587800000|100%|HC|  |TAMS 0x0000000587000000| PB 0x0000000587000000| Complete 
| 783|0x0000000587800000, 0x0000000588000000, 0x0000000588000000|100%|HC|  |TAMS 0x0000000587800000| PB 0x0000000587800000| Complete 
| 784|0x0000000588000000, 0x0000000588800000, 0x0000000588800000|100%|HC|  |TAMS 0x0000000588000000| PB 0x0000000588000000| Complete 
| 785|0x0000000588800000, 0x0000000589000000, 0x0000000589000000|100%|HC|  |TAMS 0x0000000588800000| PB 0x0000000588800000| Complete 
| 786|0x0000000589000000, 0x0000000589800000, 0x0000000589800000|100%|HC|  |TAMS 0x0000000589000000| PB 0x0000000589000000| Complete 
| 787|0x0000000589800000, 0x000000058a000000, 0x000000058a000000|100%|HC|  |TAMS 0x0000000589800000| PB 0x0000000589800000| Complete 
| 788|0x000000058a000000, 0x000000058a800000, 0x000000058a800000|100%|HC|  |TAMS 0x000000058a000000| PB 0x000000058a000000| Complete 
| 789|0x000000058a800000, 0x000000058b000000, 0x000000058b000000|100%|HC|  |TAMS 0x000000058a800000| PB 0x000000058a800000| Complete 
| 790|0x000000058b000000, 0x000000058b800000, 0x000000058b800000|100%|HC|  |TAMS 0x000000058b000000| PB 0x000000058b000000| Complete 
| 791|0x000000058b800000, 0x000000058c000000, 0x000000058c000000|100%|HC|  |TAMS 0x000000058b800000| PB 0x000000058b800000| Complete 
| 792|0x000000058c000000, 0x000000058c800000, 0x000000058c800000|100%|HC|  |TAMS 0x000000058c000000| PB 0x000000058c000000| Complete 
| 793|0x000000058c800000, 0x000000058d000000, 0x000000058d000000|100%|HC|  |TAMS 0x000000058c800000| PB 0x000000058c800000| Complete 
| 794|0x000000058d000000, 0x000000058d000000, 0x000000058d800000|  0%| F|  |TAMS 0x000000058d000000| PB 0x000000058d000000| Untracked 
| 795|0x000000058d800000, 0x000000058d800000, 0x000000058e000000|  0%| F|  |TAMS 0x000000058d800000| PB 0x000000058d800000| Untracked 
| 796|0x000000058e000000, 0x000000058e000000, 0x000000058e800000|  0%| F|  |TAMS 0x000000058e000000| PB 0x000000058e000000| Untracked 
| 797|0x000000058e800000, 0x000000058e800000, 0x000000058f000000|  0%| F|  |TAMS 0x000000058e800000| PB 0x000000058e800000| Untracked 
| 798|0x000000058f000000, 0x000000058f000000, 0x000000058f800000|  0%| F|  |TAMS 0x000000058f000000| PB 0x000000058f000000| Untracked 
| 799|0x000000058f800000, 0x000000058f800000, 0x0000000590000000|  0%| F|  |TAMS 0x000000058f800000| PB 0x000000058f800000| Untracked 
| 800|0x0000000590000000, 0x0000000590000000, 0x0000000590800000|  0%| F|  |TAMS 0x0000000590000000| PB 0x0000000590000000| Untracked 
| 801|0x0000000590800000, 0x0000000590800000, 0x0000000591000000|  0%| F|  |TAMS 0x0000000590800000| PB 0x0000000590800000| Untracked 
| 802|0x0000000591000000, 0x0000000591000000, 0x0000000591800000|  0%| F|  |TAMS 0x0000000591000000| PB 0x0000000591000000| Untracked 
| 803|0x0000000591800000, 0x0000000591800000, 0x0000000592000000|  0%| F|  |TAMS 0x0000000591800000| PB 0x0000000591800000| Untracked 
| 804|0x0000000592000000, 0x0000000592000000, 0x0000000592800000|  0%| F|  |TAMS 0x0000000592000000| PB 0x0000000592000000| Untracked 
| 805|0x0000000592800000, 0x0000000592800000, 0x0000000593000000|  0%| F|  |TAMS 0x0000000592800000| PB 0x0000000592800000| Untracked 
| 806|0x0000000593000000, 0x0000000593000000, 0x0000000593800000|  0%| F|  |TAMS 0x0000000593000000| PB 0x0000000593000000| Untracked 
| 807|0x0000000593800000, 0x0000000593800000, 0x0000000594000000|  0%| F|  |TAMS 0x0000000593800000| PB 0x0000000593800000| Untracked 
| 808|0x0000000594000000, 0x0000000594000000, 0x0000000594800000|  0%| F|  |TAMS 0x0000000594000000| PB 0x0000000594000000| Untracked 
| 809|0x0000000594800000, 0x0000000594800000, 0x0000000595000000|  0%| F|  |TAMS 0x0000000594800000| PB 0x0000000594800000| Untracked 
| 810|0x0000000595000000, 0x0000000595000000, 0x0000000595800000|  0%| F|  |TAMS 0x0000000595000000| PB 0x0000000595000000| Untracked 
| 811|0x0000000595800000, 0x0000000595800000, 0x0000000596000000|  0%| F|  |TAMS 0x0000000595800000| PB 0x0000000595800000| Untracked 
| 812|0x0000000596000000, 0x0000000596000000, 0x0000000596800000|  0%| F|  |TAMS 0x0000000596000000| PB 0x0000000596000000| Untracked 
| 813|0x0000000596800000, 0x0000000596800000, 0x0000000597000000|  0%| F|  |TAMS 0x0000000596800000| PB 0x0000000596800000| Untracked 
| 814|0x0000000597000000, 0x0000000597000000, 0x0000000597800000|  0%| F|  |TAMS 0x0000000597000000| PB 0x0000000597000000| Untracked 
| 815|0x0000000597800000, 0x0000000597800000, 0x0000000598000000|  0%| F|  |TAMS 0x0000000597800000| PB 0x0000000597800000| Untracked 
| 816|0x0000000598000000, 0x0000000598000000, 0x0000000598800000|  0%| F|  |TAMS 0x0000000598000000| PB 0x0000000598000000| Untracked 
| 817|0x0000000598800000, 0x0000000598800000, 0x0000000599000000|  0%| F|  |TAMS 0x0000000598800000| PB 0x0000000598800000| Untracked 
| 818|0x0000000599000000, 0x0000000599000000, 0x0000000599800000|  0%| F|  |TAMS 0x0000000599000000| PB 0x0000000599000000| Untracked 
| 819|0x0000000599800000, 0x0000000599800000, 0x000000059a000000|  0%| F|  |TAMS 0x0000000599800000| PB 0x0000000599800000| Untracked 
| 820|0x000000059a000000, 0x000000059a000000, 0x000000059a800000|  0%| F|  |TAMS 0x000000059a000000| PB 0x000000059a000000| Untracked 
| 821|0x000000059a800000, 0x000000059a800000, 0x000000059b000000|  0%| F|  |TAMS 0x000000059a800000| PB 0x000000059a800000| Untracked 
| 822|0x000000059b000000, 0x000000059b000000, 0x000000059b800000|  0%| F|  |TAMS 0x000000059b000000| PB 0x000000059b000000| Untracked 
| 823|0x000000059b800000, 0x000000059b800000, 0x000000059c000000|  0%| F|  |TAMS 0x000000059b800000| PB 0x000000059b800000| Untracked 
| 824|0x000000059c000000, 0x000000059c000000, 0x000000059c800000|  0%| F|  |TAMS 0x000000059c000000| PB 0x000000059c000000| Untracked 
| 825|0x000000059c800000, 0x000000059c800000, 0x000000059d000000|  0%| F|  |TAMS 0x000000059c800000| PB 0x000000059c800000| Untracked 
| 826|0x000000059d000000, 0x000000059d000000, 0x000000059d800000|  0%| F|  |TAMS 0x000000059d000000| PB 0x000000059d000000| Untracked 
| 827|0x000000059d800000, 0x000000059d800000, 0x000000059e000000|  0%| F|  |TAMS 0x000000059d800000| PB 0x000000059d800000| Untracked 
| 828|0x000000059e000000, 0x000000059e000000, 0x000000059e800000|  0%| F|  |TAMS 0x000000059e000000| PB 0x000000059e000000| Untracked 
| 829|0x000000059e800000, 0x000000059e800000, 0x000000059f000000|  0%| F|  |TAMS 0x000000059e800000| PB 0x000000059e800000| Untracked 
| 830|0x000000059f000000, 0x000000059f000000, 0x000000059f800000|  0%| F|  |TAMS 0x000000059f000000| PB 0x000000059f000000| Untracked 
| 831|0x000000059f800000, 0x000000059f800000, 0x00000005a0000000|  0%| F|  |TAMS 0x000000059f800000| PB 0x000000059f800000| Untracked 
| 832|0x00000005a0000000, 0x00000005a0000000, 0x00000005a0800000|  0%| F|  |TAMS 0x00000005a0000000| PB 0x00000005a0000000| Untracked 
| 833|0x00000005a0800000, 0x00000005a0800000, 0x00000005a1000000|  0%| F|  |TAMS 0x00000005a0800000| PB 0x00000005a0800000| Untracked 
| 834|0x00000005a1000000, 0x00000005a1000000, 0x00000005a1800000|  0%| F|  |TAMS 0x00000005a1000000| PB 0x00000005a1000000| Untracked 
| 835|0x00000005a1800000, 0x00000005a1800000, 0x00000005a2000000|  0%| F|  |TAMS 0x00000005a1800000| PB 0x00000005a1800000| Untracked 
| 836|0x00000005a2000000, 0x00000005a2000000, 0x00000005a2800000|  0%| F|  |TAMS 0x00000005a2000000| PB 0x00000005a2000000| Untracked 
| 837|0x00000005a2800000, 0x00000005a2800000, 0x00000005a3000000|  0%| F|  |TAMS 0x00000005a2800000| PB 0x00000005a2800000| Untracked 
| 838|0x00000005a3000000, 0x00000005a3000000, 0x00000005a3800000|  0%| F|  |TAMS 0x00000005a3000000| PB 0x00000005a3000000| Untracked 
| 839|0x00000005a3800000, 0x00000005a3800000, 0x00000005a4000000|  0%| F|  |TAMS 0x00000005a3800000| PB 0x00000005a3800000| Untracked 
| 840|0x00000005a4000000, 0x00000005a4000000, 0x00000005a4800000|  0%| F|  |TAMS 0x00000005a4000000| PB 0x00000005a4000000| Untracked 
| 841|0x00000005a4800000, 0x00000005a4800000, 0x00000005a5000000|  0%| F|  |TAMS 0x00000005a4800000| PB 0x00000005a4800000| Untracked 
| 842|0x00000005a5000000, 0x00000005a5000000, 0x00000005a5800000|  0%| F|  |TAMS 0x00000005a5000000| PB 0x00000005a5000000| Untracked 
| 843|0x00000005a5800000, 0x00000005a5800000, 0x00000005a6000000|  0%| F|  |TAMS 0x00000005a5800000| PB 0x00000005a5800000| Untracked 
| 844|0x00000005a6000000, 0x00000005a6000000, 0x00000005a6800000|  0%| F|  |TAMS 0x00000005a6000000| PB 0x00000005a6000000| Untracked 
| 845|0x00000005a6800000, 0x00000005a6800000, 0x00000005a7000000|  0%| F|  |TAMS 0x00000005a6800000| PB 0x00000005a6800000| Untracked 
| 846|0x00000005a7000000, 0x00000005a7000000, 0x00000005a7800000|  0%| F|  |TAMS 0x00000005a7000000| PB 0x00000005a7000000| Untracked 
| 847|0x00000005a7800000, 0x00000005a7826138, 0x00000005a8000000|  1%| S|CS|TAMS 0x00000005a7800000| PB 0x00000005a7800000| Complete 
| 848|0x00000005a8000000, 0x00000005a8000000, 0x00000005a8800000|  0%| F|  |TAMS 0x00000005a8000000| PB 0x00000005a8000000| Untracked 
| 849|0x00000005a8800000, 0x00000005a8c00000, 0x00000005a9000000| 50%| E|  |TAMS 0x00000005a8800000| PB 0x00000005a8800000| Complete 
| 850|0x00000005a9000000, 0x00000005a9800000, 0x00000005a9800000|100%|HS|  |TAMS 0x00000005a9000000| PB 0x00000005a9000000| Complete 
| 851|0x00000005a9800000, 0x00000005aa000000, 0x00000005aa000000|100%|HC|  |TAMS 0x00000005a9800000| PB 0x00000005a9800000| Complete 
| 852|0x00000005aa000000, 0x00000005aa800000, 0x00000005aa800000|100%|HC|  |TAMS 0x00000005aa000000| PB 0x00000005aa000000| Complete 
| 853|0x00000005aa800000, 0x00000005ab000000, 0x00000005ab000000|100%|HC|  |TAMS 0x00000005aa800000| PB 0x00000005aa800000| Complete 
| 854|0x00000005ab000000, 0x00000005ab800000, 0x00000005ab800000|100%|HC|  |TAMS 0x00000005ab000000| PB 0x00000005ab000000| Complete 
| 855|0x00000005ab800000, 0x00000005ac000000, 0x00000005ac000000|100%|HC|  |TAMS 0x00000005ab800000| PB 0x00000005ab800000| Complete 
| 856|0x00000005ac000000, 0x00000005ac800000, 0x00000005ac800000|100%|HC|  |TAMS 0x00000005ac000000| PB 0x00000005ac000000| Complete 
| 857|0x00000005ac800000, 0x00000005ad000000, 0x00000005ad000000|100%|HC|  |TAMS 0x00000005ac800000| PB 0x00000005ac800000| Complete 
| 858|0x00000005ad000000, 0x00000005ad800000, 0x00000005ad800000|100%|HC|  |TAMS 0x00000005ad000000| PB 0x00000005ad000000| Complete 
| 859|0x00000005ad800000, 0x00000005ae000000, 0x00000005ae000000|100%|HC|  |TAMS 0x00000005ad800000| PB 0x00000005ad800000| Complete 
| 860|0x00000005ae000000, 0x00000005ae800000, 0x00000005ae800000|100%|HC|  |TAMS 0x00000005ae000000| PB 0x00000005ae000000| Complete 
| 861|0x00000005ae800000, 0x00000005af000000, 0x00000005af000000|100%|HC|  |TAMS 0x00000005ae800000| PB 0x00000005ae800000| Complete 
| 862|0x00000005af000000, 0x00000005af800000, 0x00000005af800000|100%|HC|  |TAMS 0x00000005af000000| PB 0x00000005af000000| Complete 
| 863|0x00000005af800000, 0x00000005b0000000, 0x00000005b0000000|100%|HC|  |TAMS 0x00000005af800000| PB 0x00000005af800000| Complete 
| 864|0x00000005b0000000, 0x00000005b0800000, 0x00000005b0800000|100%|HC|  |TAMS 0x00000005b0000000| PB 0x00000005b0000000| Complete 
| 865|0x00000005b0800000, 0x00000005b1000000, 0x00000005b1000000|100%|HC|  |TAMS 0x00000005b0800000| PB 0x00000005b0800000| Complete 
| 866|0x00000005b1000000, 0x00000005b1800000, 0x00000005b1800000|100%|HC|  |TAMS 0x00000005b1000000| PB 0x00000005b1000000| Complete 
| 867|0x00000005b1800000, 0x00000005b2000000, 0x00000005b2000000|100%|HC|  |TAMS 0x00000005b1800000| PB 0x00000005b1800000| Complete 
| 868|0x00000005b2000000, 0x00000005b2800000, 0x00000005b2800000|100%|HC|  |TAMS 0x00000005b2000000| PB 0x00000005b2000000| Complete 
| 869|0x00000005b2800000, 0x00000005b3000000, 0x00000005b3000000|100%|HC|  |TAMS 0x00000005b2800000| PB 0x00000005b2800000| Complete 
| 870|0x00000005b3000000, 0x00000005b3800000, 0x00000005b3800000|100%|HC|  |TAMS 0x00000005b3000000| PB 0x00000005b3000000| Complete 
| 871|0x00000005b3800000, 0x00000005b4000000, 0x00000005b4000000|100%|HC|  |TAMS 0x00000005b3800000| PB 0x00000005b3800000| Complete 
| 872|0x00000005b4000000, 0x00000005b4800000, 0x00000005b4800000|100%|HC|  |TAMS 0x00000005b4000000| PB 0x00000005b4000000| Complete 
| 873|0x00000005b4800000, 0x00000005b5000000, 0x00000005b5000000|100%|HC|  |TAMS 0x00000005b4800000| PB 0x00000005b4800000| Complete 
| 874|0x00000005b5000000, 0x00000005b5800000, 0x00000005b5800000|100%|HC|  |TAMS 0x00000005b5000000| PB 0x00000005b5000000| Complete 
| 875|0x00000005b5800000, 0x00000005b6000000, 0x00000005b6000000|100%|HC|  |TAMS 0x00000005b5800000| PB 0x00000005b5800000| Complete 
| 876|0x00000005b6000000, 0x00000005b6800000, 0x00000005b6800000|100%|HC|  |TAMS 0x00000005b6000000| PB 0x00000005b6000000| Complete 
| 877|0x00000005b6800000, 0x00000005b7000000, 0x00000005b7000000|100%|HC|  |TAMS 0x00000005b6800000| PB 0x00000005b6800000| Complete 
| 878|0x00000005b7000000, 0x00000005b7800000, 0x00000005b7800000|100%|HC|  |TAMS 0x00000005b7000000| PB 0x00000005b7000000| Complete 
| 879|0x00000005b7800000, 0x00000005b8000000, 0x00000005b8000000|100%|HC|  |TAMS 0x00000005b7800000| PB 0x00000005b7800000| Complete 
| 880|0x00000005b8000000, 0x00000005b8800000, 0x00000005b8800000|100%|HC|  |TAMS 0x00000005b8000000| PB 0x00000005b8000000| Complete 
| 881|0x00000005b8800000, 0x00000005b9000000, 0x00000005b9000000|100%|HC|  |TAMS 0x00000005b8800000| PB 0x00000005b8800000| Complete 
| 882|0x00000005b9000000, 0x00000005b9800000, 0x00000005b9800000|100%|HC|  |TAMS 0x00000005b9000000| PB 0x00000005b9000000| Complete 
| 883|0x00000005b9800000, 0x00000005ba000000, 0x00000005ba000000|100%|HC|  |TAMS 0x00000005b9800000| PB 0x00000005b9800000| Complete 
| 884|0x00000005ba000000, 0x00000005ba800000, 0x00000005ba800000|100%|HC|  |TAMS 0x00000005ba000000| PB 0x00000005ba000000| Complete 
| 885|0x00000005ba800000, 0x00000005bb000000, 0x00000005bb000000|100%|HC|  |TAMS 0x00000005ba800000| PB 0x00000005ba800000| Complete 
| 886|0x00000005bb000000, 0x00000005bb800000, 0x00000005bb800000|100%|HC|  |TAMS 0x00000005bb000000| PB 0x00000005bb000000| Complete 
| 887|0x00000005bb800000, 0x00000005bc000000, 0x00000005bc000000|100%|HC|  |TAMS 0x00000005bb800000| PB 0x00000005bb800000| Complete 
| 888|0x00000005bc000000, 0x00000005bc800000, 0x00000005bc800000|100%|HC|  |TAMS 0x00000005bc000000| PB 0x00000005bc000000| Complete 
| 889|0x00000005bc800000, 0x00000005bd000000, 0x00000005bd000000|100%|HC|  |TAMS 0x00000005bc800000| PB 0x00000005bc800000| Complete 
| 890|0x00000005bd000000, 0x00000005bd800000, 0x00000005bd800000|100%|HC|  |TAMS 0x00000005bd000000| PB 0x00000005bd000000| Complete 
| 891|0x00000005bd800000, 0x00000005be000000, 0x00000005be000000|100%|HC|  |TAMS 0x00000005bd800000| PB 0x00000005bd800000| Complete 
| 892|0x00000005be000000, 0x00000005be800000, 0x00000005be800000|100%|HC|  |TAMS 0x00000005be000000| PB 0x00000005be000000| Complete 
| 893|0x00000005be800000, 0x00000005bf000000, 0x00000005bf000000|100%|HC|  |TAMS 0x00000005be800000| PB 0x00000005be800000| Complete 
| 894|0x00000005bf000000, 0x00000005bf800000, 0x00000005bf800000|100%|HC|  |TAMS 0x00000005bf000000| PB 0x00000005bf000000| Complete 
| 895|0x00000005bf800000, 0x00000005c0000000, 0x00000005c0000000|100%|HC|  |TAMS 0x00000005bf800000| PB 0x00000005bf800000| Complete 
| 896|0x00000005c0000000, 0x00000005c0800000, 0x00000005c0800000|100%|HC|  |TAMS 0x00000005c0000000| PB 0x00000005c0000000| Complete 
| 897|0x00000005c0800000, 0x00000005c1000000, 0x00000005c1000000|100%|HC|  |TAMS 0x00000005c0800000| PB 0x00000005c0800000| Complete 
| 898|0x00000005c1000000, 0x00000005c1800000, 0x00000005c1800000|100%|HC|  |TAMS 0x00000005c1000000| PB 0x00000005c1000000| Complete 
| 899|0x00000005c1800000, 0x00000005c2000000, 0x00000005c2000000|100%|HC|  |TAMS 0x00000005c1800000| PB 0x00000005c1800000| Complete 
| 900|0x00000005c2000000, 0x00000005c2800000, 0x00000005c2800000|100%|HC|  |TAMS 0x00000005c2000000| PB 0x00000005c2000000| Complete 
| 901|0x00000005c2800000, 0x00000005c3000000, 0x00000005c3000000|100%|HC|  |TAMS 0x00000005c2800000| PB 0x00000005c2800000| Complete 
| 902|0x00000005c3000000, 0x00000005c3800000, 0x00000005c3800000|100%|HC|  |TAMS 0x00000005c3000000| PB 0x00000005c3000000| Complete 
| 903|0x00000005c3800000, 0x00000005c4000000, 0x00000005c4000000|100%|HC|  |TAMS 0x00000005c3800000| PB 0x00000005c3800000| Complete 
| 904|0x00000005c4000000, 0x00000005c4800000, 0x00000005c4800000|100%|HC|  |TAMS 0x00000005c4000000| PB 0x00000005c4000000| Complete 
| 905|0x00000005c4800000, 0x00000005c5000000, 0x00000005c5000000|100%|HC|  |TAMS 0x00000005c4800000| PB 0x00000005c4800000| Complete 
| 906|0x00000005c5000000, 0x00000005c5800000, 0x00000005c5800000|100%|HC|  |TAMS 0x00000005c5000000| PB 0x00000005c5000000| Complete 
| 907|0x00000005c5800000, 0x00000005c6000000, 0x00000005c6000000|100%|HC|  |TAMS 0x00000005c5800000| PB 0x00000005c5800000| Complete 
| 908|0x00000005c6000000, 0x00000005c6800000, 0x00000005c6800000|100%|HC|  |TAMS 0x00000005c6000000| PB 0x00000005c6000000| Complete 
| 909|0x00000005c6800000, 0x00000005c7000000, 0x00000005c7000000|100%|HC|  |TAMS 0x00000005c6800000| PB 0x00000005c6800000| Complete 
| 910|0x00000005c7000000, 0x00000005c7800000, 0x00000005c7800000|100%|HC|  |TAMS 0x00000005c7000000| PB 0x00000005c7000000| Complete 
| 911|0x00000005c7800000, 0x00000005c8000000, 0x00000005c8000000|100%|HC|  |TAMS 0x00000005c7800000| PB 0x00000005c7800000| Complete 
| 912|0x00000005c8000000, 0x00000005c8800000, 0x00000005c8800000|100%|HC|  |TAMS 0x00000005c8000000| PB 0x00000005c8000000| Complete 
| 913|0x00000005c8800000, 0x00000005c9000000, 0x00000005c9000000|100%|HC|  |TAMS 0x00000005c8800000| PB 0x00000005c8800000| Complete 
| 914|0x00000005c9000000, 0x00000005c9800000, 0x00000005c9800000|100%|HC|  |TAMS 0x00000005c9000000| PB 0x00000005c9000000| Complete 
| 915|0x00000005c9800000, 0x00000005ca000000, 0x00000005ca000000|100%|HC|  |TAMS 0x00000005c9800000| PB 0x00000005c9800000| Complete 
| 916|0x00000005ca000000, 0x00000005ca800000, 0x00000005ca800000|100%|HC|  |TAMS 0x00000005ca000000| PB 0x00000005ca000000| Complete 
| 917|0x00000005ca800000, 0x00000005cb000000, 0x00000005cb000000|100%|HC|  |TAMS 0x00000005ca800000| PB 0x00000005ca800000| Complete 
| 918|0x00000005cb000000, 0x00000005cb800000, 0x00000005cb800000|100%|HC|  |TAMS 0x00000005cb000000| PB 0x00000005cb000000| Complete 
| 919|0x00000005cb800000, 0x00000005cc000000, 0x00000005cc000000|100%|HC|  |TAMS 0x00000005cb800000| PB 0x00000005cb800000| Complete 
| 920|0x00000005cc000000, 0x00000005cc800000, 0x00000005cc800000|100%|HC|  |TAMS 0x00000005cc000000| PB 0x00000005cc000000| Complete 
| 921|0x00000005cc800000, 0x00000005cd000000, 0x00000005cd000000|100%|HC|  |TAMS 0x00000005cc800000| PB 0x00000005cc800000| Complete 
| 922|0x00000005cd000000, 0x00000005cd800000, 0x00000005cd800000|100%|HC|  |TAMS 0x00000005cd000000| PB 0x00000005cd000000| Complete 
| 923|0x00000005cd800000, 0x00000005ce000000, 0x00000005ce000000|100%|HC|  |TAMS 0x00000005cd800000| PB 0x00000005cd800000| Complete 
| 924|0x00000005ce000000, 0x00000005ce800000, 0x00000005ce800000|100%|HC|  |TAMS 0x00000005ce000000| PB 0x00000005ce000000| Complete 
| 925|0x00000005ce800000, 0x00000005cf000000, 0x00000005cf000000|100%|HC|  |TAMS 0x00000005ce800000| PB 0x00000005ce800000| Complete 
| 926|0x00000005cf000000, 0x00000005cf800000, 0x00000005cf800000|100%|HC|  |TAMS 0x00000005cf000000| PB 0x00000005cf000000| Complete 
| 927|0x00000005cf800000, 0x00000005d0000000, 0x00000005d0000000|100%|HC|  |TAMS 0x00000005cf800000| PB 0x00000005cf800000| Complete 
| 928|0x00000005d0000000, 0x00000005d0800000, 0x00000005d0800000|100%|HC|  |TAMS 0x00000005d0000000| PB 0x00000005d0000000| Complete 
| 929|0x00000005d0800000, 0x00000005d1000000, 0x00000005d1000000|100%|HC|  |TAMS 0x00000005d0800000| PB 0x00000005d0800000| Complete 
| 930|0x00000005d1000000, 0x00000005d1800000, 0x00000005d1800000|100%|HC|  |TAMS 0x00000005d1000000| PB 0x00000005d1000000| Complete 
| 931|0x00000005d1800000, 0x00000005d2000000, 0x00000005d2000000|100%|HC|  |TAMS 0x00000005d1800000| PB 0x00000005d1800000| Complete 
| 932|0x00000005d2000000, 0x00000005d2800000, 0x00000005d2800000|100%|HC|  |TAMS 0x00000005d2000000| PB 0x00000005d2000000| Complete 
| 933|0x00000005d2800000, 0x00000005d3000000, 0x00000005d3000000|100%|HC|  |TAMS 0x00000005d2800000| PB 0x00000005d2800000| Complete 
| 934|0x00000005d3000000, 0x00000005d3800000, 0x00000005d3800000|100%|HC|  |TAMS 0x00000005d3000000| PB 0x00000005d3000000| Complete 
| 935|0x00000005d3800000, 0x00000005d4000000, 0x00000005d4000000|100%|HC|  |TAMS 0x00000005d3800000| PB 0x00000005d3800000| Complete 
| 936|0x00000005d4000000, 0x00000005d4800000, 0x00000005d4800000|100%|HC|  |TAMS 0x00000005d4000000| PB 0x00000005d4000000| Complete 
| 937|0x00000005d4800000, 0x00000005d5000000, 0x00000005d5000000|100%|HC|  |TAMS 0x00000005d4800000| PB 0x00000005d4800000| Complete 
| 938|0x00000005d5000000, 0x00000005d5800000, 0x00000005d5800000|100%|HC|  |TAMS 0x00000005d5000000| PB 0x00000005d5000000| Complete 
| 939|0x00000005d5800000, 0x00000005d6000000, 0x00000005d6000000|100%|HC|  |TAMS 0x00000005d5800000| PB 0x00000005d5800000| Complete 
| 940|0x00000005d6000000, 0x00000005d6800000, 0x00000005d6800000|100%|HC|  |TAMS 0x00000005d6000000| PB 0x00000005d6000000| Complete 
| 941|0x00000005d6800000, 0x00000005d7000000, 0x00000005d7000000|100%|HC|  |TAMS 0x00000005d6800000| PB 0x00000005d6800000| Complete 
| 942|0x00000005d7000000, 0x00000005d7800000, 0x00000005d7800000|100%|HC|  |TAMS 0x00000005d7000000| PB 0x00000005d7000000| Complete 
| 943|0x00000005d7800000, 0x00000005d8000000, 0x00000005d8000000|100%|HC|  |TAMS 0x00000005d7800000| PB 0x00000005d7800000| Complete 
| 944|0x00000005d8000000, 0x00000005d8800000, 0x00000005d8800000|100%|HC|  |TAMS 0x00000005d8000000| PB 0x00000005d8000000| Complete 
| 945|0x00000005d8800000, 0x00000005d9000000, 0x00000005d9000000|100%|HC|  |TAMS 0x00000005d8800000| PB 0x00000005d8800000| Complete 
| 946|0x00000005d9000000, 0x00000005d9800000, 0x00000005d9800000|100%|HC|  |TAMS 0x00000005d9000000| PB 0x00000005d9000000| Complete 
| 947|0x00000005d9800000, 0x00000005da000000, 0x00000005da000000|100%|HC|  |TAMS 0x00000005d9800000| PB 0x00000005d9800000| Complete 
| 948|0x00000005da000000, 0x00000005da800000, 0x00000005da800000|100%|HC|  |TAMS 0x00000005da000000| PB 0x00000005da000000| Complete 
| 949|0x00000005da800000, 0x00000005db000000, 0x00000005db000000|100%|HC|  |TAMS 0x00000005da800000| PB 0x00000005da800000| Complete 
| 950|0x00000005db000000, 0x00000005db800000, 0x00000005db800000|100%|HC|  |TAMS 0x00000005db000000| PB 0x00000005db000000| Complete 
| 951|0x00000005db800000, 0x00000005dc000000, 0x00000005dc000000|100%|HC|  |TAMS 0x00000005db800000| PB 0x00000005db800000| Complete 
| 952|0x00000005dc000000, 0x00000005dc800000, 0x00000005dc800000|100%|HC|  |TAMS 0x00000005dc000000| PB 0x00000005dc000000| Complete 
| 953|0x00000005dc800000, 0x00000005dd000000, 0x00000005dd000000|100%|HC|  |TAMS 0x00000005dc800000| PB 0x00000005dc800000| Complete 
| 954|0x00000005dd000000, 0x00000005dd800000, 0x00000005dd800000|100%|HC|  |TAMS 0x00000005dd000000| PB 0x00000005dd000000| Complete 
| 955|0x00000005dd800000, 0x00000005de000000, 0x00000005de000000|100%|HC|  |TAMS 0x00000005dd800000| PB 0x00000005dd800000| Complete 
| 956|0x00000005de000000, 0x00000005de800000, 0x00000005de800000|100%|HC|  |TAMS 0x00000005de000000| PB 0x00000005de000000| Complete 
| 957|0x00000005de800000, 0x00000005df000000, 0x00000005df000000|100%|HC|  |TAMS 0x00000005de800000| PB 0x00000005de800000| Complete 
| 958|0x00000005df000000, 0x00000005df800000, 0x00000005df800000|100%|HC|  |TAMS 0x00000005df000000| PB 0x00000005df000000| Complete 
| 959|0x00000005df800000, 0x00000005e0000000, 0x00000005e0000000|100%|HC|  |TAMS 0x00000005df800000| PB 0x00000005df800000| Complete 
| 960|0x00000005e0000000, 0x00000005e0800000, 0x00000005e0800000|100%|HC|  |TAMS 0x00000005e0000000| PB 0x00000005e0000000| Complete 
| 961|0x00000005e0800000, 0x00000005e1000000, 0x00000005e1000000|100%|HC|  |TAMS 0x00000005e0800000| PB 0x00000005e0800000| Complete 
| 962|0x00000005e1000000, 0x00000005e1800000, 0x00000005e1800000|100%|HC|  |TAMS 0x00000005e1000000| PB 0x00000005e1000000| Complete 
| 963|0x00000005e1800000, 0x00000005e2000000, 0x00000005e2000000|100%|HC|  |TAMS 0x00000005e1800000| PB 0x00000005e1800000| Complete 
| 964|0x00000005e2000000, 0x00000005e2800000, 0x00000005e2800000|100%|HC|  |TAMS 0x00000005e2000000| PB 0x00000005e2000000| Complete 
| 965|0x00000005e2800000, 0x00000005e3000000, 0x00000005e3000000|100%|HC|  |TAMS 0x00000005e2800000| PB 0x00000005e2800000| Complete 
| 966|0x00000005e3000000, 0x00000005e3800000, 0x00000005e3800000|100%|HC|  |TAMS 0x00000005e3000000| PB 0x00000005e3000000| Complete 
| 967|0x00000005e3800000, 0x00000005e4000000, 0x00000005e4000000|100%|HC|  |TAMS 0x00000005e3800000| PB 0x00000005e3800000| Complete 
| 968|0x00000005e4000000, 0x00000005e4800000, 0x00000005e4800000|100%|HC|  |TAMS 0x00000005e4000000| PB 0x00000005e4000000| Complete 
| 969|0x00000005e4800000, 0x00000005e5000000, 0x00000005e5000000|100%|HC|  |TAMS 0x00000005e4800000| PB 0x00000005e4800000| Complete 
| 970|0x00000005e5000000, 0x00000005e5800000, 0x00000005e5800000|100%|HC|  |TAMS 0x00000005e5000000| PB 0x00000005e5000000| Complete 
| 971|0x00000005e5800000, 0x00000005e6000000, 0x00000005e6000000|100%|HC|  |TAMS 0x00000005e5800000| PB 0x00000005e5800000| Complete 
| 972|0x00000005e6000000, 0x00000005e6800000, 0x00000005e6800000|100%|HC|  |TAMS 0x00000005e6000000| PB 0x00000005e6000000| Complete 
| 973|0x00000005e6800000, 0x00000005e7000000, 0x00000005e7000000|100%|HC|  |TAMS 0x00000005e6800000| PB 0x00000005e6800000| Complete 
| 974|0x00000005e7000000, 0x00000005e7800000, 0x00000005e7800000|100%|HC|  |TAMS 0x00000005e7000000| PB 0x00000005e7000000| Complete 
| 975|0x00000005e7800000, 0x00000005e8000000, 0x00000005e8000000|100%|HC|  |TAMS 0x00000005e7800000| PB 0x00000005e7800000| Complete 
| 976|0x00000005e8000000, 0x00000005e8800000, 0x00000005e8800000|100%|HC|  |TAMS 0x00000005e8000000| PB 0x00000005e8000000| Complete 
| 977|0x00000005e8800000, 0x00000005e9000000, 0x00000005e9000000|100%|HC|  |TAMS 0x00000005e8800000| PB 0x00000005e8800000| Complete 
| 978|0x00000005e9000000, 0x00000005e9800000, 0x00000005e9800000|100%|HC|  |TAMS 0x00000005e9000000| PB 0x00000005e9000000| Complete 
| 979|0x00000005e9800000, 0x00000005ea000000, 0x00000005ea000000|100%|HC|  |TAMS 0x00000005e9800000| PB 0x00000005e9800000| Complete 
| 980|0x00000005ea000000, 0x00000005ea800000, 0x00000005ea800000|100%|HC|  |TAMS 0x00000005ea000000| PB 0x00000005ea000000| Complete 
| 981|0x00000005ea800000, 0x00000005eb000000, 0x00000005eb000000|100%|HC|  |TAMS 0x00000005ea800000| PB 0x00000005ea800000| Complete 
| 982|0x00000005eb000000, 0x00000005eb800000, 0x00000005eb800000|100%|HC|  |TAMS 0x00000005eb000000| PB 0x00000005eb000000| Complete 
| 983|0x00000005eb800000, 0x00000005ec000000, 0x00000005ec000000|100%|HC|  |TAMS 0x00000005eb800000| PB 0x00000005eb800000| Complete 
| 984|0x00000005ec000000, 0x00000005ec800000, 0x00000005ec800000|100%|HC|  |TAMS 0x00000005ec000000| PB 0x00000005ec000000| Complete 
| 985|0x00000005ec800000, 0x00000005ed000000, 0x00000005ed000000|100%|HC|  |TAMS 0x00000005ec800000| PB 0x00000005ec800000| Complete 
| 986|0x00000005ed000000, 0x00000005ed800000, 0x00000005ed800000|100%|HC|  |TAMS 0x00000005ed000000| PB 0x00000005ed000000| Complete 
| 987|0x00000005ed800000, 0x00000005ee000000, 0x00000005ee000000|100%|HS|  |TAMS 0x00000005ed800000| PB 0x00000005ed800000| Complete 
| 988|0x00000005ee000000, 0x00000005ee800000, 0x00000005ee800000|100%|HC|  |TAMS 0x00000005ee000000| PB 0x00000005ee000000| Complete 
| 989|0x00000005ee800000, 0x00000005ef000000, 0x00000005ef000000|100%|HC|  |TAMS 0x00000005ee800000| PB 0x00000005ee800000| Complete 
| 990|0x00000005ef000000, 0x00000005ef800000, 0x00000005ef800000|100%|HC|  |TAMS 0x00000005ef000000| PB 0x00000005ef000000| Complete 
| 991|0x00000005ef800000, 0x00000005f0000000, 0x00000005f0000000|100%|HC|  |TAMS 0x00000005ef800000| PB 0x00000005ef800000| Complete 
| 992|0x00000005f0000000, 0x00000005f0800000, 0x00000005f0800000|100%|HC|  |TAMS 0x00000005f0000000| PB 0x00000005f0000000| Complete 
| 993|0x00000005f0800000, 0x00000005f1000000, 0x00000005f1000000|100%|HC|  |TAMS 0x00000005f0800000| PB 0x00000005f0800000| Complete 
| 994|0x00000005f1000000, 0x00000005f1800000, 0x00000005f1800000|100%|HC|  |TAMS 0x00000005f1000000| PB 0x00000005f1000000| Complete 
| 995|0x00000005f1800000, 0x00000005f2000000, 0x00000005f2000000|100%|HC|  |TAMS 0x00000005f1800000| PB 0x00000005f1800000| Complete 
| 996|0x00000005f2000000, 0x00000005f2800000, 0x00000005f2800000|100%|HC|  |TAMS 0x00000005f2000000| PB 0x00000005f2000000| Complete 
| 997|0x00000005f2800000, 0x00000005f3000000, 0x00000005f3000000|100%|HC|  |TAMS 0x00000005f2800000| PB 0x00000005f2800000| Complete 
| 998|0x00000005f3000000, 0x00000005f3800000, 0x00000005f3800000|100%|HC|  |TAMS 0x00000005f3000000| PB 0x00000005f3000000| Complete 
| 999|0x00000005f3800000, 0x00000005f4000000, 0x00000005f4000000|100%|HC|  |TAMS 0x00000005f3800000| PB 0x00000005f3800000| Complete 
|1000|0x00000005f4000000, 0x00000005f4800000, 0x00000005f4800000|100%|HC|  |TAMS 0x00000005f4000000| PB 0x00000005f4000000| Complete 
|1001|0x00000005f4800000, 0x00000005f5000000, 0x00000005f5000000|100%|HC|  |TAMS 0x00000005f4800000| PB 0x00000005f4800000| Complete 
|1002|0x00000005f5000000, 0x00000005f5800000, 0x00000005f5800000|100%|HC|  |TAMS 0x00000005f5000000| PB 0x00000005f5000000| Complete 
|1003|0x00000005f5800000, 0x00000005f6000000, 0x00000005f6000000|100%|HC|  |TAMS 0x00000005f5800000| PB 0x00000005f5800000| Complete 
|1004|0x00000005f6000000, 0x00000005f6800000, 0x00000005f6800000|100%|HC|  |TAMS 0x00000005f6000000| PB 0x00000005f6000000| Complete 
|1005|0x00000005f6800000, 0x00000005f7000000, 0x00000005f7000000|100%|HC|  |TAMS 0x00000005f6800000| PB 0x00000005f6800000| Complete 
|1006|0x00000005f7000000, 0x00000005f7800000, 0x00000005f7800000|100%|HC|  |TAMS 0x00000005f7000000| PB 0x00000005f7000000| Complete 
|1007|0x00000005f7800000, 0x00000005f8000000, 0x00000005f8000000|100%|HC|  |TAMS 0x00000005f7800000| PB 0x00000005f7800000| Complete 
|1008|0x00000005f8000000, 0x00000005f8800000, 0x00000005f8800000|100%|HC|  |TAMS 0x00000005f8000000| PB 0x00000005f8000000| Complete 
|1009|0x00000005f8800000, 0x00000005f9000000, 0x00000005f9000000|100%|HC|  |TAMS 0x00000005f8800000| PB 0x00000005f8800000| Complete 
|1010|0x00000005f9000000, 0x00000005f9800000, 0x00000005f9800000|100%|HC|  |TAMS 0x00000005f9000000| PB 0x00000005f9000000| Complete 
|1011|0x00000005f9800000, 0x00000005fa000000, 0x00000005fa000000|100%|HC|  |TAMS 0x00000005f9800000| PB 0x00000005f9800000| Complete 
|1012|0x00000005fa000000, 0x00000005fa800000, 0x00000005fa800000|100%|HC|  |TAMS 0x00000005fa000000| PB 0x00000005fa000000| Complete 
|1013|0x00000005fa800000, 0x00000005fb000000, 0x00000005fb000000|100%|HC|  |TAMS 0x00000005fa800000| PB 0x00000005fa800000| Complete 
|1014|0x00000005fb000000, 0x00000005fb800000, 0x00000005fb800000|100%|HC|  |TAMS 0x00000005fb000000| PB 0x00000005fb000000| Complete 
|1015|0x00000005fb800000, 0x00000005fc000000, 0x00000005fc000000|100%|HC|  |TAMS 0x00000005fb800000| PB 0x00000005fb800000| Complete 
|1016|0x00000005fc000000, 0x00000005fc800000, 0x00000005fc800000|100%|HC|  |TAMS 0x00000005fc000000| PB 0x00000005fc000000| Complete 
|1017|0x00000005fc800000, 0x00000005fd000000, 0x00000005fd000000|100%|HC|  |TAMS 0x00000005fc800000| PB 0x00000005fc800000| Complete 
|1018|0x00000005fd000000, 0x00000005fd800000, 0x00000005fd800000|100%|HC|  |TAMS 0x00000005fd000000| PB 0x00000005fd000000| Complete 
|1019|0x00000005fd800000, 0x00000005fe000000, 0x00000005fe000000|100%|HC|  |TAMS 0x00000005fd800000| PB 0x00000005fd800000| Complete 
|1020|0x00000005fe000000, 0x00000005fe800000, 0x00000005fe800000|100%|HC|  |TAMS 0x00000005fe000000| PB 0x00000005fe000000| Complete 
|1021|0x00000005fe800000, 0x00000005ff000000, 0x00000005ff000000|100%|HC|  |TAMS 0x00000005fe800000| PB 0x00000005fe800000| Complete 
|1022|0x00000005ff000000, 0x00000005ff800000, 0x00000005ff800000|100%|HC|  |TAMS 0x00000005ff000000| PB 0x00000005ff000000| Complete 
|1023|0x00000005ff800000, 0x0000000600000000, 0x0000000600000000|100%|HC|  |TAMS 0x00000005ff800000| PB 0x00000005ff800000| Complete 
|1024|0x0000000600000000, 0x0000000600800000, 0x0000000600800000|100%|HC|  |TAMS 0x0000000600000000| PB 0x0000000600000000| Complete 
|1025|0x0000000600800000, 0x0000000601000000, 0x0000000601000000|100%|HC|  |TAMS 0x0000000600800000| PB 0x0000000600800000| Complete 
|1026|0x0000000601000000, 0x0000000601800000, 0x0000000601800000|100%|HC|  |TAMS 0x0000000601000000| PB 0x0000000601000000| Complete 
|1027|0x0000000601800000, 0x0000000602000000, 0x0000000602000000|100%|HC|  |TAMS 0x0000000601800000| PB 0x0000000601800000| Complete 
|1028|0x0000000602000000, 0x0000000602800000, 0x0000000602800000|100%|HC|  |TAMS 0x0000000602000000| PB 0x0000000602000000| Complete 
|1029|0x0000000602800000, 0x0000000603000000, 0x0000000603000000|100%|HC|  |TAMS 0x0000000602800000| PB 0x0000000602800000| Complete 
|1030|0x0000000603000000, 0x0000000603800000, 0x0000000603800000|100%|HC|  |TAMS 0x0000000603000000| PB 0x0000000603000000| Complete 
|1031|0x0000000603800000, 0x0000000604000000, 0x0000000604000000|100%|HC|  |TAMS 0x0000000603800000| PB 0x0000000603800000| Complete 
|1032|0x0000000604000000, 0x0000000604800000, 0x0000000604800000|100%|HC|  |TAMS 0x0000000604000000| PB 0x0000000604000000| Complete 
|1033|0x0000000604800000, 0x0000000605000000, 0x0000000605000000|100%|HC|  |TAMS 0x0000000604800000| PB 0x0000000604800000| Complete 
|1034|0x0000000605000000, 0x0000000605800000, 0x0000000605800000|100%|HC|  |TAMS 0x0000000605000000| PB 0x0000000605000000| Complete 
|1035|0x0000000605800000, 0x0000000606000000, 0x0000000606000000|100%|HC|  |TAMS 0x0000000605800000| PB 0x0000000605800000| Complete 
|1036|0x0000000606000000, 0x0000000606800000, 0x0000000606800000|100%|HC|  |TAMS 0x0000000606000000| PB 0x0000000606000000| Complete 
|1037|0x0000000606800000, 0x0000000607000000, 0x0000000607000000|100%|HC|  |TAMS 0x0000000606800000| PB 0x0000000606800000| Complete 
|1038|0x0000000607000000, 0x0000000607800000, 0x0000000607800000|100%|HC|  |TAMS 0x0000000607000000| PB 0x0000000607000000| Complete 
|1039|0x0000000607800000, 0x0000000608000000, 0x0000000608000000|100%|HC|  |TAMS 0x0000000607800000| PB 0x0000000607800000| Complete 
|1040|0x0000000608000000, 0x0000000608800000, 0x0000000608800000|100%|HC|  |TAMS 0x0000000608000000| PB 0x0000000608000000| Complete 
|1041|0x0000000608800000, 0x0000000609000000, 0x0000000609000000|100%|HC|  |TAMS 0x0000000608800000| PB 0x0000000608800000| Complete 
|1042|0x0000000609000000, 0x0000000609800000, 0x0000000609800000|100%|HC|  |TAMS 0x0000000609000000| PB 0x0000000609000000| Complete 
|1043|0x0000000609800000, 0x000000060a000000, 0x000000060a000000|100%|HC|  |TAMS 0x0000000609800000| PB 0x0000000609800000| Complete 
|1044|0x000000060a000000, 0x000000060a800000, 0x000000060a800000|100%|HC|  |TAMS 0x000000060a000000| PB 0x000000060a000000| Complete 
|1045|0x000000060a800000, 0x000000060b000000, 0x000000060b000000|100%|HC|  |TAMS 0x000000060a800000| PB 0x000000060a800000| Complete 
|1046|0x000000060b000000, 0x000000060b800000, 0x000000060b800000|100%|HC|  |TAMS 0x000000060b000000| PB 0x000000060b000000| Complete 
|1047|0x000000060b800000, 0x000000060c000000, 0x000000060c000000|100%|HC|  |TAMS 0x000000060b800000| PB 0x000000060b800000| Complete 
|1048|0x000000060c000000, 0x000000060c800000, 0x000000060c800000|100%|HC|  |TAMS 0x000000060c000000| PB 0x000000060c000000| Complete 
|1049|0x000000060c800000, 0x000000060d000000, 0x000000060d000000|100%|HC|  |TAMS 0x000000060c800000| PB 0x000000060c800000| Complete 
|1050|0x000000060d000000, 0x000000060d800000, 0x000000060d800000|100%|HC|  |TAMS 0x000000060d000000| PB 0x000000060d000000| Complete 
|1051|0x000000060d800000, 0x000000060e000000, 0x000000060e000000|100%|HC|  |TAMS 0x000000060d800000| PB 0x000000060d800000| Complete 
|1052|0x000000060e000000, 0x000000060e800000, 0x000000060e800000|100%|HC|  |TAMS 0x000000060e000000| PB 0x000000060e000000| Complete 
|1053|0x000000060e800000, 0x000000060f000000, 0x000000060f000000|100%|HC|  |TAMS 0x000000060e800000| PB 0x000000060e800000| Complete 
|1054|0x000000060f000000, 0x000000060f800000, 0x000000060f800000|100%|HC|  |TAMS 0x000000060f000000| PB 0x000000060f000000| Complete 
|1055|0x000000060f800000, 0x0000000610000000, 0x0000000610000000|100%|HC|  |TAMS 0x000000060f800000| PB 0x000000060f800000| Complete 
|1056|0x0000000610000000, 0x0000000610800000, 0x0000000610800000|100%|HC|  |TAMS 0x0000000610000000| PB 0x0000000610000000| Complete 
|1057|0x0000000610800000, 0x0000000611000000, 0x0000000611000000|100%|HC|  |TAMS 0x0000000610800000| PB 0x0000000610800000| Complete 
|1058|0x0000000611000000, 0x0000000611800000, 0x0000000611800000|100%|HC|  |TAMS 0x0000000611000000| PB 0x0000000611000000| Complete 
|1059|0x0000000611800000, 0x0000000612000000, 0x0000000612000000|100%|HC|  |TAMS 0x0000000611800000| PB 0x0000000611800000| Complete 
|1060|0x0000000612000000, 0x0000000612800000, 0x0000000612800000|100%|HC|  |TAMS 0x0000000612000000| PB 0x0000000612000000| Complete 
|1061|0x0000000612800000, 0x0000000613000000, 0x0000000613000000|100%|HC|  |TAMS 0x0000000612800000| PB 0x0000000612800000| Complete 
|1062|0x0000000613000000, 0x0000000613800000, 0x0000000613800000|100%|HC|  |TAMS 0x0000000613000000| PB 0x0000000613000000| Complete 
|1063|0x0000000613800000, 0x0000000614000000, 0x0000000614000000|100%|HC|  |TAMS 0x0000000613800000| PB 0x0000000613800000| Complete 
|1064|0x0000000614000000, 0x0000000614800000, 0x0000000614800000|100%|HC|  |TAMS 0x0000000614000000| PB 0x0000000614000000| Complete 
|1065|0x0000000614800000, 0x0000000615000000, 0x0000000615000000|100%|HC|  |TAMS 0x0000000614800000| PB 0x0000000614800000| Complete 
|1066|0x0000000615000000, 0x0000000615800000, 0x0000000615800000|100%|HC|  |TAMS 0x0000000615000000| PB 0x0000000615000000| Complete 
|1067|0x0000000615800000, 0x0000000616000000, 0x0000000616000000|100%|HC|  |TAMS 0x0000000615800000| PB 0x0000000615800000| Complete 
|1068|0x0000000616000000, 0x0000000616800000, 0x0000000616800000|100%|HC|  |TAMS 0x0000000616000000| PB 0x0000000616000000| Complete 
|1069|0x0000000616800000, 0x0000000617000000, 0x0000000617000000|100%|HC|  |TAMS 0x0000000616800000| PB 0x0000000616800000| Complete 
|1070|0x0000000617000000, 0x0000000617800000, 0x0000000617800000|100%|HC|  |TAMS 0x0000000617000000| PB 0x0000000617000000| Complete 
|1071|0x0000000617800000, 0x0000000618000000, 0x0000000618000000|100%|HC|  |TAMS 0x0000000617800000| PB 0x0000000617800000| Complete 
|1072|0x0000000618000000, 0x0000000618800000, 0x0000000618800000|100%|HC|  |TAMS 0x0000000618000000| PB 0x0000000618000000| Complete 
|1073|0x0000000618800000, 0x0000000619000000, 0x0000000619000000|100%|HC|  |TAMS 0x0000000618800000| PB 0x0000000618800000| Complete 
|1074|0x0000000619000000, 0x0000000619800000, 0x0000000619800000|100%|HC|  |TAMS 0x0000000619000000| PB 0x0000000619000000| Complete 
|1075|0x0000000619800000, 0x000000061a000000, 0x000000061a000000|100%|HC|  |TAMS 0x0000000619800000| PB 0x0000000619800000| Complete 
|1076|0x000000061a000000, 0x000000061a800000, 0x000000061a800000|100%|HC|  |TAMS 0x000000061a000000| PB 0x000000061a000000| Complete 
|1077|0x000000061a800000, 0x000000061b000000, 0x000000061b000000|100%|HC|  |TAMS 0x000000061a800000| PB 0x000000061a800000| Complete 
|1078|0x000000061b000000, 0x000000061b800000, 0x000000061b800000|100%|HC|  |TAMS 0x000000061b000000| PB 0x000000061b000000| Complete 
|1079|0x000000061b800000, 0x000000061c000000, 0x000000061c000000|100%|HC|  |TAMS 0x000000061b800000| PB 0x000000061b800000| Complete 
|1080|0x000000061c000000, 0x000000061c800000, 0x000000061c800000|100%|HC|  |TAMS 0x000000061c000000| PB 0x000000061c000000| Complete 
|1081|0x000000061c800000, 0x000000061d000000, 0x000000061d000000|100%|HC|  |TAMS 0x000000061c800000| PB 0x000000061c800000| Complete 
|1082|0x000000061d000000, 0x000000061d800000, 0x000000061d800000|100%|HC|  |TAMS 0x000000061d000000| PB 0x000000061d000000| Complete 
|1083|0x000000061d800000, 0x000000061e000000, 0x000000061e000000|100%|HC|  |TAMS 0x000000061d800000| PB 0x000000061d800000| Complete 
|1084|0x000000061e000000, 0x000000061e800000, 0x000000061e800000|100%|HC|  |TAMS 0x000000061e000000| PB 0x000000061e000000| Complete 
|1085|0x000000061e800000, 0x000000061f000000, 0x000000061f000000|100%|HC|  |TAMS 0x000000061e800000| PB 0x000000061e800000| Complete 
|1086|0x000000061f000000, 0x000000061f800000, 0x000000061f800000|100%|HC|  |TAMS 0x000000061f000000| PB 0x000000061f000000| Complete 
|1087|0x000000061f800000, 0x0000000620000000, 0x0000000620000000|100%|HC|  |TAMS 0x000000061f800000| PB 0x000000061f800000| Complete 
|1088|0x0000000620000000, 0x0000000620800000, 0x0000000620800000|100%|HC|  |TAMS 0x0000000620000000| PB 0x0000000620000000| Complete 
|1089|0x0000000620800000, 0x0000000621000000, 0x0000000621000000|100%|HC|  |TAMS 0x0000000620800000| PB 0x0000000620800000| Complete 
|1090|0x0000000621000000, 0x0000000621800000, 0x0000000621800000|100%|HC|  |TAMS 0x0000000621000000| PB 0x0000000621000000| Complete 
|1091|0x0000000621800000, 0x0000000622000000, 0x0000000622000000|100%|HC|  |TAMS 0x0000000621800000| PB 0x0000000621800000| Complete 
|1092|0x0000000622000000, 0x0000000622800000, 0x0000000622800000|100%|HC|  |TAMS 0x0000000622000000| PB 0x0000000622000000| Complete 
|1093|0x0000000622800000, 0x0000000623000000, 0x0000000623000000|100%|HC|  |TAMS 0x0000000622800000| PB 0x0000000622800000| Complete 
|1094|0x0000000623000000, 0x0000000623800000, 0x0000000623800000|100%|HC|  |TAMS 0x0000000623000000| PB 0x0000000623000000| Complete 
|1095|0x0000000623800000, 0x0000000624000000, 0x0000000624000000|100%|HC|  |TAMS 0x0000000623800000| PB 0x0000000623800000| Complete 
|1096|0x0000000624000000, 0x0000000624800000, 0x0000000624800000|100%|HC|  |TAMS 0x0000000624000000| PB 0x0000000624000000| Complete 
|1097|0x0000000624800000, 0x0000000625000000, 0x0000000625000000|100%|HC|  |TAMS 0x0000000624800000| PB 0x0000000624800000| Complete 
|1098|0x0000000625000000, 0x0000000625800000, 0x0000000625800000|100%|HC|  |TAMS 0x0000000625000000| PB 0x0000000625000000| Complete 
|1099|0x0000000625800000, 0x0000000626000000, 0x0000000626000000|100%|HC|  |TAMS 0x0000000625800000| PB 0x0000000625800000| Complete 
|1100|0x0000000626000000, 0x0000000626800000, 0x0000000626800000|100%|HC|  |TAMS 0x0000000626000000| PB 0x0000000626000000| Complete 
|1101|0x0000000626800000, 0x0000000627000000, 0x0000000627000000|100%|HC|  |TAMS 0x0000000626800000| PB 0x0000000626800000| Complete 
|1102|0x0000000627000000, 0x0000000627800000, 0x0000000627800000|100%|HC|  |TAMS 0x0000000627000000| PB 0x0000000627000000| Complete 
|1103|0x0000000627800000, 0x0000000628000000, 0x0000000628000000|100%|HC|  |TAMS 0x0000000627800000| PB 0x0000000627800000| Complete 
|1104|0x0000000628000000, 0x0000000628800000, 0x0000000628800000|100%|HC|  |TAMS 0x0000000628000000| PB 0x0000000628000000| Complete 
|1105|0x0000000628800000, 0x0000000629000000, 0x0000000629000000|100%|HC|  |TAMS 0x0000000628800000| PB 0x0000000628800000| Complete 
|1106|0x0000000629000000, 0x0000000629800000, 0x0000000629800000|100%|HC|  |TAMS 0x0000000629000000| PB 0x0000000629000000| Complete 
|1107|0x0000000629800000, 0x000000062a000000, 0x000000062a000000|100%|HC|  |TAMS 0x0000000629800000| PB 0x0000000629800000| Complete 
|1108|0x000000062a000000, 0x000000062a800000, 0x000000062a800000|100%|HC|  |TAMS 0x000000062a000000| PB 0x000000062a000000| Complete 
|1109|0x000000062a800000, 0x000000062b000000, 0x000000062b000000|100%|HC|  |TAMS 0x000000062a800000| PB 0x000000062a800000| Complete 
|1110|0x000000062b000000, 0x000000062b800000, 0x000000062b800000|100%|HC|  |TAMS 0x000000062b000000| PB 0x000000062b000000| Complete 
|1111|0x000000062b800000, 0x000000062c000000, 0x000000062c000000|100%|HC|  |TAMS 0x000000062b800000| PB 0x000000062b800000| Complete 
|1112|0x000000062c000000, 0x000000062c800000, 0x000000062c800000|100%|HC|  |TAMS 0x000000062c000000| PB 0x000000062c000000| Complete 
|1113|0x000000062c800000, 0x000000062d000000, 0x000000062d000000|100%|HC|  |TAMS 0x000000062c800000| PB 0x000000062c800000| Complete 
|1114|0x000000062d000000, 0x000000062d800000, 0x000000062d800000|100%|HC|  |TAMS 0x000000062d000000| PB 0x000000062d000000| Complete 
|1115|0x000000062d800000, 0x000000062e000000, 0x000000062e000000|100%|HC|  |TAMS 0x000000062d800000| PB 0x000000062d800000| Complete 
|1116|0x000000062e000000, 0x000000062e800000, 0x000000062e800000|100%|HC|  |TAMS 0x000000062e000000| PB 0x000000062e000000| Complete 
|1117|0x000000062e800000, 0x000000062f000000, 0x000000062f000000|100%|HC|  |TAMS 0x000000062e800000| PB 0x000000062e800000| Complete 
|1118|0x000000062f000000, 0x000000062f800000, 0x000000062f800000|100%|HC|  |TAMS 0x000000062f000000| PB 0x000000062f000000| Complete 
|1119|0x000000062f800000, 0x0000000630000000, 0x0000000630000000|100%|HC|  |TAMS 0x000000062f800000| PB 0x000000062f800000| Complete 
|1120|0x0000000630000000, 0x0000000630800000, 0x0000000630800000|100%|HC|  |TAMS 0x0000000630000000| PB 0x0000000630000000| Complete 
|1121|0x0000000630800000, 0x0000000631000000, 0x0000000631000000|100%|HC|  |TAMS 0x0000000630800000| PB 0x0000000630800000| Complete 
|1122|0x0000000631000000, 0x0000000631800000, 0x0000000631800000|100%|HC|  |TAMS 0x0000000631000000| PB 0x0000000631000000| Complete 
|1123|0x0000000631800000, 0x0000000632000000, 0x0000000632000000|100%|HC|  |TAMS 0x0000000631800000| PB 0x0000000631800000| Complete 
|1124|0x0000000632000000, 0x0000000632000000, 0x0000000632800000|  0%| F|  |TAMS 0x0000000632000000| PB 0x0000000632000000| Untracked 
|1125|0x0000000632800000, 0x0000000632800000, 0x0000000633000000|  0%| F|  |TAMS 0x0000000632800000| PB 0x0000000632800000| Untracked 
|1126|0x0000000633000000, 0x0000000633000000, 0x0000000633800000|  0%| F|  |TAMS 0x0000000633000000| PB 0x0000000633000000| Untracked 
|1127|0x0000000633800000, 0x0000000633800000, 0x0000000634000000|  0%| F|  |TAMS 0x0000000633800000| PB 0x0000000633800000| Untracked 
|1128|0x0000000634000000, 0x0000000634000000, 0x0000000634800000|  0%| F|  |TAMS 0x0000000634000000| PB 0x0000000634000000| Untracked 
|1129|0x0000000634800000, 0x0000000634800000, 0x0000000635000000|  0%| F|  |TAMS 0x0000000634800000| PB 0x0000000634800000| Untracked 
|1130|0x0000000635000000, 0x0000000635000000, 0x0000000635800000|  0%| F|  |TAMS 0x0000000635000000| PB 0x0000000635000000| Untracked 
|1131|0x0000000635800000, 0x0000000635800000, 0x0000000636000000|  0%| F|  |TAMS 0x0000000635800000| PB 0x0000000635800000| Untracked 
|1132|0x0000000636000000, 0x0000000636000000, 0x0000000636800000|  0%| F|  |TAMS 0x0000000636000000| PB 0x0000000636000000| Untracked 
|1133|0x0000000636800000, 0x0000000636800000, 0x0000000637000000|  0%| F|  |TAMS 0x0000000636800000| PB 0x0000000636800000| Untracked 
|1134|0x0000000637000000, 0x0000000637000000, 0x0000000637800000|  0%| F|  |TAMS 0x0000000637000000| PB 0x0000000637000000| Untracked 
|1135|0x0000000637800000, 0x0000000637800000, 0x0000000638000000|  0%| F|  |TAMS 0x0000000637800000| PB 0x0000000637800000| Untracked 
|1136|0x0000000638000000, 0x0000000638000000, 0x0000000638800000|  0%| F|  |TAMS 0x0000000638000000| PB 0x0000000638000000| Untracked 
|1137|0x0000000638800000, 0x0000000638800000, 0x0000000639000000|  0%| F|  |TAMS 0x0000000638800000| PB 0x0000000638800000| Untracked 
|1138|0x0000000639000000, 0x0000000639000000, 0x0000000639800000|  0%| F|  |TAMS 0x0000000639000000| PB 0x0000000639000000| Untracked 
|1139|0x0000000639800000, 0x0000000639800000, 0x000000063a000000|  0%| F|  |TAMS 0x0000000639800000| PB 0x0000000639800000| Untracked 
|1140|0x000000063a000000, 0x000000063a000000, 0x000000063a800000|  0%| F|  |TAMS 0x000000063a000000| PB 0x000000063a000000| Untracked 
|1141|0x000000063a800000, 0x000000063a800000, 0x000000063b000000|  0%| F|  |TAMS 0x000000063a800000| PB 0x000000063a800000| Untracked 
|1142|0x000000063b000000, 0x000000063b000000, 0x000000063b800000|  0%| F|  |TAMS 0x000000063b000000| PB 0x000000063b000000| Untracked 
|1143|0x000000063b800000, 0x000000063b800000, 0x000000063c000000|  0%| F|  |TAMS 0x000000063b800000| PB 0x000000063b800000| Untracked 
|1144|0x000000063c000000, 0x000000063c000000, 0x000000063c800000|  0%| F|  |TAMS 0x000000063c000000| PB 0x000000063c000000| Untracked 
|1145|0x000000063c800000, 0x000000063c800000, 0x000000063d000000|  0%| F|  |TAMS 0x000000063c800000| PB 0x000000063c800000| Untracked 
|1146|0x000000063d000000, 0x000000063d000000, 0x000000063d800000|  0%| F|  |TAMS 0x000000063d000000| PB 0x000000063d000000| Untracked 
|1147|0x000000063d800000, 0x000000063d800000, 0x000000063e000000|  0%| F|  |TAMS 0x000000063d800000| PB 0x000000063d800000| Untracked 
|1148|0x000000063e000000, 0x000000063e000000, 0x000000063e800000|  0%| F|  |TAMS 0x000000063e000000| PB 0x000000063e000000| Untracked 
|1149|0x000000063e800000, 0x000000063e800000, 0x000000063f000000|  0%| F|  |TAMS 0x000000063e800000| PB 0x000000063e800000| Untracked 
|1150|0x000000063f000000, 0x000000063f000000, 0x000000063f800000|  0%| F|  |TAMS 0x000000063f000000| PB 0x000000063f000000| Untracked 
|1151|0x000000063f800000, 0x000000063f800000, 0x0000000640000000|  0%| F|  |TAMS 0x000000063f800000| PB 0x000000063f800000| Untracked 
|1152|0x0000000640000000, 0x0000000640000000, 0x0000000640800000|  0%| F|  |TAMS 0x0000000640000000| PB 0x0000000640000000| Untracked 
|1153|0x0000000640800000, 0x0000000640800000, 0x0000000641000000|  0%| F|  |TAMS 0x0000000640800000| PB 0x0000000640800000| Untracked 
|1154|0x0000000641000000, 0x0000000641000000, 0x0000000641800000|  0%| F|  |TAMS 0x0000000641000000| PB 0x0000000641000000| Untracked 
|1155|0x0000000641800000, 0x0000000641800000, 0x0000000642000000|  0%| F|  |TAMS 0x0000000641800000| PB 0x0000000641800000| Untracked 
|1156|0x0000000642000000, 0x0000000642000000, 0x0000000642800000|  0%| F|  |TAMS 0x0000000642000000| PB 0x0000000642000000| Untracked 
|1157|0x0000000642800000, 0x0000000642800000, 0x0000000643000000|  0%| F|  |TAMS 0x0000000642800000| PB 0x0000000642800000| Untracked 
|1158|0x0000000643000000, 0x0000000643000000, 0x0000000643800000|  0%| F|  |TAMS 0x0000000643000000| PB 0x0000000643000000| Untracked 
|1159|0x0000000643800000, 0x0000000643800000, 0x0000000644000000|  0%| F|  |TAMS 0x0000000643800000| PB 0x0000000643800000| Untracked 
|1160|0x0000000644000000, 0x0000000644000000, 0x0000000644800000|  0%| F|  |TAMS 0x0000000644000000| PB 0x0000000644000000| Untracked 
|1161|0x0000000644800000, 0x0000000644800000, 0x0000000645000000|  0%| F|  |TAMS 0x0000000644800000| PB 0x0000000644800000| Untracked 
|1162|0x0000000645000000, 0x0000000645000000, 0x0000000645800000|  0%| F|  |TAMS 0x0000000645000000| PB 0x0000000645000000| Untracked 
|1163|0x0000000645800000, 0x0000000645800000, 0x0000000646000000|  0%| F|  |TAMS 0x0000000645800000| PB 0x0000000645800000| Untracked 
|1164|0x0000000646000000, 0x0000000646000000, 0x0000000646800000|  0%| F|  |TAMS 0x0000000646000000| PB 0x0000000646000000| Untracked 
|1165|0x0000000646800000, 0x0000000646800000, 0x0000000647000000|  0%| F|  |TAMS 0x0000000646800000| PB 0x0000000646800000| Untracked 
|1166|0x0000000647000000, 0x0000000647000000, 0x0000000647800000|  0%| F|  |TAMS 0x0000000647000000| PB 0x0000000647000000| Untracked 
|1167|0x0000000647800000, 0x0000000647800000, 0x0000000648000000|  0%| F|  |TAMS 0x0000000647800000| PB 0x0000000647800000| Untracked 
|1168|0x0000000648000000, 0x0000000648000000, 0x0000000648800000|  0%| F|  |TAMS 0x0000000648000000| PB 0x0000000648000000| Untracked 
|1169|0x0000000648800000, 0x0000000648800000, 0x0000000649000000|  0%| F|  |TAMS 0x0000000648800000| PB 0x0000000648800000| Untracked 
|1170|0x0000000649000000, 0x0000000649000000, 0x0000000649800000|  0%| F|  |TAMS 0x0000000649000000| PB 0x0000000649000000| Untracked 
|1171|0x0000000649800000, 0x0000000649800000, 0x000000064a000000|  0%| F|  |TAMS 0x0000000649800000| PB 0x0000000649800000| Untracked 
|1172|0x000000064a000000, 0x000000064a000000, 0x000000064a800000|  0%| F|  |TAMS 0x000000064a000000| PB 0x000000064a000000| Untracked 
|1173|0x000000064a800000, 0x000000064a800000, 0x000000064b000000|  0%| F|  |TAMS 0x000000064a800000| PB 0x000000064a800000| Untracked 
|1174|0x000000064b000000, 0x000000064b000000, 0x000000064b800000|  0%| F|  |TAMS 0x000000064b000000| PB 0x000000064b000000| Untracked 
|1175|0x000000064b800000, 0x000000064b800000, 0x000000064c000000|  0%| F|  |TAMS 0x000000064b800000| PB 0x000000064b800000| Untracked 
|1176|0x000000064c000000, 0x000000064c000000, 0x000000064c800000|  0%| F|  |TAMS 0x000000064c000000| PB 0x000000064c000000| Untracked 
|1177|0x000000064c800000, 0x000000064c800000, 0x000000064d000000|  0%| F|  |TAMS 0x000000064c800000| PB 0x000000064c800000| Untracked 
|1178|0x000000064d000000, 0x000000064d000000, 0x000000064d800000|  0%| F|  |TAMS 0x000000064d000000| PB 0x000000064d000000| Untracked 
|1179|0x000000064d800000, 0x000000064d800000, 0x000000064e000000|  0%| F|  |TAMS 0x000000064d800000| PB 0x000000064d800000| Untracked 
|1180|0x000000064e000000, 0x000000064e000000, 0x000000064e800000|  0%| F|  |TAMS 0x000000064e000000| PB 0x000000064e000000| Untracked 
|1181|0x000000064e800000, 0x000000064e800000, 0x000000064f000000|  0%| F|  |TAMS 0x000000064e800000| PB 0x000000064e800000| Untracked 
|1182|0x000000064f000000, 0x000000064f000000, 0x000000064f800000|  0%| F|  |TAMS 0x000000064f000000| PB 0x000000064f000000| Untracked 
|1183|0x000000064f800000, 0x000000064f800000, 0x0000000650000000|  0%| F|  |TAMS 0x000000064f800000| PB 0x000000064f800000| Untracked 
|1184|0x0000000650000000, 0x0000000650000000, 0x0000000650800000|  0%| F|  |TAMS 0x0000000650000000| PB 0x0000000650000000| Untracked 
|1185|0x0000000650800000, 0x0000000650800000, 0x0000000651000000|  0%| F|  |TAMS 0x0000000650800000| PB 0x0000000650800000| Untracked 
|1186|0x0000000651000000, 0x0000000651000000, 0x0000000651800000|  0%| F|  |TAMS 0x0000000651000000| PB 0x0000000651000000| Untracked 
|1187|0x0000000651800000, 0x0000000651800000, 0x0000000652000000|  0%| F|  |TAMS 0x0000000651800000| PB 0x0000000651800000| Untracked 
|1188|0x0000000652000000, 0x0000000652000000, 0x0000000652800000|  0%| F|  |TAMS 0x0000000652000000| PB 0x0000000652000000| Untracked 
|1189|0x0000000652800000, 0x0000000652800000, 0x0000000653000000|  0%| F|  |TAMS 0x0000000652800000| PB 0x0000000652800000| Untracked 
|1190|0x0000000653000000, 0x0000000653000000, 0x0000000653800000|  0%| F|  |TAMS 0x0000000653000000| PB 0x0000000653000000| Untracked 
|1191|0x0000000653800000, 0x0000000653800000, 0x0000000654000000|  0%| F|  |TAMS 0x0000000653800000| PB 0x0000000653800000| Untracked 
|1192|0x0000000654000000, 0x0000000654000000, 0x0000000654800000|  0%| F|  |TAMS 0x0000000654000000| PB 0x0000000654000000| Untracked 
|1193|0x0000000654800000, 0x0000000654800000, 0x0000000655000000|  0%| F|  |TAMS 0x0000000654800000| PB 0x0000000654800000| Untracked 
|1194|0x0000000655000000, 0x0000000655000000, 0x0000000655800000|  0%| F|  |TAMS 0x0000000655000000| PB 0x0000000655000000| Untracked 
|1195|0x0000000655800000, 0x0000000655800000, 0x0000000656000000|  0%| F|  |TAMS 0x0000000655800000| PB 0x0000000655800000| Untracked 
|1196|0x0000000656000000, 0x0000000656000000, 0x0000000656800000|  0%| F|  |TAMS 0x0000000656000000| PB 0x0000000656000000| Untracked 
|1197|0x0000000656800000, 0x0000000656800000, 0x0000000657000000|  0%| F|  |TAMS 0x0000000656800000| PB 0x0000000656800000| Untracked 
|1198|0x0000000657000000, 0x0000000657000000, 0x0000000657800000|  0%| F|  |TAMS 0x0000000657000000| PB 0x0000000657000000| Untracked 
|1199|0x0000000657800000, 0x0000000657800000, 0x0000000658000000|  0%| F|  |TAMS 0x0000000657800000| PB 0x0000000657800000| Untracked 
|1200|0x0000000658000000, 0x0000000658000000, 0x0000000658800000|  0%| F|  |TAMS 0x0000000658000000| PB 0x0000000658000000| Untracked 
|1201|0x0000000658800000, 0x0000000658800000, 0x0000000659000000|  0%| F|  |TAMS 0x0000000658800000| PB 0x0000000658800000| Untracked 
|1202|0x0000000659000000, 0x0000000659000000, 0x0000000659800000|  0%| F|  |TAMS 0x0000000659000000| PB 0x0000000659000000| Untracked 
|1203|0x0000000659800000, 0x0000000659800000, 0x000000065a000000|  0%| F|  |TAMS 0x0000000659800000| PB 0x0000000659800000| Untracked 
|1204|0x000000065a000000, 0x000000065a000000, 0x000000065a800000|  0%| F|  |TAMS 0x000000065a000000| PB 0x000000065a000000| Untracked 
|1205|0x000000065a800000, 0x000000065a800000, 0x000000065b000000|  0%| F|  |TAMS 0x000000065a800000| PB 0x000000065a800000| Untracked 
|1206|0x000000065b000000, 0x000000065b000000, 0x000000065b800000|  0%| F|  |TAMS 0x000000065b000000| PB 0x000000065b000000| Untracked 
|1207|0x000000065b800000, 0x000000065b800000, 0x000000065c000000|  0%| F|  |TAMS 0x000000065b800000| PB 0x000000065b800000| Untracked 
|1208|0x000000065c000000, 0x000000065c000000, 0x000000065c800000|  0%| F|  |TAMS 0x000000065c000000| PB 0x000000065c000000| Untracked 
|1209|0x000000065c800000, 0x000000065c800000, 0x000000065d000000|  0%| F|  |TAMS 0x000000065c800000| PB 0x000000065c800000| Untracked 
|1210|0x000000065d000000, 0x000000065d000000, 0x000000065d800000|  0%| F|  |TAMS 0x000000065d000000| PB 0x000000065d000000| Untracked 
|1211|0x000000065d800000, 0x000000065d800000, 0x000000065e000000|  0%| F|  |TAMS 0x000000065d800000| PB 0x000000065d800000| Untracked 
|1212|0x000000065e000000, 0x000000065e000000, 0x000000065e800000|  0%| F|  |TAMS 0x000000065e000000| PB 0x000000065e000000| Untracked 
|1213|0x000000065e800000, 0x000000065e800000, 0x000000065f000000|  0%| F|  |TAMS 0x000000065e800000| PB 0x000000065e800000| Untracked 
|1214|0x000000065f000000, 0x000000065f000000, 0x000000065f800000|  0%| F|  |TAMS 0x000000065f000000| PB 0x000000065f000000| Untracked 
|1215|0x000000065f800000, 0x000000065f800000, 0x0000000660000000|  0%| F|  |TAMS 0x000000065f800000| PB 0x000000065f800000| Untracked 
|1216|0x0000000660000000, 0x0000000660000000, 0x0000000660800000|  0%| F|  |TAMS 0x0000000660000000| PB 0x0000000660000000| Untracked 
|1217|0x0000000660800000, 0x0000000660800000, 0x0000000661000000|  0%| F|  |TAMS 0x0000000660800000| PB 0x0000000660800000| Untracked 
|1218|0x0000000661000000, 0x0000000661000000, 0x0000000661800000|  0%| F|  |TAMS 0x0000000661000000| PB 0x0000000661000000| Untracked 
|1219|0x0000000661800000, 0x0000000661800000, 0x0000000662000000|  0%| F|  |TAMS 0x0000000661800000| PB 0x0000000661800000| Untracked 
|1220|0x0000000662000000, 0x0000000662000000, 0x0000000662800000|  0%| F|  |TAMS 0x0000000662000000| PB 0x0000000662000000| Untracked 
|1221|0x0000000662800000, 0x0000000662800000, 0x0000000663000000|  0%| F|  |TAMS 0x0000000662800000| PB 0x0000000662800000| Untracked 
|1222|0x0000000663000000, 0x0000000663000000, 0x0000000663800000|  0%| F|  |TAMS 0x0000000663000000| PB 0x0000000663000000| Untracked 
|1223|0x0000000663800000, 0x0000000663800000, 0x0000000664000000|  0%| F|  |TAMS 0x0000000663800000| PB 0x0000000663800000| Untracked 
|1224|0x0000000664000000, 0x0000000664000000, 0x0000000664800000|  0%| F|  |TAMS 0x0000000664000000| PB 0x0000000664000000| Untracked 
|1225|0x0000000664800000, 0x0000000664800000, 0x0000000665000000|  0%| F|  |TAMS 0x0000000664800000| PB 0x0000000664800000| Untracked 
|1226|0x0000000665000000, 0x0000000665000000, 0x0000000665800000|  0%| F|  |TAMS 0x0000000665000000| PB 0x0000000665000000| Untracked 
|1227|0x0000000665800000, 0x0000000665800000, 0x0000000666000000|  0%| F|  |TAMS 0x0000000665800000| PB 0x0000000665800000| Untracked 
|1228|0x0000000666000000, 0x0000000666000000, 0x0000000666800000|  0%| F|  |TAMS 0x0000000666000000| PB 0x0000000666000000| Untracked 
|1229|0x0000000666800000, 0x0000000666800000, 0x0000000667000000|  0%| F|  |TAMS 0x0000000666800000| PB 0x0000000666800000| Untracked 

Card table byte_map: [0x0000019b7c760000,0x0000019b7e760000] _byte_map_base: 0x0000019b7a760000

Marking Bits: (CMBitMap*) 0x0000019b7e8b1820
 Bits: [0x0000019b0f000000, 0x0000019b1f000000)

Polling page: 0x0000019b6f790000

Metaspace:

Usage:
  Non-class:      4.00 MB used.
      Class:    387.11 KB used.
       Both:      4.37 MB used.

Virtual space:
  Non-class space:       64.00 MB reserved,       4.12 MB (  6%) committed,  1 nodes.
      Class space:        1.00 GB reserved,     512.00 KB ( <1%) committed,  1 nodes.
             Both:        1.06 GB reserved,       4.62 MB ( <1%) committed. 

Chunk freelists:
   Non-Class:  10.84 MB
       Class:  15.56 MB
        Both:  26.41 MB

MaxMetaspaceSize: unlimited
CompressedClassSpaceSize: 1.00 GB
Initial GC threshold: 21.00 MB
Current GC threshold: 21.00 MB
CDS: on
 - commit_granule_bytes: 65536.
 - commit_granule_words: 8192.
 - virtual_space_node_default_size: 8388608.
 - enlarge_chunks_in_place: 1.
 - use_allocation_guard: 0.


Internal statistics:

num_allocs_failed_limit: 0.
num_arena_births: 100.
num_arena_deaths: 0.
num_vsnodes_births: 2.
num_vsnodes_deaths: 0.
num_space_committed: 74.
num_space_uncommitted: 0.
num_chunks_returned_to_freelist: 0.
num_chunks_taken_from_freelist: 180.
num_chunk_merges: 0.
num_chunk_splits: 109.
num_chunks_enlarged: 69.
num_inconsistent_stats: 0.

CodeHeap 'non-profiled nmethods': size=119168Kb used=1010Kb max_used=1010Kb free=118157Kb
 bounds [0x0000019b07ba0000, 0x0000019b07e10000, 0x0000019b0f000000]
CodeHeap 'profiled nmethods': size=119104Kb used=2934Kb max_used=2934Kb free=116169Kb
 bounds [0x0000019b00000000, 0x0000019b002e0000, 0x0000019b07450000]
CodeHeap 'non-nmethods': size=7488Kb used=1384Kb max_used=3098Kb free=6103Kb
 bounds [0x0000019b07450000, 0x0000019b07760000, 0x0000019b07ba0000]
 total_blobs=2133 nmethods=1648 adapters=390
 compilation: enabled
              stopped_count=0, restarted_count=0
 full_count=0

Compilation events (20 events):
Event: 13.328 Thread 0x0000019b7fcca1b0 nmethod 1637 0x0000019b002d8b90 code [0x0000019b002d8da0, 0x0000019b002d93c8]
Event: 13.328 Thread 0x0000019b6698c900 1638   !   3       jdk.internal.misc.ScopedMemoryAccess::copyMemoryInternal (56 bytes)
Event: 13.328 Thread 0x0000019b7fcca1b0 1639       3       java.nio.channels.spi.AbstractInterruptibleChannel::end (53 bytes)
Event: 13.328 Thread 0x0000019b6698c900 nmethod 1638 0x0000019b002d9790 code [0x0000019b002d9980, 0x0000019b002d9ec0]
Event: 13.328 Thread 0x0000019b6698c900 1640       3       java.util.stream.StreamSupport::stream (19 bytes)
Event: 13.328 Thread 0x0000019b7fcca1b0 nmethod 1639 0x0000019b002da210 code [0x0000019b002da420, 0x0000019b002da950]
Event: 13.328 Thread 0x0000019b7fcca1b0 1641       3       java.util.stream.ReferencePipeline$Head::<init> (8 bytes)
Event: 13.328 Thread 0x0000019b7fcca1b0 nmethod 1641 0x0000019b002dab90 code [0x0000019b002dad40, 0x0000019b002daed8]
Event: 13.328 Thread 0x0000019b7fcca1b0 1642       3       java.util.stream.ReferencePipeline::<init> (8 bytes)
Event: 13.328 Thread 0x0000019b7fcca1b0 nmethod 1642 0x0000019b002daf90 code [0x0000019b002db140, 0x0000019b002db278]
Event: 13.328 Thread 0x0000019b7fcca1b0 1646       3       java.nio.HeapByteBuffer::get (64 bytes)
Event: 13.328 Thread 0x0000019b6698c900 nmethod 1640 0x0000019b002db310 code [0x0000019b002db500, 0x0000019b002db938]
Event: 13.328 Thread 0x0000019b6698c900 1647       3       java.nio.Buffer$2::acquireSession (14 bytes)
Event: 13.328 Thread 0x0000019b6698c900 nmethod 1647 0x0000019b002dbb10 code [0x0000019b002dbce0, 0x0000019b002dc108]
Event: 13.328 Thread 0x0000019b7fcca1b0 nmethod 1646 0x0000019b002dc290 code [0x0000019b002dc4e0, 0x0000019b002dcea8]
Event: 13.328 Thread 0x0000019b6698c900 1648   !   3       java.nio.Buffer$2::releaseSession (28 bytes)
Event: 13.329 Thread 0x0000019b6698c900 nmethod 1648 0x0000019b002dd210 code [0x0000019b002dd400, 0x0000019b002dd908]
Event: 13.370 Thread 0x0000019b7fcc9300 nmethod 1624% 0x0000019b07c96d90 code [0x0000019b07c972a0, 0x0000019b07c9b0a0]
Event: 17.709 Thread 0x0000019b7fcc9300 1649       4       java.util.ArrayList::elementData (7 bytes)
Event: 17.721 Thread 0x0000019b7fcc9300 nmethod 1649 0x0000019b07c9c790 code [0x0000019b07c9c920, 0x0000019b07c9c9f8]

GC Heap History (20 events):
Event: 4.788 GC heap before
{Heap before GC invocations=4 (full 0):
 garbage-first heap   total 4194304K, used 979064K [0x0000000400000000, 0x0000000800000000)
  region size 8192K, 25 young (204800K), 4 survivors (32768K)
 Metaspace       used 3869K, committed 4096K, reserved 1114112K
  class space    used 352K, committed 448K, reserved 1048576K
}
Event: 4.866 GC heap after
{Heap after GC invocations=5 (full 0):
 garbage-first heap   total 4194304K, used 997972K [0x0000000400000000, 0x0000000800000000)
  region size 8192K, 4 young (32768K), 4 survivors (32768K)
 Metaspace       used 3869K, committed 4096K, reserved 1114112K
  class space    used 352K, committed 448K, reserved 1048576K
}
Event: 8.446 GC heap before
{Heap before GC invocations=5 (full 0):
 garbage-first heap   total 4194304K, used 1964628K [0x0000000400000000, 0x0000000800000000)
  region size 8192K, 13 young (106496K), 4 survivors (32768K)
 Metaspace       used 4434K, committed 4608K, reserved 1114112K
  class space    used 386K, committed 512K, reserved 1048576K
}
Event: 8.479 GC heap after
{Heap after GC invocations=6 (full 0):
 garbage-first heap   total 6963200K, used 1212416K [0x0000000400000000, 0x0000000800000000)
  region size 8192K, 4 young (32768K), 4 survivors (32768K)
 Metaspace       used 4434K, committed 4608K, reserved 1114112K
  class space    used 386K, committed 512K, reserved 1048576K
}
Event: 10.070 GC heap before
{Heap before GC invocations=6 (full 0):
 garbage-first heap   total 6963200K, used 2424832K [0x0000000400000000, 0x0000000800000000)
  region size 8192K, 42 young (344064K), 4 survivors (32768K)
 Metaspace       used 4434K, committed 4608K, reserved 1114112K
  class space    used 386K, committed 512K, reserved 1048576K
}
Event: 10.139 GC heap after
{Heap after GC invocations=7 (full 0):
 garbage-first heap   total 6963200K, used 1368064K [0x0000000400000000, 0x0000000800000000)
  region size 8192K, 6 young (49152K), 6 survivors (49152K)
 Metaspace       used 4434K, committed 4608K, reserved 1114112K
  class space    used 386K, committed 512K, reserved 1048576K
}
Event: 10.477 GC heap before
{Heap before GC invocations=7 (full 0):
 garbage-first heap   total 6963200K, used 1662976K [0x0000000400000000, 0x0000000800000000)
  region size 8192K, 42 young (344064K), 6 survivors (49152K)
 Metaspace       used 4434K, committed 4608K, reserved 1114112K
  class space    used 386K, committed 512K, reserved 1048576K
}
Event: 10.598 GC heap after
{Heap after GC invocations=8 (full 0):
 garbage-first heap   total 6963200K, used 1686676K [0x0000000400000000, 0x0000000800000000)
  region size 8192K, 6 young (49152K), 6 survivors (49152K)
 Metaspace       used 4434K, committed 4608K, reserved 1114112K
  class space    used 386K, committed 512K, reserved 1048576K
}
Event: 14.807 GC heap before
{Heap before GC invocations=8 (full 0):
 garbage-first heap   total 6963200K, used 2743444K [0x0000000400000000, 0x0000000800000000)
  region size 8192K, 17 young (139264K), 6 survivors (49152K)
 Metaspace       used 4478K, committed 4736K, reserved 1114112K
  class space    used 387K, committed 512K, reserved 1048576K
}
Event: 14.843 GC heap after
{Heap after GC invocations=9 (full 0):
 garbage-first heap   total 6963200K, used 2564096K [0x0000000400000000, 0x0000000800000000)
  region size 8192K, 6 young (49152K), 6 survivors (49152K)
 Metaspace       used 4478K, committed 4736K, reserved 1114112K
  class space    used 387K, committed 512K, reserved 1048576K
}
Event: 15.281 GC heap before
{Heap before GC invocations=9 (full 0):
 garbage-first heap   total 6963200K, used 3170304K [0x0000000400000000, 0x0000000800000000)
  region size 8192K, 7 young (57344K), 6 survivors (49152K)
 Metaspace       used 4478K, committed 4736K, reserved 1114112K
  class space    used 387K, committed 512K, reserved 1048576K
}
Event: 15.293 GC heap after
{Heap after GC invocations=10 (full 0):
 garbage-first heap   total 6963200K, used 2888335K [0x0000000400000000, 0x0000000800000000)
  region size 8192K, 1 young (8192K), 1 survivors (8192K)
 Metaspace       used 4478K, committed 4736K, reserved 1114112K
  class space    used 387K, committed 512K, reserved 1048576K
}
Event: 15.889 GC heap before
{Heap before GC invocations=10 (full 0):
 garbage-first heap   total 6963200K, used 3453583K [0x0000000400000000, 0x0000000800000000)
  region size 8192K, 1 young (8192K), 1 survivors (8192K)
 Metaspace       used 4478K, committed 4736K, reserved 1114112K
  class space    used 387K, committed 512K, reserved 1048576K
}
Event: 15.891 GC heap after
{Heap after GC invocations=11 (full 0):
 garbage-first heap   total 6963200K, used 2846560K [0x0000000400000000, 0x0000000800000000)
  region size 8192K, 1 young (8192K), 1 survivors (8192K)
 Metaspace       used 4478K, committed 4736K, reserved 1114112K
  class space    used 387K, committed 512K, reserved 1048576K
}
Event: 16.373 GC heap before
{Heap before GC invocations=11 (full 0):
 garbage-first heap   total 6963200K, used 3411808K [0x0000000400000000, 0x0000000800000000)
  region size 8192K, 2 young (16384K), 1 survivors (8192K)
 Metaspace       used 4478K, committed 4736K, reserved 1114112K
  class space    used 387K, committed 512K, reserved 1048576K
}
Event: 16.374 GC heap after
{Heap after GC invocations=12 (full 0):
 garbage-first heap   total 6963200K, used 2174450K [0x0000000400000000, 0x0000000800000000)
  region size 8192K, 1 young (8192K), 1 survivors (8192K)
 Metaspace       used 4478K, committed 4736K, reserved 1114112K
  class space    used 387K, committed 512K, reserved 1048576K
}
Event: 16.556 GC heap before
{Heap before GC invocations=12 (full 0):
 garbage-first heap   total 6963200K, used 2739698K [0x0000000400000000, 0x0000000800000000)
  region size 8192K, 2 young (16384K), 1 survivors (8192K)
 Metaspace       used 4478K, committed 4736K, reserved 1114112K
  class space    used 387K, committed 512K, reserved 1048576K
}
Event: 16.558 GC heap after
{Heap after GC invocations=13 (full 0):
 garbage-first heap   total 6963200K, used 2739733K [0x0000000400000000, 0x0000000800000000)
  region size 8192K, 1 young (8192K), 1 survivors (8192K)
 Metaspace       used 4478K, committed 4736K, reserved 1114112K
  class space    used 387K, committed 512K, reserved 1048576K
}
Event: 16.945 GC heap before
{Heap before GC invocations=13 (full 0):
 garbage-first heap   total 6963200K, used 3862037K [0x0000000400000000, 0x0000000800000000)
  region size 8192K, 2 young (16384K), 1 survivors (8192K)
 Metaspace       used 4478K, committed 4736K, reserved 1114112K
  class space    used 387K, committed 512K, reserved 1048576K
}
Event: 16.947 GC heap after
{Heap after GC invocations=14 (full 0):
 garbage-first heap   total 6963200K, used 3862032K [0x0000000400000000, 0x0000000800000000)
  region size 8192K, 1 young (8192K), 1 survivors (8192K)
 Metaspace       used 4478K, committed 4736K, reserved 1114112K
  class space    used 387K, committed 512K, reserved 1048576K
}

Dll operation events (11 events):
Event: 0.021 Loaded shared library C:\Program Files\Java\jdk-21\bin\java.dll
Event: 0.080 Loaded shared library C:\Program Files\Java\jdk-21\bin\jsvml.dll
Event: 0.154 Loaded shared library C:\Program Files\Java\jdk-21\bin\zip.dll
Event: 0.160 Loaded shared library C:\Program Files\Java\jdk-21\bin\instrument.dll
Event: 0.165 Loaded shared library C:\Program Files\Java\jdk-21\bin\net.dll
Event: 0.167 Loaded shared library C:\Program Files\Java\jdk-21\bin\nio.dll
Event: 0.171 Loaded shared library C:\Program Files\Java\jdk-21\bin\zip.dll
Event: 0.251 Loaded shared library C:\Software\IntelliJ IDEA 2020.3.4\bin\breakgen64.dll
Event: 0.271 Loaded shared library C:\Program Files\Java\jdk-21\bin\verify.dll
Event: 0.276 Loaded shared library C:\Program Files\Java\jdk-21\bin\extnet.dll
Event: 0.280 Loaded shared library C:\Program Files\Java\jdk-21\bin\jimage.dll

Deoptimization events (20 events):
Event: 13.173 Thread 0x0000019b718347b0 Uncommon trap: trap_request=0xffffff45 fr.pc=0x0000019b07c4b988 relative=0x0000000000000248
Event: 13.173 Thread 0x0000019b718347b0 Uncommon trap: reason=unstable_if action=reinterpret pc=0x0000019b07c4b988 method=java.io.ObjectStreamClass$FieldReflector.getPrimFieldValues(Ljava/lang/Object;[B)V @ 44 c2
Event: 13.173 Thread 0x0000019b718347b0 DEOPT PACKING pc=0x0000019b07c4b988 sp=0x00000037535fe690
Event: 13.173 Thread 0x0000019b718347b0 DEOPT UNPACKING pc=0x0000019b074a46a2 sp=0x00000037535fe618 mode 2
Event: 13.174 Thread 0x0000019b718347b0 Uncommon trap: trap_request=0xffffff45 fr.pc=0x0000019b07c54038 relative=0x0000000000001b58
Event: 13.174 Thread 0x0000019b718347b0 Uncommon trap: reason=unstable_if action=reinterpret pc=0x0000019b07c54038 method=java.io.ObjectOutputStream$BlockDataOutputStream.drain()V @ 12 c2
Event: 13.174 Thread 0x0000019b718347b0 DEOPT PACKING pc=0x0000019b07c54038 sp=0x00000037535fe730
Event: 13.174 Thread 0x0000019b718347b0 DEOPT UNPACKING pc=0x0000019b074a46a2 sp=0x00000037535fe628 mode 2
Event: 13.252 Thread 0x0000019b718347b0 DEOPT PACKING pc=0x0000019b002413d6 sp=0x00000037535fe800
Event: 13.252 Thread 0x0000019b718347b0 DEOPT UNPACKING pc=0x0000019b074a4e42 sp=0x00000037535fdc90 mode 0
Event: 13.304 Thread 0x0000019b718347b0 DEOPT PACKING pc=0x0000019b002420f8 sp=0x00000037535fecb0
Event: 13.304 Thread 0x0000019b718347b0 DEOPT UNPACKING pc=0x0000019b074a4e42 sp=0x00000037535fe160 mode 0
Event: 13.310 Thread 0x0000019b718347b0 Uncommon trap: trap_request=0xffffff76 fr.pc=0x0000019b07c0f5f0 relative=0x00000000000004f0
Event: 13.311 Thread 0x0000019b718347b0 Uncommon trap: reason=predicate action=maybe_recompile pc=0x0000019b07c0f5f0 method=java.util.regex.Pattern$Start.match(Ljava/util/regex/Matcher;ILjava/lang/CharSequence;)Z @ 34 c2
Event: 13.311 Thread 0x0000019b718347b0 DEOPT PACKING pc=0x0000019b07c0f5f0 sp=0x00000037535fea80
Event: 13.311 Thread 0x0000019b718347b0 DEOPT UNPACKING pc=0x0000019b074a46a2 sp=0x00000037535fe9e0 mode 2
Event: 13.311 Thread 0x0000019b718347b0 Uncommon trap: trap_request=0xffffff76 fr.pc=0x0000019b07c10e80 relative=0x0000000000000340
Event: 13.311 Thread 0x0000019b718347b0 Uncommon trap: reason=predicate action=maybe_recompile pc=0x0000019b07c10e80 method=java.util.regex.Pattern$Start.match(Ljava/util/regex/Matcher;ILjava/lang/CharSequence;)Z @ 34 c2
Event: 13.311 Thread 0x0000019b718347b0 DEOPT PACKING pc=0x0000019b07c10e80 sp=0x00000037535fea00
Event: 13.311 Thread 0x0000019b718347b0 DEOPT UNPACKING pc=0x0000019b074a46a2 sp=0x00000037535fe9e0 mode 2

Classes loaded (20 events):
Event: 7.597 Loading class java/lang/CloneNotSupportedException
Event: 7.597 Loading class java/lang/CloneNotSupportedException done
Event: 7.597 Loading class java/lang/InterruptedException
Event: 7.598 Loading class java/lang/InterruptedException done
Event: 7.598 Loading class java/io/ClassCache$CacheRef
Event: 7.598 Loading class java/io/ClassCache$CacheRef done
Event: 7.598 Loading class java/io/ObjectStreamClass$FieldReflectorKey
Event: 7.598 Loading class java/io/ObjectStreamClass$FieldReflectorKey done
Event: 7.598 Loading class java/io/ObjectStreamClass$FieldReflector
Event: 7.598 Loading class java/io/ObjectStreamClass$FieldReflector done
Event: 7.598 Loading class java/io/ObjectStreamClass$ClassDataSlot
Event: 7.598 Loading class java/io/ObjectStreamClass$ClassDataSlot done
Event: 7.599 Loading class java/io/SerialCallbackContext
Event: 7.599 Loading class java/io/SerialCallbackContext done
Event: 7.601 Loading class java/io/UnsupportedEncodingException
Event: 7.601 Loading class java/io/UnsupportedEncodingException done
Event: 7.601 Loading class java/nio/charset/CharacterCodingException
Event: 7.601 Loading class java/nio/charset/CharacterCodingException done
Event: 13.310 Loading class java/util/Formatter$FixedString
Event: 13.310 Loading class java/util/Formatter$FixedString done

Classes unloaded (0 events):
No events

Classes redefined (0 events):
No events

Internal exceptions (20 events):
Event: 0.238 Thread 0x0000019b718347b0 Exception <a 'java/lang/NoSuchMethodError'{0x00000004fe042130}: 'void java.lang.invoke.DirectMethodHandle$Holder.invokeStatic(java.lang.Object, java.lang.Object, java.lang.Object)'> (0x00000004fe042130) 
thrown [s\open\src\hotspot\share\interpreter\linkResolver.cpp, line 773]
Event: 0.244 Thread 0x0000019b718347b0 Exception <a 'java/lang/NoSuchMethodError'{0x00000004fe0597a8}: 'java.lang.Object java.lang.invoke.Invokers$Holder.invokeExact_MT(java.lang.Object, java.lang.Object, java.lang.Object, java.lang.Object, java.lang.Object)'> (0x00000004fe0597a8) 
thrown [s\open\src\hotspot\share\interpreter\linkResolver.cpp, line 773]
Event: 0.278 Thread 0x0000019b66371cd0 Exception <a 'java/lang/NoSuchMethodError'{0x00000004fe4242c0}: 'void java.lang.invoke.DirectMethodHandle$Holder.invokeStatic(java.lang.Object, java.lang.Object)'> (0x00000004fe4242c0) 
thrown [s\open\src\hotspot\share\interpreter\linkResolver.cpp, line 773]
Event: 0.335 Thread 0x0000019b718347b0 Exception <a 'java/lang/ClassNotFoundException'{0x00000004fe13b308}: javax/smartcardio/CardPermission> (0x00000004fe13b308) 
thrown [s\open\src\hotspot\share\classfile\systemDictionary.cpp, line 312]
Event: 0.343 Thread 0x0000019b718347b0 Exception <a 'java/io/FileNotFoundException'{0x00000004fe149868}> (0x00000004fe149868) 
thrown [s\open\src\hotspot\share\prims\jni.cpp, line 520]
Event: 0.420 Thread 0x0000019b718347b0 Exception <a 'java/lang/NoSuchMethodError'{0x00000004fe35c430}: 'org.slf4j.impl.StaticMDCBinder org.slf4j.impl.StaticMDCBinder.getSingleton()'> (0x00000004fe35c430) 
thrown [s\open\src\hotspot\share\interpreter\linkResolver.cpp, line 773]
Event: 0.442 Thread 0x0000019b718347b0 Exception <a 'java/lang/NoSuchMethodError'{0x00000004fe3c1ed8}: 'java.lang.Object java.lang.invoke.DirectMethodHandle$Holder.invokeInterface(java.lang.Object, java.lang.Object)'> (0x00000004fe3c1ed8) 
thrown [s\open\src\hotspot\share\interpreter\linkResolver.cpp, line 773]
Event: 0.454 Thread 0x0000019b718347b0 Exception <a 'java/lang/NoSuchMethodError'{0x00000004fd810408}: 'int java.lang.invoke.DirectMethodHandle$Holder.invokeSpecial(java.lang.Object, java.lang.Object, java.lang.Object)'> (0x00000004fd810408) 
thrown [s\open\src\hotspot\share\interpreter\linkResolver.cpp, line 773]
Event: 0.466 Thread 0x0000019b718347b0 Exception <a 'java/lang/NoSuchMethodError'{0x00000004fd838d98}: 'int java.lang.invoke.DirectMethodHandle$Holder.invokeSpecial(java.lang.Object, java.lang.Object, java.lang.Object, int)'> (0x00000004fd838d98) 
thrown [s\open\src\hotspot\share\interpreter\linkResolver.cpp, line 773]
Event: 0.468 Thread 0x0000019b718347b0 Exception <a 'java/lang/NoSuchMethodError'{0x00000004fd84b398}: 'java.lang.Object java.lang.invoke.DirectMethodHandle$Holder.invokeStatic(java.lang.Object, java.lang.Object, java.lang.Object, java.lang.Object, int)'> (0x00000004fd84b398) 
thrown [s\open\src\hotspot\share\interpreter\linkResolver.cpp, line 773]
Event: 0.469 Thread 0x0000019b718347b0 Exception <a 'java/lang/NoSuchMethodError'{0x00000004fd852d98}: 'long java.lang.invoke.DirectMethodHandle$Holder.invokeStatic(java.lang.Object, java.lang.Object, int)'> (0x00000004fd852d98) 
thrown [s\open\src\hotspot\share\interpreter\linkResolver.cpp, line 773]
Event: 0.471 Thread 0x0000019b718347b0 Exception <a 'java/lang/NoSuchMethodError'{0x00000004fd85df70}: 'java.lang.Object java.lang.invoke.DelegatingMethodHandle$Holder.reinvoke_L(java.lang.Object, int, long, java.lang.Object, java.lang.Object, int, java.lang.Object)'> (0x00000004fd85df70) 
thrown [s\open\src\hotspot\share\interpreter\linkResolver.cpp, line 773]
Event: 0.477 Thread 0x0000019b718347b0 Exception <a 'java/lang/NoSuchMethodError'{0x00000004fd885088}: 'java.lang.Object java.lang.invoke.DirectMethodHandle$Holder.invokeStatic(java.lang.Object, java.lang.Object, int)'> (0x00000004fd885088) 
thrown [s\open\src\hotspot\share\interpreter\linkResolver.cpp, line 773]
Event: 0.478 Thread 0x0000019b718347b0 Exception <a 'java/lang/NoSuchMethodError'{0x00000004fd8904c0}: 'void java.lang.invoke.DelegatingMethodHandle$Holder.delegate(java.lang.Object, java.lang.Object, int, java.lang.Object)'> (0x00000004fd8904c0) 
thrown [s\open\src\hotspot\share\interpreter\linkResolver.cpp, line 773]
Event: 1.255 Thread 0x0000019b7fc98070 Exception <a 'java/lang/NoSuchMethodError'{0x00000004fc8ada30}: 'java.lang.Object java.lang.invoke.Invokers$Holder.invokeExact_MT(java.lang.Object, java.lang.Object, java.lang.Object, java.lang.Object, java.lang.Object, java.lang.Object)'> (0x00000004fc8ada30) 
thrown [s\open\src\hotspot\share\interpreter\linkResolver.cpp, line 773]
Event: 7.592 Thread 0x0000019b718347b0 Exception <a 'java/lang/NoSuchMethodError'{0x00000004fc2290a8}: 'long java.lang.invoke.DirectMethodHandle$Holder.invokeSpecial(java.lang.Object, java.lang.Object)'> (0x00000004fc2290a8) 
thrown [s\open\src\hotspot\share\interpreter\linkResolver.cpp, line 773]
Event: 7.593 Thread 0x0000019b718347b0 Exception <a 'java/lang/NoSuchMethodError'{0x00000004fc22c4d0}: 'long java.lang.invoke.Invokers$Holder.invokeExact_MT(java.lang.Object, java.lang.Object)'> (0x00000004fc22c4d0) 
thrown [s\open\src\hotspot\share\interpreter\linkResolver.cpp, line 773]
Event: 7.599 Thread 0x0000019b718347b0 Exception <a 'java/lang/NoSuchMethodError'{0x00000004fc23ad98}: 'void java.lang.invoke.DirectMethodHandle$Holder.invokeSpecial(java.lang.Object, java.lang.Object, java.lang.Object)'> (0x00000004fc23ad98) 
thrown [s\open\src\hotspot\share\interpreter\linkResolver.cpp, line 773]
Event: 13.173 Thread 0x0000019b718347b0 Implicit null exception at 0x0000019b07c4c024 to 0x0000019b07c4c3b4
Event: 13.173 Thread 0x0000019b718347b0 Implicit null exception at 0x0000019b07c4f781 to 0x0000019b07c50020

ZGC Phase Switch (0 events):
No events

VM Operations (20 events):
Event: 12.606 Executing VM operation: Cleanup
Event: 12.606 Executing VM operation: Cleanup done
Event: 13.620 Executing VM operation: Cleanup
Event: 13.667 Executing VM operation: Cleanup done
Event: 14.806 Executing VM operation: G1TryInitiateConcMark (G1 Humongous Allocation)
Event: 14.843 Executing VM operation: G1TryInitiateConcMark (G1 Humongous Allocation) done
Event: 15.281 Executing VM operation: G1TryInitiateConcMark (G1 Humongous Allocation)
Event: 15.293 Executing VM operation: G1TryInitiateConcMark (G1 Humongous Allocation) done
Event: 15.889 Executing VM operation: G1TryInitiateConcMark (G1 Humongous Allocation)
Event: 15.891 Executing VM operation: G1TryInitiateConcMark (G1 Humongous Allocation) done
Event: 16.373 Executing VM operation: G1TryInitiateConcMark (G1 Humongous Allocation)
Event: 16.374 Executing VM operation: G1TryInitiateConcMark (G1 Humongous Allocation) done
Event: 16.556 Executing VM operation: G1TryInitiateConcMark (G1 Humongous Allocation)
Event: 16.558 Executing VM operation: G1TryInitiateConcMark (G1 Humongous Allocation) done
Event: 16.945 Executing VM operation: G1TryInitiateConcMark (G1 Humongous Allocation)
Event: 16.947 Executing VM operation: G1TryInitiateConcMark (G1 Humongous Allocation) done
Event: 17.001 Executing VM operation: G1PauseRemark
Event: 17.173 Executing VM operation: G1PauseRemark done
Event: 17.177 Executing VM operation: G1PauseCleanup
Event: 17.707 Executing VM operation: G1PauseCleanup done

Events (20 events):
Event: 4.947 Thread 0x0000019b6698b490 Thread added: 0x0000019b6698b490
Event: 4.947 Thread 0x0000019b6698c900 Thread added: 0x0000019b6698c900
Event: 6.998 Thread 0x0000019b6698b490 Thread exited: 0x0000019b6698b490
Event: 6.998 Thread 0x0000019b6698c900 Thread exited: 0x0000019b6698c900
Event: 7.604 Thread 0x0000019b6698b490 Thread added: 0x0000019b6698b490
Event: 7.607 Thread 0x0000019b6698c230 Thread added: 0x0000019b6698c230
Event: 7.608 Thread 0x0000019b6698bb60 Thread added: 0x0000019b6698bb60
Event: 7.634 Thread 0x0000019b6698c900 Thread added: 0x0000019b6698c900
Event: 7.634 Thread 0x0000019b66e43530 Thread added: 0x0000019b66e43530
Event: 8.162 Thread 0x0000019b66e43530 Thread exited: 0x0000019b66e43530
Event: 8.320 Thread 0x0000019b6698c900 Thread exited: 0x0000019b6698c900
Event: 9.771 Thread 0x0000019b6698bb60 Thread exited: 0x0000019b6698bb60
Event: 11.235 Thread 0x0000019b6698c230 Thread exited: 0x0000019b6698c230
Event: 11.814 Thread 0x0000019b6698b490 Thread exited: 0x0000019b6698b490
Event: 13.238 Thread 0x0000019b6698c230 Thread added: 0x0000019b6698c230
Event: 13.238 Thread 0x0000019b6698bb60 Thread added: 0x0000019b6698bb60
Event: 13.327 Thread 0x0000019b6698c900 Thread added: 0x0000019b6698c900
Event: 17.711 Thread 0x0000019b6698c900 Thread exited: 0x0000019b6698c900
Event: 17.720 Thread 0x0000019b6698bb60 Thread exited: 0x0000019b6698bb60
Event: 22.712 Thread 0x0000019b6698c230 Thread exited: 0x0000019b6698c230


Dynamic libraries:
0x00007ff7efd20000 - 0x00007ff7efd30000 	C:\Program Files\Java\jdk-21\bin\java.exe
0x00007ff99d100000 - 0x00007ff99d366000 	C:\WINDOWS\SYSTEM32\ntdll.dll
0x00007ff99be10000 - 0x00007ff99bed9000 	C:\WINDOWS\System32\KERNEL32.DLL
0x00007ff99a970000 - 0x00007ff99ad6e000 	C:\WINDOWS\System32\KERNELBASE.dll
0x00007ff99a810000 - 0x00007ff99a95c000 	C:\WINDOWS\System32\ucrtbase.dll
0x00007ff97ea90000 - 0x00007ff97eaa9000 	C:\Program Files\Java\jdk-21\bin\jli.dll
0x00007ff97b3d0000 - 0x00007ff97b3eb000 	C:\Program Files\Java\jdk-21\bin\VCRUNTIME140.dll
0x00007ff99ccb0000 - 0x00007ff99cd67000 	C:\WINDOWS\System32\ADVAPI32.dll
0x00007ff99b4a0000 - 0x00007ff99b549000 	C:\WINDOWS\System32\msvcrt.dll
0x00007ff99ce00000 - 0x00007ff99ceaa000 	C:\WINDOWS\System32\sechost.dll
0x00007ff99c3c0000 - 0x00007ff99c4d8000 	C:\WINDOWS\System32\RPCRT4.dll
0x00007ff99c1b0000 - 0x00007ff99c377000 	C:\WINDOWS\System32\USER32.dll
0x00007ff99a6b0000 - 0x00007ff99a6d7000 	C:\WINDOWS\System32\win32u.dll
0x00007ff9739e0000 - 0x00007ff973c72000 	C:\WINDOWS\WinSxS\amd64_microsoft.windows.common-controls_6595b64144ccf1df_6.0.26100.8875_none_3e0d5d42e32fe9dd\COMCTL32.dll
0x00007ff99cd70000 - 0x00007ff99cd9b000 	C:\WINDOWS\System32\GDI32.dll
0x00007ff99a6e0000 - 0x00007ff99a80a000 	C:\WINDOWS\System32\gdi32full.dll
0x00007ff99ad80000 - 0x00007ff99ae23000 	C:\WINDOWS\System32\msvcp_win.dll
0x00007ff97e8d0000 - 0x00007ff97e8db000 	C:\WINDOWS\SYSTEM32\VERSION.dll
0x00007ff99c170000 - 0x00007ff99c1a2000 	C:\WINDOWS\System32\IMM32.DLL
0x00007ff98ca50000 - 0x00007ff98ca5c000 	C:\Program Files\Java\jdk-21\bin\vcruntime140_1.dll
0x00007ff97b340000 - 0x00007ff97b3ce000 	C:\Program Files\Java\jdk-21\bin\msvcp140.dll
0x00007ff9402c0000 - 0x00007ff940fd8000 	C:\Program Files\Java\jdk-21\bin\server\jvm.dll
0x00007ff99d030000 - 0x00007ff99d0b0000 	C:\WINDOWS\System32\WS2_32.dll
0x00007ff98d0f0000 - 0x00007ff98d126000 	C:\WINDOWS\SYSTEM32\WINMM.dll
0x00007ff99a180000 - 0x00007ff99a1de000 	C:\WINDOWS\SYSTEM32\POWRPROF.dll
0x00007ff99a160000 - 0x00007ff99a174000 	C:\WINDOWS\SYSTEM32\UMPDC.dll
0x00007ff998fd0000 - 0x00007ff998feb000 	C:\WINDOWS\SYSTEM32\kernel.appcore.dll
0x00007ff987750000 - 0x00007ff98775a000 	C:\Program Files\Java\jdk-21\bin\jimage.dll
0x00007ff997580000 - 0x00007ff9977c2000 	C:\WINDOWS\SYSTEM32\DBGHELP.DLL
0x00007ff99c600000 - 0x00007ff99c983000 	C:\WINDOWS\System32\combase.dll
0x00007ff99c090000 - 0x00007ff99c169000 	C:\WINDOWS\System32\OLEAUT32.dll
0x00007ff97ef00000 - 0x00007ff97ef3b000 	C:\WINDOWS\SYSTEM32\dbgcore.DLL
0x00007ff99a320000 - 0x00007ff99a3cc000 	C:\WINDOWS\System32\bcryptPrimitives.dll
0x00007ff986250000 - 0x00007ff98625f000 	C:\Program Files\Java\jdk-21\bin\instrument.dll
0x00007ff97b1c0000 - 0x00007ff97b1df000 	C:\Program Files\Java\jdk-21\bin\java.dll
0x00007ff99b570000 - 0x00007ff99bd02000 	C:\WINDOWS\System32\SHELL32.dll
0x00007ff997d80000 - 0x00007ff998612000 	C:\WINDOWS\SYSTEM32\windows.storage.dll
0x00007ff99ceb0000 - 0x00007ff99cfa7000 	C:\WINDOWS\System32\SHCORE.dll
0x00007ff99ca50000 - 0x00007ff99cab7000 	C:\WINDOWS\System32\shlwapi.dll
0x00007ff99a240000 - 0x00007ff99a269000 	C:\WINDOWS\SYSTEM32\profapi.dll
0x00007ff944fa0000 - 0x00007ff945077000 	C:\Program Files\Java\jdk-21\bin\jsvml.dll
0x00007ff97b160000 - 0x00007ff97b178000 	C:\Program Files\Java\jdk-21\bin\zip.dll
0x00007ff983570000 - 0x00007ff983580000 	C:\Program Files\Java\jdk-21\bin\net.dll
0x00007ff992ec0000 - 0x00007ff992fe7000 	C:\WINDOWS\SYSTEM32\WINHTTP.dll
0x00007ff999570000 - 0x00007ff9995dc000 	C:\WINDOWS\system32\mswsock.dll
0x00007ff97ab60000 - 0x00007ff97ab76000 	C:\Program Files\Java\jdk-21\bin\nio.dll
0x00007ff973720000 - 0x00007ff97373a000 	C:\Software\IntelliJ IDEA 2020.3.4\bin\breakgen64.dll
0x00007ff97eb50000 - 0x00007ff97eb60000 	C:\Program Files\Java\jdk-21\bin\verify.dll
0x00007ff97b220000 - 0x00007ff97b229000 	C:\Program Files\Java\jdk-21\bin\extnet.dll

dbghelp: loaded successfully - version: 4.0.5 - missing functions: none
symbol engine: initialized successfully - sym options: 0x614 - pdb path: .;C:\Program Files\Java\jdk-21\bin;C:\WINDOWS\SYSTEM32;C:\WINDOWS\WinSxS\amd64_microsoft.windows.common-controls_6595b64144ccf1df_6.0.26100.8875_none_3e0d5d42e32fe9dd;C:\Program Files\Java\jdk-21\bin\server;C:\Software\IntelliJ IDEA 2020.3.4\bin

VM Arguments:
jvm_args: -Xmx16g -Xms4g -javaagent:C:\Software\IntelliJ IDEA 2020.3.4\lib\idea_rt.jar=56545:C:\Software\IntelliJ IDEA 2020.3.4\bin -Dfile.encoding=UTF-8 
java_command: com.zlw.stroke.getexpression.H5ToBinaryConverter
java_class_path (initial): D:\Workspace\idea\stroke\target\classes;C:\Software\apache-maven-3.6.3\maven-repository\org\springframework\boot\spring-boot-configuration-processor\2.3.7.RELEASE\spring-boot-configuration-processor-2.3.7.RELEASE.jar;C:\Software\apache-maven-3.6.3\maven-repository\org\rosuda\REngine\REngine\2.1.0\REngine-2.1.0.jar;C:\Software\apache-maven-3.6.3\maven-repository\org\rosuda\REngine\Rserve\1.8.1\Rserve-1.8.1.jar;C:\Software\apache-maven-3.6.3\maven-repository\org\springframework\boot\spring-boot-starter-jdbc\2.3.7.RELEASE\spring-boot-starter-jdbc-2.3.7.RELEASE.jar;C:\Software\apache-maven-3.6.3\maven-repository\org\springframework\boot\spring-boot-starter\2.3.7.RELEASE\spring-boot-starter-2.3.7.RELEASE.jar;C:\Software\apache-maven-3.6.3\maven-repository\org\springframework\boot\spring-boot-starter-logging\2.3.7.RELEASE\spring-boot-starter-logging-2.3.7.RELEASE.jar;C:\Software\apache-maven-3.6.3\maven-repository\ch\qos\logback\logback-classic\1.2.3\logback-classic-1.2.3.jar;C:\Software\apache-maven-3.6.3\maven-repository\ch\qos\logback\logback-core\1.2.3\logback-core-1.2.3.jar;C:\Software\apache-maven-3.6.3\maven-repository\org\apache\logging\log4j\log4j-to-slf4j\2.13.3\log4j-to-slf4j-2.13.3.jar;C:\Software\apache-maven-3.6.3\maven-repository\org\apache\logging\log4j\log4j-api\2.13.3\log4j-api-2.13.3.jar;C:\Software\apache-maven-3.6.3\maven-repository\org\slf4j\jul-to-slf4j\1.7.30\jul-to-slf4j-1.7.30.jar;C:\Software\apache-maven-3.6.3\maven-repository\org\yaml\snakeyaml\1.26\snakeyaml-1.26.jar;C:\Software\apache-maven-3.6.3\maven-repository\com\zaxxer\HikariCP\3.4.5\HikariCP-3.4.5.jar;C:\Software\apache-maven-3.6.3\maven-repository\org\springframework\spring-jdbc\5.2.12.RELEASE\spring-jdbc-5.2.12.RELEASE.jar;C:\Software\apache-maven-3.6.3\maven-repository\org\springframework\spring-beans\5.2.12.RELEASE\spring-beans-5.2.12.RELEASE.jar;C:\Software\apache-maven-3.6.3\maven-repository\org\springframework\spring-tx\5.2.12.RELEASE\spring-tx-5.2.12.RELEASE.jar;C:\Software\apache-maven-3.6.3\maven-repository\org\springframework\boot\spring-boot-starter-thymeleaf\2.3.7.RELEASE\spring-boot-starter-thymeleaf-2.3.7.RELEASE.jar;C:\Software\apache-maven-3.6.3\maven-repository\org\thymeleaf\thymeleaf-spring5\3.0.11.RELEASE\thymeleaf-spring5-3.0.11.RELEASE.jar;C:\Software\apache-maven-3.6.3\maven-repository\org\thymeleaf\thymeleaf\3.0.11.RELEASE\thymeleaf-3.0.11.RELEASE.jar;C:\Software\apache-maven-3.6.3\maven-repository\org\attoparser\attoparser\2.0.5.RELEASE\attoparser-2.0.5.RELEASE.jar;C:\Software\apache-maven-3.6.3\maven-repository\org\unbescape\unbescape\1.1.6.RELEASE\unbescape-1.1.6.RELEASE.jar;C:\Software\apache-maven-3.6.3\maven-repository\org\thymeleaf\extras\thymeleaf-extras-java8time\3.0.4.RELEASE\thymeleaf-extras-java8time-3.0.4.RELEASE.jar;C:\Software\apache-maven-3.6.3\maven-repository\org\springframework\boot\spring-boot-starter-web\2.3.7.RELEASE\spring-boot-starter-web-2.3.7.RELEASE.jar;C:\Software\apache-maven-3.6.3\maven-repository\org\springframework\boot\spring-boot-starter-json\2.3.7.RELEASE\spring-boot-starter-json-2.3.7.RELEASE.jar;C:\Software\apache-maven-3.6.3\maven-repository\com\fasterxml\jackson\core\jackson-databind\2.11.3\jackson-databind-2.11.3.jar;C:\Software\apache-maven-3.6.3\maven-repository\com\fasterxml\jackson\core\jackson-annotations\2.11.3\jackson-annotations-2.11.3.jar;C:\Software\apache-maven-3.6.3\maven-repository\com\fasterxml\jackson\core\jackson-core\2.11.3\jackson-core-2.11.3.jar;C:\Software\apache-maven-3.6.3\maven-repository\com\fasterxml\jackson\datatype\jackson-datatype-jdk8\2.11.3\jackson-datatype-jdk8-2.11.3.jar;C:\Software\apache-maven-3.6.3\maven-repository\com\fasterxml\jackson\datatype\jackson-datatype-jsr310\2.11.3\jackson-datatype-jsr310-2.11.3.jar;C:\Software\apache-maven-3.6.3\maven-repository\com\fasterxml\jackson\module\jackson-module-parameter-names\2.11.3\jackson-module-parameter-names-2.11.3.jar;C:\Software\apache-maven-3.6.3\maven-repository\org\springframework\spring-web\5.2.12.RELEASE\spring-web-5.2.12.RELEASE.jar;C:\Software\apache-maven-3.6.3\maven-repository\org\springframework\spring-webmvc\5.2.12.RELEASE\spring-webmvc-5.2.12.RELEASE.jar;C:\Software\apache-maven-3.6.3\maven-repository\org\springframework\spring-aop\5.2.12.RELEASE\spring-aop-5.2.12.RELEASE.jar;C:\Software\apache-maven-3.6.3\maven-repository\org\springframework\spring-context\5.2.12.RELEASE\spring-context-5.2.12.RELEASE.jar;C:\Software\apache-maven-3.6.3\maven-repository\org\springframework\spring-expression\5.2.12.RELEASE\spring-expression-5.2.12.RELEASE.jar;C:\Software\apache-maven-3.6.3\maven-repository\org\springframework\boot\spring-boot-starter-web-services\2.3.7.RELEASE\spring-boot-starter-web-services-2.3.7.RELEASE.jar;C:\Software\apache-maven-3.6.3\maven-repository\com\sun\xml\messaging\saaj\saaj-impl\1.5.2\saaj-impl-1.5.2.jar;C:\Software\apache-maven-3.6.3\maven-repository\jakarta\xml\soap\jakarta.xml.soap-api\1.4.2\jakarta.xml.soap-api-1.4.2.jar;C:\Software\apache-maven-3.6.3\maven-repository\org\jvnet\staxex\stax-ex\1.8.3\stax-ex-1.8.3.jar;C:\Software\apache-maven-3.6.3\maven-repository\com\sun\activation\jakarta.activation\1.2.2\jakarta.activation-1.2.2.jar;C:\Software\apache-maven-3.6.3\maven-repository\jakarta\xml\ws\jakarta.xml.ws-api\2.3.3\jakarta.xml.ws-api-2.3.3.jar;C:\Software\apache-maven-3.6.3\maven-repository\jakarta\jws\jakarta.jws-api\2.1.0\jakarta.jws-api-2.1.0.jar;C:\Software\apache-maven-3.6.3\maven-repository\org\springframework\spring-oxm\5.2.12.RELEASE\spring-oxm-5.2.12.RELEASE.jar;C:\Software\apache-maven-3.6.3\maven-repository\org\springframework\ws\spring-ws-core\3.0.9.RELEASE\spring-ws-core-3.0.9.RELEASE.jar;C:\Software\apache-maven-3.6.3\maven-repository\org\springframework\ws\spring-xml\3.0.9.RELEASE\spring-xml-3.0.9.RELEASE.jar;C:\Software\apache-maven-3.6.3\maven-repository\commons-io\commons-io\2.6\commons-io-2.6.jar;C:\Software\apache-maven-3.6.3\maven-repository\org\mybatis\spring\boot\mybatis-spring-boot-starter\2.1.4\mybatis-spring-boot-starter-2.1.4.jar;C:\Software\apache-maven-3.6.3\maven-repository\org\mybatis\spring\boot\mybatis-spring-boot-autoconfigure\2.1.4\mybatis-spring-boot-autoconfigure-2.1.4.jar;C:\Software\apache-maven-3.6.3\maven-repository\org\mybatis\mybatis\3.5.6\mybatis-3.5.6.jar;C:\Software\apache-maven-3.6.3\maven-repository\org\mybatis\mybatis-spring\2.0.6\mybatis-spring-2.0.6.jar;C:\Software\apache-maven-3.6.3\maven-repository\org\springframework\boot\spring-boot-devtools\2.3.7.RELEASE\spring-boot-devtools-2.3.7.RELEASE.jar;C:\Software\apache-maven-3.6.3\maven-repository\org\springframework\boot\spring-boot\2.3.7.RELEASE\spring-boot-2.3.7.RELEASE.jar;C:\Software\apache-maven-3.6.3\maven-repository\org\springframework\boot\spring-boot-autoconfigure\2.3.7.RELEASE\spring-boot-autoconfigure-2.3.7.RELEASE.jar;C:\Software\apache-maven-3.6.3\maven-repository\mysql\mysql-connector-java\8.0.18\mysql-connector-java-8.0.18.jar;C:\Software\apache-maven-3.6.3\maven-repository\jakarta\annotation\jakarta.annotation-api\1.3.5\jakarta.annotation-api-1.3.5.jar;C:\Software\apache-maven-3.6.3\maven-repository\com\github\pagehelper\pagehelper-spring-boot-starter\1.2.5\pagehelper-spring-boot-starter-1.2.5.jar;C:\Software\apache-maven-3.6.3\maven-repository\com\github\pagehelper\pagehelper-spring-boot-autoconfigure\1.2.5\pagehelper-spring-boot-autoconfigure-1.2.5.jar;C:\Software\apache-maven-3.6.3\maven-repository\com\github\pagehelper\pagehelper\5.1.4\pagehelper-5.1.4.jar;C:\Software\apache-maven-3.6.3\maven-repository\com\github\jsqlparser\jsqlparser\1.0\jsqlparser-1.0.jar;C:\Software\apache-maven-3.6.3\maven-repository\jakarta\xml\bind\jakarta.xml.bind-api\2.3.3\jakarta.xml.bind-api-2.3.3.jar;C:\Software\apache-maven-3.6.3\maven-repository\jakarta\activation\jakarta.activation-api\1.2.2\jakarta.activation-api-1.2.2.jar;C:\Software\apache-maven-3.6.3\maven-repository\org\springframework\spring-core\5.2.12.RELEASE\spring-core-5.2.12.RELEASE.jar;C:\Software\apache-maven-3.6.3\maven-repository\org\springframework\spring-jcl\5.2.12.RELEASE\spring-jcl-5.2.12.RELEASE.jar;C:\Software\apache-maven-3.6.3\maven-repository\commons-lang\commons-lang\2.6\commons-lang-2.6.jar;C:\Software\apache-maven-3.6.3\maven-repository\org\projectlombok\lombok\1.18.32\lombok-1.18.32.jar;C:\Software\apache-maven-3.6.3\maven-repository\io\kimchi\cisd-jhdf5-core\13.06.2\cisd-jhdf5-core-13.06.2.jar;C:\Software\apache-maven-3.6.3\maven-repository\io\kimchi\cisd-base\13.06.2\cisd-base-13.06.2.jar;C:\Software\apache-maven-3.6.3\maven-repository\io\jhdf\jhdf\0.6.5\jhdf-0.6.5.jar;C:\Software\apache-maven-3.6.3\maven-repository\org\slf4j\slf4j-api\1.7.30\slf4j-api-1.7.30.jar;C:\Software\apache-maven-3.6.3\maven-repository\org\apache\commons\commons-lang3\3.10\commons-lang3-3.10.jar;C:\Software\apache-maven-3.6.3\maven-repository\com\ning\compress-lzf\1.1\compress-lzf-1.1.jar
Launcher Type: SUN_STANDARD

[Global flags]
     intx CICompilerCount                          = 12                                        {product} {ergonomic}
     uint ConcGCThreads                            = 4                                         {product} {ergonomic}
     uint G1ConcRefinementThreads                  = 15                                        {product} {ergonomic}
   size_t G1HeapRegionSize                         = 8388608                                   {product} {ergonomic}
    uintx GCDrainStackTargetSize                   = 64                                        {product} {ergonomic}
   size_t InitialHeapSize                          = 4294967296                                {product} {command line}
   size_t MarkStackSize                            = 4194304                                   {product} {ergonomic}
   size_t MaxHeapSize                              = 17179869184                               {product} {command line}
   size_t MaxNewSize                               = 10301210624                               {product} {ergonomic}
   size_t MinHeapDeltaBytes                        = 8388608                                   {product} {ergonomic}
   size_t MinHeapSize                              = 4294967296                                {product} {command line}
    uintx NonNMethodCodeHeapSize                   = 7602480                                {pd product} {ergonomic}
    uintx NonProfiledCodeHeapSize                  = 122027880                              {pd product} {ergonomic}
    uintx ProfiledCodeHeapSize                     = 122027880                              {pd product} {ergonomic}
    uintx ReservedCodeCacheSize                    = 251658240                              {pd product} {ergonomic}
     bool SegmentedCodeCache                       = true                                      {product} {ergonomic}
   size_t SoftMaxHeapSize                          = 17179869184                            {manageable} {ergonomic}
     bool UseCompressedOops                        = true                           {product lp64_product} {ergonomic}
     bool UseG1GC                                  = true                                      {product} {ergonomic}
     bool UseLargePagesIndividualAllocation        = false                                  {pd product} {ergonomic}

Logging:
Log output configuration:
 #0: stdout all=warning uptime,level,tags foldmultilines=false
 #1: stderr all=off uptime,level,tags foldmultilines=false

Environment Variables:
JAVA_HOME=C:\Program Files\Java\jdk-21
PATH=C:\Program Files\Common Files\Oracle\Java\javapath;C:\WINDOWS\system32;C:\WINDOWS;C:\WINDOWS\System32\Wbem;C:\WINDOWS\System32\WindowsPowerShell\v1.0\;C:\WINDOWS\System32\OpenSSH\;C:\Software\Git\cmd;C:\Program Files\Java\jdk-21\bin;C:\Program Files\MySQL\MySQL Server 8.0\bin;C:\Program Files\HDF_Group\HDF5\1.14.5\bin\;C:\Program Files\HDF_Group\HDF5\1.14.5\lib;C:\Program Files\dotnet\;D:\software\nodejs\;C:\Software\Xftp\;D:\software\xshell8\;C:\Program Files\MySQL\MySQL Shell 8.0\bin\;C:\Users\12634\AppData\Local\Microsoft\WindowsApps;C:\Software\Anaconda\Library\bin;C:\Software\Anaconda\Library\mingw-w64\bin;C:\Software\Anaconda\Scripts;C:\Software\IntelliJ IDEA 2020.3.4\bin;;C:\Software\apache-maven-3.6.3\bin;C:\Users\12634\AppData\Local\Microsoft\WindowsApps;C:\Users\12634\AppData\Roaming\npm;D:\software\Microsoft VS Code\bin;C:\Users\12634\AppData\Roaming\Programs\Zero Install
USERNAME=12634
OS=Windows_NT
PROCESSOR_IDENTIFIER=Intel64 Family 6 Model 154 Stepping 3, GenuineIntel
TMP=C:\Users\12634\AppData\Local\Temp
TEMP=C:\Users\12634\AppData\Local\Temp




Periodic native trim disabled

---------------  S Y S T E M  ---------------

OS:
 Windows 11 , 64 bit Build 26100 (10.0.26100.8875)
OS uptime: 14 days 23:25 hours
Hyper-V role detected

CPU: total 20 (initial active 20) (10 cores per cpu, 2 threads per core) family 6 model 154 stepping 3 microcode 0x41b, cx8, cmov, fxsr, ht, mmx, 3dnowpref, sse, sse2, sse3, ssse3, sse4.1, sse4.2, popcnt, lzcnt, tsc, tscinvbit, avx, avx2, aes, erms, clmul, bmi1, bmi2, adx, sha, fma, vzeroupper, clflush, clflushopt, clwb, hv, serialize, rdtscp, rdpid, fsrm, f16c, cet_ibt, cet_ss
Processor Information for processor 0
  Max Mhz: 2500, Current Mhz: 2500, Mhz Limit: 2500
Processor Information for processor 1
  Max Mhz: 2500, Current Mhz: 2500, Mhz Limit: 2500
Processor Information for processor 2
  Max Mhz: 2500, Current Mhz: 2500, Mhz Limit: 2500
Processor Information for processor 3
  Max Mhz: 2500, Current Mhz: 2500, Mhz Limit: 2500
Processor Information for processor 4
  Max Mhz: 2500, Current Mhz: 2500, Mhz Limit: 2500
Processor Information for processor 5
  Max Mhz: 2500, Current Mhz: 2500, Mhz Limit: 2500
Processor Information for processor 6
  Max Mhz: 2500, Current Mhz: 2500, Mhz Limit: 2500
Processor Information for processor 7
  Max Mhz: 2500, Current Mhz: 2500, Mhz Limit: 2500
Processor Information for processor 8
  Max Mhz: 2500, Current Mhz: 2500, Mhz Limit: 2500
Processor Information for processor 9
  Max Mhz: 2500, Current Mhz: 2500, Mhz Limit: 2500
Processor Information for processor 10
  Max Mhz: 2500, Current Mhz: 2500, Mhz Limit: 2500
Processor Information for processor 11
  Max Mhz: 2500, Current Mhz: 2500, Mhz Limit: 2500
Processor Information for processor 12
  Max Mhz: 1800, Current Mhz: 1800, Mhz Limit: 1800
Processor Information for processor 13
  Max Mhz: 1800, Current Mhz: 1800, Mhz Limit: 1800
Processor Information for processor 14
  Max Mhz: 1800, Current Mhz: 1800, Mhz Limit: 1800
Processor Information for processor 15
  Max Mhz: 1800, Current Mhz: 1800, Mhz Limit: 1800
Processor Information for processor 16
  Max Mhz: 1800, Current Mhz: 1800, Mhz Limit: 1800
Processor Information for processor 17
  Max Mhz: 1800, Current Mhz: 1800, Mhz Limit: 1800
Processor Information for processor 18
  Max Mhz: 1800, Current Mhz: 1800, Mhz Limit: 1800
Processor Information for processor 19
  Max Mhz: 1800, Current Mhz: 1800, Mhz Limit: 1800

Memory: 4k page, system-wide physical 16108M (671M free)
TotalPageFile size 41708M (AvailPageFile size 7M)
current process WorkingSet (physical memory assigned to process): 5380M, peak: 5400M
current process commit charge ("private bytes"): 10164M, peak: 10172M

vm_info: Java HotSpot(TM) 64-Bit Server VM (21.0.5+9-LTS-239) for windows-amd64 JRE (21.0.5+9-LTS-239), built on 2024-09-30T05:17:38Z by "mach5one" with MS VC++ 17.6 (VS2022)

END.
